Event Index,UTC Timestamp,UTC Date and Time,Local Timestamp,Local Timezone,Local Date and Time,Experiment ID,Experiment Version,Tree Node Key,Repeat Key,Schedule ID,Participant Public ID,Participant Private ID,Participant Starting Group,Participant Status,Participant Completion Code,Participant External Session ID,Participant Device Type,Participant Device,Participant OS,Participant Browser,Participant Monitor Size,Participant Viewport Size,Checkpoint,Room ID,Room Order,Task Name,Task Version,randomiser-9dvt,branch-ovqe,consent Response,consent Quantised,1A0B0_1 Response,1A0B0_1 Quantised,1A0B0_2 Response,1A0B0_2 Quantised,2A0B0_1 Response,2A0B0_1 Quantised,2A0B0_2 Response,2A0B0_2 Quantised,3A0B0_1 Response,3A0B0_1 Quantised,3A0B0_2 Response,3A0B0_2 Quantised,4A0B0_1 Response,4A0B0_1 Quantised,4A0B0_2 Response,4A0B0_2 Quantised,5A0B0_1 Response,5A0B0_1 Quantised,5A0B0_2 Response,5A0B0_2 Quantised,6A0B0_1 Response,6A0B0_1 Quantised,6A0B0_2 Response,6A0B0_2 Quantised,7A0B0_1 Response,7A0B0_1 Quantised,7A0B0_2 Response,7A0B0_2 Quantised,8A0B0_1 Response,8A0B0_1 Quantised,8A0B0_2 Response,8A0B0_2 Quantised,9A0B0_1 Response,9A0B0_1 Quantised,9A0B0_2 Response,9A0B0_2 Quantised,10A0B0_1 Response,10A0B0_1 Quantised,10A0B0_2 Response,10A0B0_2 Quantised,11A0B0_1 Response,11A0B0_1 Quantised,11A0B0_2 Response,11A0B0_2 Quantised,12A0B0_1 Response,12A0B0_1 Quantised,12A0B0_2 Response,12A0B0_2 Quantised,13A0B0_1 Response,13A0B0_1 Quantised,13A0B0_2 Response,13A0B0_2 Quantised,14A0B0_1 Response,14A0B0_1 Quantised,14A0B0_2 Response,14A0B0_2 Quantised,15A0B0_1 Response,15A0B0_1 Quantised,15A0B0_2 Response,15A0B0_2 Quantised,Page,Page ID,Page Counter,Question,Response Type,Key,Response,Context,Tag,OptionOrder,Object Name,Object Number,Object ID,controllack Response,controllack Quantised,controlwith Response,controlwith Quantised,sex Response,sex Quantised,age Value,edu Response,edu Quantised,polish Response,polish Quantised,logic Response,logic Quantised,1A0B0_1 Response,1A0B0_1 Quantised,1A0B0_2 Response,1A0B0_2 Quantised,2A0B0_1 Response,2A0B0_1 Quantised,2A0B0_2 Response,2A0B0_2 Quantised,3A0B0_1 Response,3A0B0_1 Quantised,3A0B0_2 Response,3A0B0_2 Quantised,4A0B0_1 Response,4A0B0_1 Quantised,4A0B0_2 Response,4A0B0_2 Quantised,5A0B0_1 Response,5A0B0_1 Quantised,5A0B0_2 Response,5A0B0_2 Quantised,6A0B0_1 Response,6A0B0_1 Quantised,6A0B0_2 Response,6A0B0_2 Quantised,7A0B0_1 Response,7A0B0_1 Quantised,7A0B0_2 Response,7A0B0_2 Quantised,8A0B0_1 Response,8A0B0_1 Quantised,8A0B0_2 Response,8A0B0_2 Quantised,9A0B0_1 Response,9A0B0_1 Quantised,9A0B0_2 Response,9A0B0_2 Quantised,10A0B0_1 Response,10A0B0_1 Quantised,10A0B0_2 Response,10A0B0_2 Quantised,11A0B0_1 Response,11A0B0_1 Quantised,11A0B0_2 Response,11A0B0_2 Quantised,12A0B0_1 Response,12A0B0_1 Quantised,12A0B0_2 Response,12A0B0_2 Quantised,13A0B0_1 Response,13A0B0_1 Quantised,13A0B0_2 Response,13A0B0_2 Quantised,14A0B0_1 Response,14A0B0_1 Quantised,14A0B0_2 Response,14A0B0_2 Quantised,15A0B0_1 Response,15A0B0_1 Quantised,15A0B0_2 Response,15A0B0_2 Quantised,1A0B0_1 Response,1A0B0_1 Quantised,1A0B0_2 Response,1A0B0_2 Quantised,2A0B0_1 Response,2A0B0_1 Quantised,2A0B0_2 Response,2A0B0_2 Quantised,3A0B0_1 Response,3A0B0_1 Quantised,3A0B0_2 Response,3A0B0_2 Quantised,4A0B0_1 Response,4A0B0_1 Quantised,4A0B0_2 Response,4A0B0_2 Quantised,5A0B0_1 Response,5A0B0_1 Quantised,5A0B0_2 Response,5A0B0_2 Quantised,6A0B0_1 Response,6A0B0_1 Quantised,6A0B0_2 Response,6A0B0_2 Quantised,7A0B0_1 Response,7A0B0_1 Quantised,7A0B0_2 Response,7A0B0_2 Quantised,8A0B0_1 Response,8A0B0_1 Quantised,8A0B0_2 Response,8A0B0_2 Quantised,9A0B0_1 Response,9A0B0_1 Quantised,9A0B0_2 Response,9A0B0_2 Quantised,10A0B0_1 Response,10A0B0_1 Quantised,10A0B0_2 Response,10A0B0_2 Quantised,11A0B0_1 Response,11A0B0_1 Quantised,11A0B0_2 Response,11A0B0_2 Quantised,12A0B0_1 Response,12A0B0_1 Quantised,12A0B0_2 Response,12A0B0_2 Quantised,13A0B0_1 Response,13A0B0_1 Quantised,13A0B0_2 Response,13A0B0_2 Quantised,14A0B0_1 Response,14A0B0_1 Quantised,14A0B0_2 Response,14A0B0_2 Quantised,15A0B0_1 Response,15A0B0_1 Quantised,15A0B0_2 Response,15A0B0_2 Quantised,1A0B0_1 Response,1A0B0_1 Quantised,1A0B0_2 Response,1A0B0_2 Quantised,2A0B0_1 Response,2A0B0_1 Quantised,2A0B0_2 Response,2A0B0_2 Quantised,3A0B0_1 Response,3A0B0_1 Quantised,3A0B0_2 Response,3A0B0_2 Quantised,4A0B0_1 Response,4A0B0_1 Quantised,4A0B0_2 Response,4A0B0_2 Quantised,5A0B0_1 Response,5A0B0_1 Quantised,5A0B0_2 Response,5A0B0_2 Quantised,6A0B0_1 Response,6A0B0_1 Quantised,6A0B0_2 Response,6A0B0_2 Quantised,7A0B0_1 Response,7A0B0_1 Quantised,7A0B0_2 Response,7A0B0_2 Quantised,8A0B0_1 Response,8A0B0_1 Quantised,8A0B0_2 Response,8A0B0_2 Quantised,9A0B0_1 Response,9A0B0_1 Quantised,9A0B0_2 Response,9A0B0_2 Quantised,10A0B0_1 Response,10A0B0_1 Quantised,10A0B0_2 Response,10A0B0_2 Quantised,11A0B0_1 Response,11A0B0_1 Quantised,11A0B0_2 Response,11A0B0_2 Quantised,12A0B0_1 Response,12A0B0_1 Quantised,12A0B0_2 Response,12A0B0_2 Quantised,13A0B0_1 Response,13A0B0_1 Quantised,13A0B0_2 Response,13A0B0_2 Quantised,14A0B0_1 Response,14A0B0_1 Quantised,14A0B0_2 Response,14A0B0_2 Quantised,15A0B0_1 Response,15A0B0_1 Quantised,15A0B0_2 Response,15A0B0_2 Quantised
,,,,,,,,,,,,,,,,,,,,,,,,,,,,,,**Czy masz ukończone 18 lat i wyrażasz zgodę na udział w badaniu?**,**Czy masz ukończone 18 lat i wyrażasz zgodę na udział w badaniu?**,"**W jakim stopniu uznajesz to zdanie za sensowne?**

Zaznacz swoją odpowiedź na skali:","**W jakim stopniu uznajesz to zdanie za sensowne?**

Zaznacz swoją odpowiedź na skali:","**W jakim stopniu uznajesz to zdanie za naturalne?**

Zaznacz swoją odpowiedź na skali:","**W jakim stopniu uznajesz to zdanie za naturalne?**

Zaznacz swoją odpowiedź na skali:","**W jakim stopniu uznajesz to zdanie za sensowne?**

Zaznacz swoją odpowiedź na skali:","**W jakim stopniu uznajesz to zdanie za sensowne?**

Zaznacz swoją odpowiedź na skali:","**W jakim stopniu uznajesz to zdanie za naturalne?**

Zaznacz swoją odpowiedź na skali:","**W jakim stopniu uznajesz to zdanie za naturalne?**

Zaznacz swoją odpowiedź na skali:","**W jakim stopniu uznajesz to zdanie za sensowne?**

Zaznacz swoją odpowiedź na skali:","**W jakim stopniu uznajesz to zdanie za sensowne?**

Zaznacz swoją odpowiedź na skali:","**W jakim stopniu uznajesz to zdanie za naturalne?**

Zaznacz swoją odpowiedź na skali:","**W jakim stopniu uznajesz to zdanie za naturalne?**

Zaznacz swoją odpowiedź na skali:","**W jakim stopniu uznajesz to zdanie za sensowne?**

Zaznacz swoją odpowiedź na skali:","**W jakim stopniu uznajesz to zdanie za sensowne?**

Zaznacz swoją odpowiedź na skali:","**W jakim stopniu uznajesz to zdanie za naturalne?**

Zaznacz swoją odpowiedź na skali:","**W jakim stopniu uznajesz to zdanie za naturalne?**

Zaznacz swoją odpowiedź na skali:","**W jakim stopniu uznajesz to zdanie za sensowne?**

Zaznacz swoją odpowiedź na skali:","**W jakim stopniu uznajesz to zdanie za sensowne?**

Zaznacz swoją odpowiedź na skali:","**W jakim stopniu uznajesz to zdanie za naturalne?**

Zaznacz swoją odpowiedź na skali:","**W jakim stopniu uznajesz to zdanie za naturalne?**

Zaznacz swoją odpowiedź na skali:","**W jakim stopniu uznajesz to zdanie za sensowne?**

Zaznacz swoją odpowiedź na skali:","**W jakim stopniu uznajesz to zdanie za sensowne?**

Zaznacz swoją odpowiedź na skali:","**W jakim stopniu uznajesz to zdanie za naturalne?**

Zaznacz swoją odpowiedź na skali:","**W jakim stopniu uznajesz to zdanie za naturalne?**

Zaznacz swoją odpowiedź na skali:","**W jakim stopniu uznajesz to zdanie za sensowne?**

Zaznacz swoją odpowiedź na skali:","**W jakim stopniu uznajesz to zdanie za sensowne?**

Zaznacz swoją odpowiedź na skali:","**W jakim stopniu uznajesz to zdanie za naturalne?**

Zaznacz swoją odpowiedź na skali:","**W jakim stopniu uznajesz to zdanie za naturalne?**

Zaznacz swoją odpowiedź na skali:","**W jakim stopniu uznajesz to zdanie za sensowne?**

Zaznacz swoją odpowiedź na skali:","**W jakim stopniu uznajesz to zdanie za sensowne?**

Zaznacz swoją odpowiedź na skali:","**W jakim stopniu uznajesz to zdanie za naturalne?**

Zaznacz swoją odpowiedź na skali:","**W jakim stopniu uznajesz to zdanie za naturalne?**

Zaznacz swoją odpowiedź na skali:","**W jakim stopniu uznajesz to zdanie za sensowne?**

Zaznacz swoją odpowiedź na skali:","**W jakim stopniu uznajesz to zdanie za sensowne?**

Zaznacz swoją odpowiedź na skali:","**W jakim stopniu uznajesz to zdanie za naturalne?**

Zaznacz swoją odpowiedź na skali:","**W jakim stopniu uznajesz to zdanie za naturalne?**

Zaznacz swoją odpowiedź na skali:","**W jakim stopniu uznajesz to zdanie za sensowne?**

Zaznacz swoją odpowiedź na skali:","**W jakim stopniu uznajesz to zdanie za sensowne?**

Zaznacz swoją odpowiedź na skali:","**W jakim stopniu uznajesz to zdanie za naturalne?**

Zaznacz swoją odpowiedź na skali:","**W jakim stopniu uznajesz to zdanie za naturalne?**

Zaznacz swoją odpowiedź na skali:","**W jakim stopniu uznajesz to zdanie za sensowne?**

Zaznacz swoją odpowiedź na skali:","**W jakim stopniu uznajesz to zdanie za sensowne?**

Zaznacz swoją odpowiedź na skali:","**W jakim stopniu uznajesz to zdanie za naturalne?**

Zaznacz swoją odpowiedź na skali:","**W jakim stopniu uznajesz to zdanie za naturalne?**

Zaznacz swoją odpowiedź na skali:","**W jakim stopniu uznajesz to zdanie za sensowne?**

Zaznacz swoją odpowiedź na skali:","**W jakim stopniu uznajesz to zdanie za sensowne?**

Zaznacz swoją odpowiedź na skali:","**W jakim stopniu uznajesz to zdanie za naturalne?**

Zaznacz swoją odpowiedź na skali:","**W jakim stopniu uznajesz to zdanie za naturalne?**

Zaznacz swoją odpowiedź na skali:","**W jakim stopniu uznajesz to zdanie za sensowne?**

Zaznacz swoją odpowiedź na skali:","**W jakim stopniu uznajesz to zdanie za sensowne?**

Zaznacz swoją odpowiedź na skali:","**W jakim stopniu uznajesz to zdanie za naturalne?**

Zaznacz swoją odpowiedź na skali:","**W jakim stopniu uznajesz to zdanie za naturalne?**

Zaznacz swoją odpowiedź na skali:","**W jakim stopniu uznajesz to zdanie za sensowne?**

Zaznacz swoją odpowiedź na skali:","**W jakim stopniu uznajesz to zdanie za sensowne?**

Zaznacz swoją odpowiedź na skali:","**W jakim stopniu uznajesz to zdanie za naturalne?**

Zaznacz swoją odpowiedź na skali:","**W jakim stopniu uznajesz to zdanie za naturalne?**

Zaznacz swoją odpowiedź na skali:","**W jakim stopniu uznajesz to zdanie za sensowne?**

Zaznacz swoją odpowiedź na skali:","**W jakim stopniu uznajesz to zdanie za sensowne?**

Zaznacz swoją odpowiedź na skali:","**W jakim stopniu uznajesz to zdanie za naturalne?**

Zaznacz swoją odpowiedź na skali:","**W jakim stopniu uznajesz to zdanie za naturalne?**

Zaznacz swoją odpowiedź na skali:",,,,,,,,,,,,,,**Czy któreś ze zdań do oceny zawierało wyrażenie „w konsekwencji”?**,**Czy któreś ze zdań do oceny zawierało wyrażenie „w konsekwencji”?**,**Czy wszystkie zdania do oceny zawierały wyrażenie „w konsekwencji”?**,**Czy wszystkie zdania do oceny zawierały wyrażenie „w konsekwencji”?**,**Zaznacz swoją płeć:**,**Zaznacz swoją płeć:**,**Podaj swój wiek w pełnych liczbach:**,**Jaki jest Twój poziom wykształcenia?**,**Jaki jest Twój poziom wykształcenia?**,**Jak oceniasz swoją znajomość języka polskiego?**,**Jak oceniasz swoją znajomość języka polskiego?**,**Jakie jest Twoje doświadczenie z logiką?**,**Jakie jest Twoje doświadczenie z logiką?**,"**W jakim stopniu uznajesz to zdanie za sensowne?**

Zaznacz swoją odpowiedź na skali:","**W jakim stopniu uznajesz to zdanie za sensowne?**

Zaznacz swoją odpowiedź na skali:","**W jakim stopniu uznajesz to zdanie za naturalne?**

Zaznacz swoją odpowiedź na skali:","**W jakim stopniu uznajesz to zdanie za naturalne?**

Zaznacz swoją odpowiedź na skali:","**W jakim stopniu uznajesz to zdanie za sensowne?**

Zaznacz swoją odpowiedź na skali:","**W jakim stopniu uznajesz to zdanie za sensowne?**

Zaznacz swoją odpowiedź na skali:","**W jakim stopniu uznajesz to zdanie za naturalne?**

Zaznacz swoją odpowiedź na skali:","**W jakim stopniu uznajesz to zdanie za naturalne?**

Zaznacz swoją odpowiedź na skali:","**W jakim stopniu uznajesz to zdanie za sensowne?**

Zaznacz swoją odpowiedź na skali:","**W jakim stopniu uznajesz to zdanie za sensowne?**

Zaznacz swoją odpowiedź na skali:","**W jakim stopniu uznajesz to zdanie za naturalne?**

Zaznacz swoją odpowiedź na skali:","**W jakim stopniu uznajesz to zdanie za naturalne?**

Zaznacz swoją odpowiedź na skali:","**W jakim stopniu uznajesz to zdanie za sensowne?**

Zaznacz swoją odpowiedź na skali:","**W jakim stopniu uznajesz to zdanie za sensowne?**

Zaznacz swoją odpowiedź na skali:","**W jakim stopniu uznajesz to zdanie za naturalne?**

Zaznacz swoją odpowiedź na skali:","**W jakim stopniu uznajesz to zdanie za naturalne?**

Zaznacz swoją odpowiedź na skali:","**W jakim stopniu uznajesz to zdanie za sensowne?**

Zaznacz swoją odpowiedź na skali:","**W jakim stopniu uznajesz to zdanie za sensowne?**

Zaznacz swoją odpowiedź na skali:","**W jakim stopniu uznajesz to zdanie za naturalne?**

Zaznacz swoją odpowiedź na skali:","**W jakim stopniu uznajesz to zdanie za naturalne?**

Zaznacz swoją odpowiedź na skali:","**W jakim stopniu uznajesz to zdanie za sensowne?**

Zaznacz swoją odpowiedź na skali:","**W jakim stopniu uznajesz to zdanie za sensowne?**

Zaznacz swoją odpowiedź na skali:","**W jakim stopniu uznajesz to zdanie za naturalne?**

Zaznacz swoją odpowiedź na skali:","**W jakim stopniu uznajesz to zdanie za naturalne?**

Zaznacz swoją odpowiedź na skali:","**W jakim stopniu uznajesz to zdanie za sensowne?**

Zaznacz swoją odpowiedź na skali:","**W jakim stopniu uznajesz to zdanie za sensowne?**

Zaznacz swoją odpowiedź na skali:","**W jakim stopniu uznajesz to zdanie za naturalne?**

Zaznacz swoją odpowiedź na skali:","**W jakim stopniu uznajesz to zdanie za naturalne?**

Zaznacz swoją odpowiedź na skali:","**W jakim stopniu uznajesz to zdanie za sensowne?**

Zaznacz swoją odpowiedź na skali:","**W jakim stopniu uznajesz to zdanie za sensowne?**

Zaznacz swoją odpowiedź na skali:","**W jakim stopniu uznajesz to zdanie za naturalne?**

Zaznacz swoją odpowiedź na skali:","**W jakim stopniu uznajesz to zdanie za naturalne?**

Zaznacz swoją odpowiedź na skali:","**W jakim stopniu uznajesz to zdanie za sensowne?**

Zaznacz swoją odpowiedź na skali:","**W jakim stopniu uznajesz to zdanie za sensowne?**

Zaznacz swoją odpowiedź na skali:","**W jakim stopniu uznajesz to zdanie za naturalne?**

Zaznacz swoją odpowiedź na skali:","**W jakim stopniu uznajesz to zdanie za naturalne?**

Zaznacz swoją odpowiedź na skali:","**W jakim stopniu uznajesz to zdanie za sensowne?**

Zaznacz swoją odpowiedź na skali:","**W jakim stopniu uznajesz to zdanie za sensowne?**

Zaznacz swoją odpowiedź na skali:","**W jakim stopniu uznajesz to zdanie za naturalne?**

Zaznacz swoją odpowiedź na skali:","**W jakim stopniu uznajesz to zdanie za naturalne?**

Zaznacz swoją odpowiedź na skali:","**W jakim stopniu uznajesz to zdanie za sensowne?**

Zaznacz swoją odpowiedź na skali:","**W jakim stopniu uznajesz to zdanie za sensowne?**

Zaznacz swoją odpowiedź na skali:","**W jakim stopniu uznajesz to zdanie za naturalne?**

Zaznacz swoją odpowiedź na skali:","**W jakim stopniu uznajesz to zdanie za naturalne?**

Zaznacz swoją odpowiedź na skali:","**W jakim stopniu uznajesz to zdanie za sensowne?**

Zaznacz swoją odpowiedź na skali:","**W jakim stopniu uznajesz to zdanie za sensowne?**

Zaznacz swoją odpowiedź na skali:","**W jakim stopniu uznajesz to zdanie za naturalne?**

Zaznacz swoją odpowiedź na skali:","**W jakim stopniu uznajesz to zdanie za naturalne?**

Zaznacz swoją odpowiedź na skali:","**W jakim stopniu uznajesz to zdanie za sensowne?**

Zaznacz swoją odpowiedź na skali:","**W jakim stopniu uznajesz to zdanie za sensowne?**

Zaznacz swoją odpowiedź na skali:","**W jakim stopniu uznajesz to zdanie za naturalne?**

Zaznacz swoją odpowiedź na skali:","**W jakim stopniu uznajesz to zdanie za naturalne?**

Zaznacz swoją odpowiedź na skali:","**W jakim stopniu uznajesz to zdanie za sensowne?**

Zaznacz swoją odpowiedź na skali:","**W jakim stopniu uznajesz to zdanie za sensowne?**

Zaznacz swoją odpowiedź na skali:","**W jakim stopniu uznajesz to zdanie za naturalne?**

Zaznacz swoją odpowiedź na skali:","**W jakim stopniu uznajesz to zdanie za naturalne?**

Zaznacz swoją odpowiedź na skali:","**W jakim stopniu uznajesz to zdanie za sensowne?**

Zaznacz swoją odpowiedź na skali:","**W jakim stopniu uznajesz to zdanie za sensowne?**

Zaznacz swoją odpowiedź na skali:","**W jakim stopniu uznajesz to zdanie za naturalne?**

Zaznacz swoją odpowiedź na skali:","**W jakim stopniu uznajesz to zdanie za naturalne?**

Zaznacz swoją odpowiedź na skali:","**W jakim stopniu uznajesz to zdanie za sensowne?**

Zaznacz swoją odpowiedź na skali:","**W jakim stopniu uznajesz to zdanie za sensowne?**

Zaznacz swoją odpowiedź na skali:","**W jakim stopniu uznajesz to zdanie za naturalne?**

Zaznacz swoją odpowiedź na skali:","**W jakim stopniu uznajesz to zdanie za naturalne?**

Zaznacz swoją odpowiedź na skali:","**W jakim stopniu uznajesz to zdanie za sensowne?**

Zaznacz swoją odpowiedź na skali:","**W jakim stopniu uznajesz to zdanie za sensowne?**

Zaznacz swoją odpowiedź na skali:","**W jakim stopniu uznajesz to zdanie za naturalne?**

Zaznacz swoją odpowiedź na skali:","**W jakim stopniu uznajesz to zdanie za naturalne?**

Zaznacz swoją odpowiedź na skali:","**W jakim stopniu uznajesz to zdanie za sensowne?**

Zaznacz swoją odpowiedź na skali:","**W jakim stopniu uznajesz to zdanie za sensowne?**

Zaznacz swoją odpowiedź na skali:","**W jakim stopniu uznajesz to zdanie za naturalne?**

Zaznacz swoją odpowiedź na skali:","**W jakim stopniu uznajesz to zdanie za naturalne?**

Zaznacz swoją odpowiedź na skali:","**W jakim stopniu uznajesz to zdanie za sensowne?**

Zaznacz swoją odpowiedź na skali:","**W jakim stopniu uznajesz to zdanie za sensowne?**

Zaznacz swoją odpowiedź na skali:","**W jakim stopniu uznajesz to zdanie za naturalne?**

Zaznacz swoją odpowiedź na skali:","**W jakim stopniu uznajesz to zdanie za naturalne?**

Zaznacz swoją odpowiedź na skali:","**W jakim stopniu uznajesz to zdanie za sensowne?**

Zaznacz swoją odpowiedź na skali:","**W jakim stopniu uznajesz to zdanie za sensowne?**

Zaznacz swoją odpowiedź na skali:","**W jakim stopniu uznajesz to zdanie za naturalne?**

Zaznacz swoją odpowiedź na skali:","**W jakim stopniu uznajesz to zdanie za naturalne?**

Zaznacz swoją odpowiedź na skali:","**W jakim stopniu uznajesz to zdanie za sensowne?**

Zaznacz swoją odpowiedź na skali:","**W jakim stopniu uznajesz to zdanie za sensowne?**

Zaznacz swoją odpowiedź na skali:","**W jakim stopniu uznajesz to zdanie za naturalne?**

Zaznacz swoją odpowiedź na skali:","**W jakim stopniu uznajesz to zdanie za naturalne?**

Zaznacz swoją odpowiedź na skali:","**W jakim stopniu uznajesz to zdanie za sensowne?**

Zaznacz swoją odpowiedź na skali:","**W jakim stopniu uznajesz to zdanie za sensowne?**

Zaznacz swoją odpowiedź na skali:","**W jakim stopniu uznajesz to zdanie za naturalne?**

Zaznacz swoją odpowiedź na skali:","**W jakim stopniu uznajesz to zdanie za naturalne?**

Zaznacz swoją odpowiedź na skali:","**W jakim stopniu uznajesz to zdanie za sensowne?**

Zaznacz swoją odpowiedź na skali:","**W jakim stopniu uznajesz to zdanie za sensowne?**

Zaznacz swoją odpowiedź na skali:","**W jakim stopniu uznajesz to zdanie za naturalne?**

Zaznacz swoją odpowiedź na skali:","**W jakim stopniu uznajesz to zdanie za naturalne?**

Zaznacz swoją odpowiedź na skali:","**W jakim stopniu uznajesz to zdanie za sensowne?**

Zaznacz swoją odpowiedź na skali:","**W jakim stopniu uznajesz to zdanie za sensowne?**

Zaznacz swoją odpowiedź na skali:","**W jakim stopniu uznajesz to zdanie za naturalne?**

Zaznacz swoją odpowiedź na skali:","**W jakim stopniu uznajesz to zdanie za naturalne?**

Zaznacz swoją odpowiedź na skali:","**W jakim stopniu uznajesz to zdanie za sensowne?**

Zaznacz swoją odpowiedź na skali:","**W jakim stopniu uznajesz to zdanie za sensowne?**

Zaznacz swoją odpowiedź na skali:","**W jakim stopniu uznajesz to zdanie za naturalne?**

Zaznacz swoją odpowiedź na skali:","**W jakim stopniu uznajesz to zdanie za naturalne?**

Zaznacz swoją odpowiedź na skali:","**W jakim stopniu uznajesz to zdanie za sensowne?**

Zaznacz swoją odpowiedź na skali:","**W jakim stopniu uznajesz to zdanie za sensowne?**

Zaznacz swoją odpowiedź na skali:","**W jakim stopniu uznajesz to zdanie za naturalne?**

Zaznacz swoją odpowiedź na skali:","**W jakim stopniu uznajesz to zdanie za naturalne?**

Zaznacz swoją odpowiedź na skali:","**W jakim stopniu uznajesz to zdanie za sensowne?**

Zaznacz swoją odpowiedź na skali:","**W jakim stopniu uznajesz to zdanie za sensowne?**

Zaznacz swoją odpowiedź na skali:","**W jakim stopniu uznajesz to zdanie za naturalne?**

Zaznacz swoją odpowiedź na skali:","**W jakim stopniu uznajesz to zdanie za naturalne?**

Zaznacz swoją odpowiedź na skali:","**W jakim stopniu uznajesz to zdanie za sensowne?**

Zaznacz swoją odpowiedź na skali:","**W jakim stopniu uznajesz to zdanie za sensowne?**

Zaznacz swoją odpowiedź na skali:","**W jakim stopniu uznajesz to zdanie za naturalne?**

Zaznacz swoją odpowiedź na skali:","**W jakim stopniu uznajesz to zdanie za naturalne?**

Zaznacz swoją odpowiedź na skali:","**W jakim stopniu uznajesz to zdanie za sensowne?**

Zaznacz swoją odpowiedź na skali:","**W jakim stopniu uznajesz to zdanie za sensowne?**

Zaznacz swoją odpowiedź na skali:","**W jakim stopniu uznajesz to zdanie za naturalne?**

Zaznacz swoją odpowiedź na skali:","**W jakim stopniu uznajesz to zdanie za naturalne?**

Zaznacz swoją odpowiedź na skali:","**W jakim stopniu uznajesz to zdanie za sensowne?**

Zaznacz swoją odpowiedź na skali:","**W jakim stopniu uznajesz to zdanie za sensowne?**

Zaznacz swoją odpowiedź na skali:","**W jakim stopniu uznajesz to zdanie za naturalne?**

Zaznacz swoją odpowiedź na skali:","**W jakim stopniu uznajesz to zdanie za naturalne?**

Zaznacz swoją odpowiedź na skali:","**W jakim stopniu uznajesz to zdanie za sensowne?**

Zaznacz swoją odpowiedź na skali:","**W jakim stopniu uznajesz to zdanie za sensowne?**

Zaznacz swoją odpowiedź na skali:","**W jakim stopniu uznajesz to zdanie za naturalne?**

Zaznacz swoją odpowiedź na skali:","**W jakim stopniu uznajesz to zdanie za naturalne?**

Zaznacz swoją odpowiedź na skali:","**W jakim stopniu uznajesz to zdanie za sensowne?**

Zaznacz swoją odpowiedź na skali:","**W jakim stopniu uznajesz to zdanie za sensowne?**

Zaznacz swoją odpowiedź na skali:","**W jakim stopniu uznajesz to zdanie za naturalne?**

Zaznacz swoją odpowiedź na skali:","**W jakim stopniu uznajesz to zdanie za naturalne?**

Zaznacz swoją odpowiedź na skali:","**W jakim stopniu uznajesz to zdanie za sensowne?**

Zaznacz swoją odpowiedź na skali:","**W jakim stopniu uznajesz to zdanie za sensowne?**

Zaznacz swoją odpowiedź na skali:","**W jakim stopniu uznajesz to zdanie za naturalne?**

Zaznacz swoją odpowiedź na skali:","**W jakim stopniu uznajesz to zdanie za naturalne?**

Zaznacz swoją odpowiedź na skali:","**W jakim stopniu uznajesz to zdanie za sensowne?**

Zaznacz swoją odpowiedź na skali:","**W jakim stopniu uznajesz to zdanie za sensowne?**

Zaznacz swoją odpowiedź na skali:","**W jakim stopniu uznajesz to zdanie za naturalne?**

Zaznacz swoją odpowiedź na skali:","**W jakim stopniu uznajesz to zdanie za naturalne?**

Zaznacz swoją odpowiedź na skali:","**W jakim stopniu uznajesz to zdanie za sensowne?**

Zaznacz swoją odpowiedź na skali:","**W jakim stopniu uznajesz to zdanie za sensowne?**

Zaznacz swoją odpowiedź na skali:","**W jakim stopniu uznajesz to zdanie za naturalne?**

Zaznacz swoją odpowiedź na skali:","**W jakim stopniu uznajesz to zdanie za naturalne?**

Zaznacz swoją odpowiedź na skali:","**W jakim stopniu uznajesz to zdanie za sensowne?**

Zaznacz swoją odpowiedź na skali:","**W jakim stopniu uznajesz to zdanie za sensowne?**

Zaznacz swoją odpowiedź na skali:","**W jakim stopniu uznajesz to zdanie za naturalne?**

Zaznacz swoją odpowiedź na skali:","**W jakim stopniu uznajesz to zdanie za naturalne?**

Zaznacz swoją odpowiedź na skali:","**W jakim stopniu uznajesz to zdanie za sensowne?**

Zaznacz swoją odpowiedź na skali:","**W jakim stopniu uznajesz to zdanie za sensowne?**

Zaznacz swoją odpowiedź na skali:","**W jakim stopniu uznajesz to zdanie za naturalne?**

Zaznacz swoją odpowiedź na skali:","**W jakim stopniu uznajesz to zdanie za naturalne?**

Zaznacz swoją odpowiedź na skali:","**W jakim stopniu uznajesz to zdanie za sensowne?**

Zaznacz swoją odpowiedź na skali:","**W jakim stopniu uznajesz to zdanie za sensowne?**

Zaznacz swoją odpowiedź na skali:","**W jakim stopniu uznajesz to zdanie za naturalne?**

Zaznacz swoją odpowiedź na skali:","**W jakim stopniu uznajesz to zdanie za naturalne?**

Zaznacz swoją odpowiedź na skali:","**W jakim stopniu uznajesz to zdanie za sensowne?**

Zaznacz swoją odpowiedź na skali:","**W jakim stopniu uznajesz to zdanie za sensowne?**

Zaznacz swoją odpowiedź na skali:","**W jakim stopniu uznajesz to zdanie za naturalne?**

Zaznacz swoją odpowiedź na skali:","**W jakim stopniu uznajesz to zdanie za naturalne?**

Zaznacz swoją odpowiedź na skali:","**W jakim stopniu uznajesz to zdanie za sensowne?**

Zaznacz swoją odpowiedź na skali:","**W jakim stopniu uznajesz to zdanie za sensowne?**

Zaznacz swoją odpowiedź na skali:","**W jakim stopniu uznajesz to zdanie za naturalne?**

Zaznacz swoją odpowiedź na skali:","**W jakim stopniu uznajesz to zdanie za naturalne?**

Zaznacz swoją odpowiedź na skali:","**W jakim stopniu uznajesz to zdanie za sensowne?**

Zaznacz swoją odpowiedź na skali:","**W jakim stopniu uznajesz to zdanie za sensowne?**

Zaznacz swoją odpowiedź na skali:","**W jakim stopniu uznajesz to zdanie za naturalne?**

Zaznacz swoją odpowiedź na skali:","**W jakim stopniu uznajesz to zdanie za naturalne?**

Zaznacz swoją odpowiedź na skali:","**W jakim stopniu uznajesz to zdanie za sensowne?**

Zaznacz swoją odpowiedź na skali:","**W jakim stopniu uznajesz to zdanie za sensowne?**

Zaznacz swoją odpowiedź na skali:","**W jakim stopniu uznajesz to zdanie za naturalne?**

Zaznacz swoją odpowiedź na skali:","**W jakim stopniu uznajesz to zdanie za naturalne?**

Zaznacz swoją odpowiedź na skali:","**W jakim stopniu uznajesz to zdanie za sensowne?**

Zaznacz swoją odpowiedź na skali:","**W jakim stopniu uznajesz to zdanie za sensowne?**

Zaznacz swoją odpowiedź na skali:","**W jakim stopniu uznajesz to zdanie za naturalne?**

Zaznacz swoją odpowiedź na skali:","**W jakim stopniu uznajesz to zdanie za naturalne?**

Zaznacz swoją odpowiedź na skali:","**W jakim stopniu uznajesz to zdanie za sensowne?**

Zaznacz swoją odpowiedź na skali:","**W jakim stopniu uznajesz to zdanie za sensowne?**

Zaznacz swoją odpowiedź na skali:","**W jakim stopniu uznajesz to zdanie za naturalne?**

Zaznacz swoją odpowiedź na skali:","**W jakim stopniu uznajesz to zdanie za naturalne?**

Zaznacz swoją odpowiedź na skali:","**W jakim stopniu uznajesz to zdanie za sensowne?**

Zaznacz swoją odpowiedź na skali:","**W jakim stopniu uznajesz to zdanie za sensowne?**

Zaznacz swoją odpowiedź na skali:","**W jakim stopniu uznajesz to zdanie za naturalne?**

Zaznacz swoją odpowiedź na skali:","**W jakim stopniu uznajesz to zdanie za naturalne?**

Zaznacz swoją odpowiedź na skali:"
1,1784125417776,15/07/2026 14:23:37,1784125417776,2,15/07/2026 16:23:37,273725,7,questionnaire-2hmd,,57224258,BLINDED,16357977,,complete,,,mobile,Apple iPhone,iOS 18.6.2,Mobile Safari 18.6,390x844,390x664,,,0,Kwestionariusz poczatkowy,11,AndWith,continue,TAK,1,,,,,,,,,,,,,,,,,,,,,,,,,,,,,,,,,,,,,,,,,,,,,,,,,,,,,,,,,,,,,,,,,info,,BEGIN,,,,,,,,,,,,,,,,,,,,,,,,,,,,,,,,,,,,,,,,,,,,,,,,,,,,,,,,,,,,,,,,,,,,,,,,,,,,,,,,,,,,,,,,,,,,,,,,,,,,,,,,,,,,,,,,,,,,,,,,,,,,,,,,,,,,,,,,,,,,,,,,,,,,,,,,,,,,,,,,,,,,,,,,,,,,,,,,,,,,,,,,,,,,,,,,,,,,,,,
1,1784125439783,15/07/2026 14:23:59,1784125439783,2,15/07/2026 16:23:59,273725,7,questionnaire-u8vu,,57224271,BLINDED,16357977,,complete,,,mobile,Apple iPhone,iOS 18.6.2,Mobile Safari 18.6,390x844,390x664,,,0,Informacja do badania,4,AndWith,continue,,,,,,,,,,,,,,,,,,,,,,,,,,,,,,,,,,,,,,,,,,,,,,,,,,,,,,,,,,,,,,,,,,,info,,BEGIN,,,,,,,,,,,,,,,,,,,,,,,,,,,,,,,,,,,,,,,,,,,,,,,,,,,,,,,,,,,,,,,,,,,,,,,,,,,,,,,,,,,,,,,,,,,,,,,,,,,,,,,,,,,,,,,,,,,,,,,,,,,,,,,,,,,,,,,,,,,,,,,,,,,,,,,,,,,,,,,,,,,,,,,,,,,,,,,,,,,,,,,,,,,,,,,,,,,,,,,
1,1784125471027,15/07/2026 14:24:31,1784125471027,2,15/07/2026 16:24:31,273725,7,questionnaire-nrov,,57224286,BLINDED,16357977,,complete,,,mobile,Apple iPhone,iOS 18.6.2,Mobile Safari 18.6,390x844,390x664,,,0,4 AndWith version,5,AndWith,continue,,,,,,,,,,,,,,,,,,,,,,,,,,,,,,,,,,,,,,,,,,,,,,,,,,,,,,,,,,,,,,,,,,,info,,BEGIN,,,,,,,,,,,,,,,,,,,,,,,,,,,,,,,,,,,,,,,,,,,,,,,,,,,,,,,,,,,,,,,,,,,,,,,,,,,,,,,,,,,,,,,,,,,,,,,,,,,,,,,,,,,,,,,,,,,,,,,,,,,,,,,,,,,,,,,,,,,,7,7,7,7,7,7,4,4,7,7,7,7,7,7,7,7,5,5,4,4,4,4,4,4,1,1,2,2,2,2,1,1,1,1,1,1,5,5,5,5,1,1,1,1,1,1,1,1,1,1,1,1,1,1,1,1,2,2,1,1
1,1784125803463,15/07/2026 14:30:03,1784125803463,2,15/07/2026 16:30:03,273725,7,questionnaire-knkh,,57224543,BLINDED,16357977,,complete,,,mobile,Apple iPhone,iOS 18.6.2,Mobile Safari 18.6,390x844,390x664,,,0,WithKontrolne,2,AndWith,continue,,,,,,,,,,,,,,,,,,,,,,,,,,,,,,,,,,,,,,,,,,,,,,,,,,,,,,,,,,,,,,,,,,,info,,BEGIN,,,,,,,,,TAK,1,,,,,,,,,,,,,,,,,,,,,,,,,,,,,,,,,,,,,,,,,,,,,,,,,,,,,,,,,,,,,,,,,,,,,,,,,,,,,,,,,,,,,,,,,,,,,,,,,,,,,,,,,,,,,,,,,,,,,,,,,,,,,,,,,,,,,,,,,,,,,,,,,,,,,,,,,,,,,,,,,,,,,,,,,,,,,,,,,,,,,,,,,,,,,
1,1784125810951,15/07/2026 14:30:10,1784125810951,2,15/07/2026 16:30:10,273725,7,questionnaire-whir,,57224546,BLINDED,16357977,,complete,,,mobile,Apple iPhone,iOS 18.6.2,Mobile Safari 18.6,390x844,390x664,,,0,Pytania demograficzne,4,AndWith,continue,,,,,,,,,,,,,,,,,,,,,,,,,,,,,,,,,,,,,,,,,,,,,,,,,,,,,,,,,,,,,,,,,,,info,,BEGIN,,,,,,,,,,,Kobieta,2,19,w trakcie studiów,3,"Bardzo dobrze, język polski jest moim pierwszym językiem (językiem ojczystym)",1,Logika w szkole średniej ,3,,,,,,,,,,,,,,,,,,,,,,,,,,,,,,,,,,,,,,,,,,,,,,,,,,,,,,,,,,,,,,,,,,,,,,,,,,,,,,,,,,,,,,,,,,,,,,,,,,,,,,,,,,,,,,,,,,,,,,,,,,,,,,,,,,,,,,,,,,,,,,,,,,,,,,,,,,,,,,,,,,,,,,,,,,,,,,,,,,,,
1,1784154345597,15/07/2026 22:25:45,1784154345597,2,16/07/2026 00:25:45,273725,7,questionnaire-2hmd,,57237646,BLINDED,16361802,,complete,,,mobile,Apple iPhone,iOS 18.7,Facebook 568.1.0.22.103,375x667,375x533,,,0,Kwestionariusz poczatkowy,11,CondLack,continue,TAK,1,,,,,,,,,,,,,,,,,,,,,,,,,,,,,,,,,,,,,,,,,,,,,,,,,,,,,,,,,,,,,,,,,info,,BEGIN,,,,,,,,,,,,,,,,,,,,,,,,,,,,,,,,,,,,,,,,,,,,,,,,,,,,,,,,,,,,,,,,,,,,,,,,,,,,,,,,,,,,,,,,,,,,,,,,,,,,,,,,,,,,,,,,,,,,,,,,,,,,,,,,,,,,,,,,,,,,,,,,,,,,,,,,,,,,,,,,,,,,,,,,,,,,,,,,,,,,,,,,,,,,,,,,,,,,,,,
1,1784154353041,15/07/2026 22:25:53,1784154353041,2,16/07/2026 00:25:53,273725,7,questionnaire-u8vu,,57237647,BLINDED,16361802,,complete,,,mobile,Apple iPhone,iOS 18.7,Facebook 568.1.0.22.103,375x667,375x533,,,0,Informacja do badania,4,CondLack,continue,,,,,,,,,,,,,,,,,,,,,,,,,,,,,,,,,,,,,,,,,,,,,,,,,,,,,,,,,,,,,,,,,,,info,,BEGIN,,,,,,,,,,,,,,,,,,,,,,,,,,,,,,,,,,,,,,,,,,,,,,,,,,,,,,,,,,,,,,,,,,,,,,,,,,,,,,,,,,,,,,,,,,,,,,,,,,,,,,,,,,,,,,,,,,,,,,,,,,,,,,,,,,,,,,,,,,,,,,,,,,,,,,,,,,,,,,,,,,,,,,,,,,,,,,,,,,,,,,,,,,,,,,,,,,,,,,,
1,1784154374539,15/07/2026 22:26:14,1784154374539,2,16/07/2026 00:26:14,273725,7,questionnaire-mxn9,,57237649,BLINDED,16361802,,complete,,,mobile,Apple iPhone,iOS 18.7,Facebook 568.1.0.22.103,375x667,375x533,,,0,1 CondLack version,8,CondLack,continue,,,7,7,6,6,7,7,7,7,6,6,6,6,7,7,6,6,7,7,7,7,4,4,3,3,4,4,3,3,2,2,1,1,2,2,2,2,2,2,1,1,1,1,1,1,1,1,1,1,1,1,1,1,1,1,1,1,5,5,4,4,,,,,info,,BEGIN,,,,,,,,,,,,,,,,,,,,,,,,,,,,,,,,,,,,,,,,,,,,,,,,,,,,,,,,,,,,,,,,,,,,,,,,,,,,,,,,,,,,,,,,,,,,,,,,,,,,,,,,,,,,,,,,,,,,,,,,,,,,,,,,,,,,,,,,,,,,,,,,,,,,,,,,,,,,,,,,,,,,,,,,,,,,,,,,,,,,,,,,,,,,,,,,,,,,,,,
1,1784154528918,15/07/2026 22:28:48,1784154528918,2,16/07/2026 00:28:48,273725,7,questionnaire-48tg,,57237664,BLINDED,16361802,,complete,,,mobile,Apple iPhone,iOS 18.7,Facebook 568.1.0.22.103,375x667,375x533,,,0,LackKontrolne,2,CondLack,continue,,,,,,,,,,,,,,,,,,,,,,,,,,,,,,,,,,,,,,,,,,,,,,,,,,,,,,,,,,,,,,,,,,,info,,BEGIN,,,,,,,NIE,2,,,,,,,,,,,,,,,,,,,,,,,,,,,,,,,,,,,,,,,,,,,,,,,,,,,,,,,,,,,,,,,,,,,,,,,,,,,,,,,,,,,,,,,,,,,,,,,,,,,,,,,,,,,,,,,,,,,,,,,,,,,,,,,,,,,,,,,,,,,,,,,,,,,,,,,,,,,,,,,,,,,,,,,,,,,,,,,,,,,,,,,,,,,,,,,
1,1784154551066,15/07/2026 22:29:11,1784154551066,2,16/07/2026 00:29:11,273725,7,questionnaire-whir,,57237669,BLINDED,16361802,,complete,,,mobile,Apple iPhone,iOS 18.7,Facebook 568.1.0.22.103,375x667,375x533,,,0,Pytania demograficzne,4,CondLack,continue,,,,,,,,,,,,,,,,,,,,,,,,,,,,,,,,,,,,,,,,,,,,,,,,,,,,,,,,,,,,,,,,,,,info,,BEGIN,,,,,,,,,,,Kobieta,2,19,w trakcie studiów,3,"Bardzo dobrze, język polski jest moim pierwszym językiem (językiem ojczystym)",1,Logika w szkole średniej ,3,,,,,,,,,,,,,,,,,,,,,,,,,,,,,,,,,,,,,,,,,,,,,,,,,,,,,,,,,,,,,,,,,,,,,,,,,,,,,,,,,,,,,,,,,,,,,,,,,,,,,,,,,,,,,,,,,,,,,,,,,,,,,,,,,,,,,,,,,,,,,,,,,,,,,,,,,,,,,,,,,,,,,,,,,,,,,,,,,,,,
1,1784200180503,16/07/2026 11:09:40,1784200180503,2,16/07/2026 13:09:40,273725,7,questionnaire-2hmd,,57245765,BLINDED,16363833,,complete,,,mobile,Xiaomi 2312DRAABG,Android 14,Facebook 569.0.0.44.91,393x873,392x743,,,0,Kwestionariusz poczatkowy,11,AndWith,continue,TAK,1,,,,,,,,,,,,,,,,,,,,,,,,,,,,,,,,,,,,,,,,,,,,,,,,,,,,,,,,,,,,,,,,,info,,BEGIN,,,,,,,,,,,,,,,,,,,,,,,,,,,,,,,,,,,,,,,,,,,,,,,,,,,,,,,,,,,,,,,,,,,,,,,,,,,,,,,,,,,,,,,,,,,,,,,,,,,,,,,,,,,,,,,,,,,,,,,,,,,,,,,,,,,,,,,,,,,,,,,,,,,,,,,,,,,,,,,,,,,,,,,,,,,,,,,,,,,,,,,,,,,,,,,,,,,,,,,
1,1784200187431,16/07/2026 11:09:47,1784200187431,2,16/07/2026 13:09:47,273725,7,questionnaire-u8vu,,57245768,BLINDED,16363833,,complete,,,mobile,Xiaomi 2312DRAABG,Android 14,Facebook 569.0.0.44.91,393x873,392x743,,,0,Informacja do badania,4,AndWith,continue,,,,,,,,,,,,,,,,,,,,,,,,,,,,,,,,,,,,,,,,,,,,,,,,,,,,,,,,,,,,,,,,,,,info,,BEGIN,,,,,,,,,,,,,,,,,,,,,,,,,,,,,,,,,,,,,,,,,,,,,,,,,,,,,,,,,,,,,,,,,,,,,,,,,,,,,,,,,,,,,,,,,,,,,,,,,,,,,,,,,,,,,,,,,,,,,,,,,,,,,,,,,,,,,,,,,,,,,,,,,,,,,,,,,,,,,,,,,,,,,,,,,,,,,,,,,,,,,,,,,,,,,,,,,,,,,,,
1,1784200211311,16/07/2026 11:10:11,1784200211311,2,16/07/2026 13:10:11,273725,7,questionnaire-nrov,,57245780,BLINDED,16363833,,complete,,,mobile,Xiaomi 2312DRAABG,Android 14,Facebook 569.0.0.44.91,393x873,392x743,,,0,4 AndWith version,5,AndWith,continue,,,,,,,,,,,,,,,,,,,,,,,,,,,,,,,,,,,,,,,,,,,,,,,,,,,,,,,,,,,,,,,,,,,info,,BEGIN,,,,,,,,,,,,,,,,,,,,,,,,,,,,,,,,,,,,,,,,,,,,,,,,,,,,,,,,,,,,,,,,,,,,,,,,,,,,,,,,,,,,,,,,,,,,,,,,,,,,,,,,,,,,,,,,,,,,,,,,,,,,,,,,,,,,,,,,,,,,7,7,4,4,5,5,4,4,7,7,5,5,7,7,5,5,7,7,5,5,2,2,3,3,1,1,4,4,1,1,5,5,1,1,4,4,1,1,3,3,1,1,4,4,1,1,3,3,1,1,4,4,1,1,2,2,1,1,3,3
1,1784200399747,16/07/2026 11:13:19,1784200399747,2,16/07/2026 13:13:19,273725,7,questionnaire-knkh,,57245862,BLINDED,16363833,,complete,,,mobile,Xiaomi 2312DRAABG,Android 14,Facebook 569.0.0.44.91,393x873,392x743,,,0,WithKontrolne,2,AndWith,continue,,,,,,,,,,,,,,,,,,,,,,,,,,,,,,,,,,,,,,,,,,,,,,,,,,,,,,,,,,,,,,,,,,,info,,BEGIN,,,,,,,,,TAK,1,,,,,,,,,,,,,,,,,,,,,,,,,,,,,,,,,,,,,,,,,,,,,,,,,,,,,,,,,,,,,,,,,,,,,,,,,,,,,,,,,,,,,,,,,,,,,,,,,,,,,,,,,,,,,,,,,,,,,,,,,,,,,,,,,,,,,,,,,,,,,,,,,,,,,,,,,,,,,,,,,,,,,,,,,,,,,,,,,,,,,,,,,,,,,
1,1784200406908,16/07/2026 11:13:26,1784200406908,2,16/07/2026 13:13:26,273725,7,questionnaire-whir,,57245864,BLINDED,16363833,,complete,,,mobile,Xiaomi 2312DRAABG,Android 14,Facebook 569.0.0.44.91,393x873,392x743,,,0,Pytania demograficzne,4,AndWith,continue,,,,,,,,,,,,,,,,,,,,,,,,,,,,,,,,,,,,,,,,,,,,,,,,,,,,,,,,,,,,,,,,,,,info,,BEGIN,,,,,,,,,,,Kobieta,2,19,w trakcie studiów,3,"Bardzo dobrze, język polski jest moim pierwszym językiem (językiem ojczystym)",1,Logika w szkole średniej ,3,,,,,,,,,,,,,,,,,,,,,,,,,,,,,,,,,,,,,,,,,,,,,,,,,,,,,,,,,,,,,,,,,,,,,,,,,,,,,,,,,,,,,,,,,,,,,,,,,,,,,,,,,,,,,,,,,,,,,,,,,,,,,,,,,,,,,,,,,,,,,,,,,,,,,,,,,,,,,,,,,,,,,,,,,,,,,,,,,,,,
1,1784203812803,16/07/2026 12:10:12,1784203812803,2,16/07/2026 14:10:12,273725,7,questionnaire-2hmd,,57247272,BLINDED,16364258,,complete,,,computer,Desktop or Laptop,Mac OS 10.15.7,Safari 17.2.1,1440x900,1061x718,,,0,Kwestionariusz poczatkowy,11,CondWith,continue,TAK,1,,,,,,,,,,,,,,,,,,,,,,,,,,,,,,,,,,,,,,,,,,,,,,,,,,,,,,,,,,,,,,,,,info,,BEGIN,,,,,,,,,,,,,,,,,,,,,,,,,,,,,,,,,,,,,,,,,,,,,,,,,,,,,,,,,,,,,,,,,,,,,,,,,,,,,,,,,,,,,,,,,,,,,,,,,,,,,,,,,,,,,,,,,,,,,,,,,,,,,,,,,,,,,,,,,,,,,,,,,,,,,,,,,,,,,,,,,,,,,,,,,,,,,,,,,,,,,,,,,,,,,,,,,,,,,,,
1,1784203827397,16/07/2026 12:10:27,1784203827397,2,16/07/2026 14:10:27,273725,7,questionnaire-u8vu,,57247278,BLINDED,16364258,,complete,,,computer,Desktop or Laptop,Mac OS 10.15.7,Safari 17.2.1,1440x900,1061x718,,,0,Informacja do badania,4,CondWith,continue,,,,,,,,,,,,,,,,,,,,,,,,,,,,,,,,,,,,,,,,,,,,,,,,,,,,,,,,,,,,,,,,,,,info,,BEGIN,,,,,,,,,,,,,,,,,,,,,,,,,,,,,,,,,,,,,,,,,,,,,,,,,,,,,,,,,,,,,,,,,,,,,,,,,,,,,,,,,,,,,,,,,,,,,,,,,,,,,,,,,,,,,,,,,,,,,,,,,,,,,,,,,,,,,,,,,,,,,,,,,,,,,,,,,,,,,,,,,,,,,,,,,,,,,,,,,,,,,,,,,,,,,,,,,,,,,,,
1,1784203849440,16/07/2026 12:10:49,1784203849440,2,16/07/2026 14:10:49,273725,7,questionnaire-84x1,,57247287,BLINDED,16364258,,complete,,,computer,Desktop or Laptop,Mac OS 10.15.7,Safari 17.2.1,1440x900,1061x718,,,0,2 CondWith version,5,CondWith,continue,,,,,,,,,,,,,,,,,,,,,,,,,,,,,,,,,,,,,,,,,,,,,,,,,,,,,,,,,,,,,,,,,,,info,,BEGIN,,,,,,,,,,,,,,,,,,,,7,7,7,7,7,7,7,7,7,7,7,7,7,7,7,7,7,7,7,7,6,6,6,6,1,1,1,1,1,1,1,1,1,1,1,1,2,2,1,1,1,1,1,1,1,1,1,1,1,1,1,1,1,1,1,1,1,1,1,1,,,,,,,,,,,,,,,,,,,,,,,,,,,,,,,,,,,,,,,,,,,,,,,,,,,,,,,,,,,,,,,,,,,,,,,,,,,,,,,,,,,,,,,,,,,,,,,,,,,,,,,,,,,,,,,,,,,,,,,,
1,1784203993749,16/07/2026 12:13:13,1784203993749,2,16/07/2026 14:13:13,273725,7,questionnaire-knkh,,57247346,BLINDED,16364258,,complete,,,computer,Desktop or Laptop,Mac OS 10.15.7,Safari 17.2.1,1440x900,1061x718,,,0,WithKontrolne,2,CondWith,continue,,,,,,,,,,,,,,,,,,,,,,,,,,,,,,,,,,,,,,,,,,,,,,,,,,,,,,,,,,,,,,,,,,,info,,BEGIN,,,,,,,,,TAK,1,,,,,,,,,,,,,,,,,,,,,,,,,,,,,,,,,,,,,,,,,,,,,,,,,,,,,,,,,,,,,,,,,,,,,,,,,,,,,,,,,,,,,,,,,,,,,,,,,,,,,,,,,,,,,,,,,,,,,,,,,,,,,,,,,,,,,,,,,,,,,,,,,,,,,,,,,,,,,,,,,,,,,,,,,,,,,,,,,,,,,,,,,,,,,
1,1784204005108,16/07/2026 12:13:25,1784204005108,2,16/07/2026 14:13:25,273725,7,questionnaire-whir,,57247352,BLINDED,16364258,,complete,,,computer,Desktop or Laptop,Mac OS 10.15.7,Safari 17.2.1,1440x900,1061x718,,,0,Pytania demograficzne,4,CondWith,continue,,,,,,,,,,,,,,,,,,,,,,,,,,,,,,,,,,,,,,,,,,,,,,,,,,,,,,,,,,,,,,,,,,,info,,BEGIN,,,,,,,,,,,Kobieta,2,22,wykształcenie wyższe,4,"Bardzo dobrze, język polski jest moim pierwszym językiem (językiem ojczystym)",1,Logika w szkole średniej ,3,,,,,,,,,,,,,,,,,,,,,,,,,,,,,,,,,,,,,,,,,,,,,,,,,,,,,,,,,,,,,,,,,,,,,,,,,,,,,,,,,,,,,,,,,,,,,,,,,,,,,,,,,,,,,,,,,,,,,,,,,,,,,,,,,,,,,,,,,,,,,,,,,,,,,,,,,,,,,,,,,,,,,,,,,,,,,,,,,,,,
1,1784207586964,16/07/2026 13:13:06,1784207586964,2,16/07/2026 15:13:06,273725,7,questionnaire-2hmd,,57249103,BLINDED,16364752,,complete,,,mobile,Apple iPhone,iOS 18.7,Facebook 569.0.0.16.107,428x926,428x742,,,0,Kwestionariusz poczatkowy,11,CondLack,continue,TAK,1,,,,,,,,,,,,,,,,,,,,,,,,,,,,,,,,,,,,,,,,,,,,,,,,,,,,,,,,,,,,,,,,,info,,BEGIN,,,,,,,,,,,,,,,,,,,,,,,,,,,,,,,,,,,,,,,,,,,,,,,,,,,,,,,,,,,,,,,,,,,,,,,,,,,,,,,,,,,,,,,,,,,,,,,,,,,,,,,,,,,,,,,,,,,,,,,,,,,,,,,,,,,,,,,,,,,,,,,,,,,,,,,,,,,,,,,,,,,,,,,,,,,,,,,,,,,,,,,,,,,,,,,,,,,,,,,
1,1784207597544,16/07/2026 13:13:17,1784207597544,2,16/07/2026 15:13:17,273725,7,questionnaire-u8vu,,57249109,BLINDED,16364752,,complete,,,mobile,Apple iPhone,iOS 18.7,Facebook 569.0.0.16.107,428x926,428x742,,,0,Informacja do badania,4,CondLack,continue,,,,,,,,,,,,,,,,,,,,,,,,,,,,,,,,,,,,,,,,,,,,,,,,,,,,,,,,,,,,,,,,,,,info,,BEGIN,,,,,,,,,,,,,,,,,,,,,,,,,,,,,,,,,,,,,,,,,,,,,,,,,,,,,,,,,,,,,,,,,,,,,,,,,,,,,,,,,,,,,,,,,,,,,,,,,,,,,,,,,,,,,,,,,,,,,,,,,,,,,,,,,,,,,,,,,,,,,,,,,,,,,,,,,,,,,,,,,,,,,,,,,,,,,,,,,,,,,,,,,,,,,,,,,,,,,,,
1,1784207678713,16/07/2026 13:14:38,1784207678713,2,16/07/2026 15:14:38,273725,7,questionnaire-mxn9,,57249147,BLINDED,16364752,,complete,,,mobile,Apple iPhone,iOS 18.7,Facebook 569.0.0.16.107,428x926,428x742,,,0,1 CondLack version,8,CondLack,continue,,,7,7,7,7,7,7,6,6,6,6,7,7,5,5,5,5,7,7,7,7,1,1,2,2,1,1,1,1,2,2,1,1,1,1,1,1,1,1,1,1,4,4,4,4,4,4,4,4,1,1,1,1,1,1,1,1,2,2,2,2,,,,,info,,BEGIN,,,,,,,,,,,,,,,,,,,,,,,,,,,,,,,,,,,,,,,,,,,,,,,,,,,,,,,,,,,,,,,,,,,,,,,,,,,,,,,,,,,,,,,,,,,,,,,,,,,,,,,,,,,,,,,,,,,,,,,,,,,,,,,,,,,,,,,,,,,,,,,,,,,,,,,,,,,,,,,,,,,,,,,,,,,,,,,,,,,,,,,,,,,,,,,,,,,,,,,
1,1784208432783,16/07/2026 13:27:12,1784208432783,2,16/07/2026 15:27:12,273725,7,questionnaire-48tg,,57249466,BLINDED,16364752,,complete,,,mobile,Apple iPhone,iOS 18.7,Facebook 569.0.0.16.107,428x926,428x742,,,0,LackKontrolne,2,CondLack,continue,,,,,,,,,,,,,,,,,,,,,,,,,,,,,,,,,,,,,,,,,,,,,,,,,,,,,,,,,,,,,,,,,,,info,,BEGIN,,,,,,,NIE,2,,,,,,,,,,,,,,,,,,,,,,,,,,,,,,,,,,,,,,,,,,,,,,,,,,,,,,,,,,,,,,,,,,,,,,,,,,,,,,,,,,,,,,,,,,,,,,,,,,,,,,,,,,,,,,,,,,,,,,,,,,,,,,,,,,,,,,,,,,,,,,,,,,,,,,,,,,,,,,,,,,,,,,,,,,,,,,,,,,,,,,,,,,,,,,,
1,1784208469556,16/07/2026 13:27:49,1784208469556,2,16/07/2026 15:27:49,273725,7,questionnaire-whir,,57249481,BLINDED,16364752,,complete,,,mobile,Apple iPhone,iOS 18.7,Facebook 569.0.0.16.107,428x926,428x742,,,0,Pytania demograficzne,4,CondLack,continue,,,,,,,,,,,,,,,,,,,,,,,,,,,,,,,,,,,,,,,,,,,,,,,,,,,,,,,,,,,,,,,,,,,info,,BEGIN,,,,,,,,,,,Kobieta,2,19,w trakcie studiów,3,"Bardzo dobrze, język polski jest moim pierwszym językiem (językiem ojczystym)",1,1-2 semestry na studiach,2,,,,,,,,,,,,,,,,,,,,,,,,,,,,,,,,,,,,,,,,,,,,,,,,,,,,,,,,,,,,,,,,,,,,,,,,,,,,,,,,,,,,,,,,,,,,,,,,,,,,,,,,,,,,,,,,,,,,,,,,,,,,,,,,,,,,,,,,,,,,,,,,,,,,,,,,,,,,,,,,,,,,,,,,,,,,,,,,,,,,
1,1784208653025,16/07/2026 13:30:53,1784208653025,2,16/07/2026 15:30:53,273725,7,questionnaire-2hmd,,57249565,BLINDED,16364903,,complete,,,mobile,Apple iPhone,iOS 18.7,Facebook 570.0.0.20.108,402x874,402x673,,,0,Kwestionariusz poczatkowy,11,AndWith,continue,TAK,1,,,,,,,,,,,,,,,,,,,,,,,,,,,,,,,,,,,,,,,,,,,,,,,,,,,,,,,,,,,,,,,,,info,,BEGIN,,,,,,,,,,,,,,,,,,,,,,,,,,,,,,,,,,,,,,,,,,,,,,,,,,,,,,,,,,,,,,,,,,,,,,,,,,,,,,,,,,,,,,,,,,,,,,,,,,,,,,,,,,,,,,,,,,,,,,,,,,,,,,,,,,,,,,,,,,,,,,,,,,,,,,,,,,,,,,,,,,,,,,,,,,,,,,,,,,,,,,,,,,,,,,,,,,,,,,,
1,1784208670085,16/07/2026 13:31:10,1784208670085,2,16/07/2026 15:31:10,273725,7,questionnaire-u8vu,,57249574,BLINDED,16364903,,complete,,,mobile,Apple iPhone,iOS 18.7,Facebook 570.0.0.20.108,402x874,402x673,,,0,Informacja do badania,4,AndWith,continue,,,,,,,,,,,,,,,,,,,,,,,,,,,,,,,,,,,,,,,,,,,,,,,,,,,,,,,,,,,,,,,,,,,info,,BEGIN,,,,,,,,,,,,,,,,,,,,,,,,,,,,,,,,,,,,,,,,,,,,,,,,,,,,,,,,,,,,,,,,,,,,,,,,,,,,,,,,,,,,,,,,,,,,,,,,,,,,,,,,,,,,,,,,,,,,,,,,,,,,,,,,,,,,,,,,,,,,,,,,,,,,,,,,,,,,,,,,,,,,,,,,,,,,,,,,,,,,,,,,,,,,,,,,,,,,,,,
1,1784208690819,16/07/2026 13:31:30,1784208690819,2,16/07/2026 15:31:30,273725,7,questionnaire-nrov,,57249582,BLINDED,16364903,,complete,,,mobile,Apple iPhone,iOS 18.7,Facebook 570.0.0.20.108,402x874,402x673,,,0,4 AndWith version,5,AndWith,continue,,,,,,,,,,,,,,,,,,,,,,,,,,,,,,,,,,,,,,,,,,,,,,,,,,,,,,,,,,,,,,,,,,,info,,BEGIN,,,,,,,,,,,,,,,,,,,,,,,,,,,,,,,,,,,,,,,,,,,,,,,,,,,,,,,,,,,,,,,,,,,,,,,,,,,,,,,,,,,,,,,,,,,,,,,,,,,,,,,,,,,,,,,,,,,,,,,,,,,,,,,,,,,,,,,,,,,,5,5,2,2,5,5,3,3,7,7,1,1,7,7,4,4,3,3,3,3,1,1,1,1,1,1,1,1,1,1,1,1,1,1,1,1,1,1,1,1,1,1,1,1,1,1,1,1,1,1,1,1,1,1,1,1,1,1,1,1
1,1784208935628,16/07/2026 13:35:35,1784208935628,2,16/07/2026 15:35:35,273725,7,questionnaire-knkh,,57249686,BLINDED,16364903,,complete,,,mobile,Apple iPhone,iOS 18.7,Facebook 570.0.0.20.108,402x874,402x673,,,0,WithKontrolne,2,AndWith,continue,,,,,,,,,,,,,,,,,,,,,,,,,,,,,,,,,,,,,,,,,,,,,,,,,,,,,,,,,,,,,,,,,,,info,,BEGIN,,,,,,,,,TAK,1,,,,,,,,,,,,,,,,,,,,,,,,,,,,,,,,,,,,,,,,,,,,,,,,,,,,,,,,,,,,,,,,,,,,,,,,,,,,,,,,,,,,,,,,,,,,,,,,,,,,,,,,,,,,,,,,,,,,,,,,,,,,,,,,,,,,,,,,,,,,,,,,,,,,,,,,,,,,,,,,,,,,,,,,,,,,,,,,,,,,,,,,,,,,,
1,1784208949080,16/07/2026 13:35:49,1784208949080,2,16/07/2026 15:35:49,273725,7,questionnaire-whir,,57249694,BLINDED,16364903,,complete,,,mobile,Apple iPhone,iOS 18.7,Facebook 570.0.0.20.108,402x874,402x673,,,0,Pytania demograficzne,4,AndWith,continue,,,,,,,,,,,,,,,,,,,,,,,,,,,,,,,,,,,,,,,,,,,,,,,,,,,,,,,,,,,,,,,,,,,info,,BEGIN,,,,,,,,,,,Mężczyzna,1,22,w trakcie studiów,3,"Bardzo dobrze, język polski jest moim pierwszym językiem (językiem ojczystym)",1,Brak doświadczenia,4,,,,,,,,,,,,,,,,,,,,,,,,,,,,,,,,,,,,,,,,,,,,,,,,,,,,,,,,,,,,,,,,,,,,,,,,,,,,,,,,,,,,,,,,,,,,,,,,,,,,,,,,,,,,,,,,,,,,,,,,,,,,,,,,,,,,,,,,,,,,,,,,,,,,,,,,,,,,,,,,,,,,,,,,,,,,,,,,,,,,
1,1784217006306,16/07/2026 15:50:06,1784217006306,2,16/07/2026 17:50:06,273725,7,questionnaire-2hmd,,57255185,BLINDED,16366342,,complete,,,mobile,Apple iPhone,iOS 18.7,Facebook 570.0.0.20.108,390x844,390x659,,,0,Kwestionariusz poczatkowy,11,AndLack,continue,TAK,1,,,,,,,,,,,,,,,,,,,,,,,,,,,,,,,,,,,,,,,,,,,,,,,,,,,,,,,,,,,,,,,,,info,,BEGIN,,,,,,,,,,,,,,,,,,,,,,,,,,,,,,,,,,,,,,,,,,,,,,,,,,,,,,,,,,,,,,,,,,,,,,,,,,,,,,,,,,,,,,,,,,,,,,,,,,,,,,,,,,,,,,,,,,,,,,,,,,,,,,,,,,,,,,,,,,,,,,,,,,,,,,,,,,,,,,,,,,,,,,,,,,,,,,,,,,,,,,,,,,,,,,,,,,,,,,,
1,1784217038059,16/07/2026 15:50:38,1784217038059,2,16/07/2026 17:50:38,273725,7,questionnaire-u8vu,,57255194,BLINDED,16366342,,complete,,,mobile,Apple iPhone,iOS 18.7,Facebook 570.0.0.20.108,390x844,390x659,,,0,Informacja do badania,4,AndLack,continue,,,,,,,,,,,,,,,,,,,,,,,,,,,,,,,,,,,,,,,,,,,,,,,,,,,,,,,,,,,,,,,,,,,info,,BEGIN,,,,,,,,,,,,,,,,,,,,,,,,,,,,,,,,,,,,,,,,,,,,,,,,,,,,,,,,,,,,,,,,,,,,,,,,,,,,,,,,,,,,,,,,,,,,,,,,,,,,,,,,,,,,,,,,,,,,,,,,,,,,,,,,,,,,,,,,,,,,,,,,,,,,,,,,,,,,,,,,,,,,,,,,,,,,,,,,,,,,,,,,,,,,,,,,,,,,,,,
1,1784217070885,16/07/2026 15:51:10,1784217070885,2,16/07/2026 17:51:10,273725,7,questionnaire-apnj,,57255203,BLINDED,16366342,,complete,,,mobile,Apple iPhone,iOS 18.7,Facebook 570.0.0.20.108,390x844,390x659,,,0,3 AndLack version,5,AndLack,continue,,,,,,,,,,,,,,,,,,,,,,,,,,,,,,,,,,,,,,,,,,,,,,,,,,,,,,,,,,,,,,,,,,,info,,BEGIN,,,,,,,,,,,,,,,,,,,,,,,,,,,,,,,,,,,,,,,,,,,,,,,,,,,,,,,,,,,,,,,,,,,,,,,,,,,,,,,,6,6,3,3,7,7,5,5,7,7,5,5,7,7,2,2,7,7,5,5,6,6,3,3,5,5,2,2,7,7,6,6,2,2,2,2,7,7,6,6,5,5,2,2,1,1,1,1,2,2,1,1,2,2,1,1,2,2,1,1,,,,,,,,,,,,,,,,,,,,,,,,,,,,,,,,,,,,,,,,,,,,,,,,,,,,,,,,,,,,
1,1784217558682,16/07/2026 15:59:18,1784217558682,2,16/07/2026 17:59:18,273725,7,questionnaire-48tg,,57255411,BLINDED,16366342,,complete,,,mobile,Apple iPhone,iOS 18.7,Facebook 570.0.0.20.108,390x844,390x659,,,0,LackKontrolne,2,AndLack,continue,,,,,,,,,,,,,,,,,,,,,,,,,,,,,,,,,,,,,,,,,,,,,,,,,,,,,,,,,,,,,,,,,,,info,,BEGIN,,,,,,,NIE,2,,,,,,,,,,,,,,,,,,,,,,,,,,,,,,,,,,,,,,,,,,,,,,,,,,,,,,,,,,,,,,,,,,,,,,,,,,,,,,,,,,,,,,,,,,,,,,,,,,,,,,,,,,,,,,,,,,,,,,,,,,,,,,,,,,,,,,,,,,,,,,,,,,,,,,,,,,,,,,,,,,,,,,,,,,,,,,,,,,,,,,,,,,,,,,,
1,1784217574753,16/07/2026 15:59:34,1784217574753,2,16/07/2026 17:59:34,273725,7,questionnaire-whir,,57255421,BLINDED,16366342,,complete,,,mobile,Apple iPhone,iOS 18.7,Facebook 570.0.0.20.108,390x844,390x659,,,0,Pytania demograficzne,4,AndLack,continue,,,,,,,,,,,,,,,,,,,,,,,,,,,,,,,,,,,,,,,,,,,,,,,,,,,,,,,,,,,,,,,,,,,info,,BEGIN,,,,,,,,,,,Kobieta,2,20,w trakcie studiów,3,"Bardzo dobrze, język polski jest moim pierwszym językiem (językiem ojczystym)",1,Logika w szkole średniej ,3,,,,,,,,,,,,,,,,,,,,,,,,,,,,,,,,,,,,,,,,,,,,,,,,,,,,,,,,,,,,,,,,,,,,,,,,,,,,,,,,,,,,,,,,,,,,,,,,,,,,,,,,,,,,,,,,,,,,,,,,,,,,,,,,,,,,,,,,,,,,,,,,,,,,,,,,,,,,,,,,,,,,,,,,,,,,,,,,,,,,
1,1784218211854,16/07/2026 16:10:11,1784218211854,2,16/07/2026 18:10:11,273725,7,questionnaire-2hmd,,57255783,BLINDED,16366581,,complete,,,mobile,Xiaomi 2312DRAABG,Android 14,Facebook 569.0.0.44.91,393x873,392x743,,,0,Kwestionariusz poczatkowy,11,CondWith,continue,TAK,1,,,,,,,,,,,,,,,,,,,,,,,,,,,,,,,,,,,,,,,,,,,,,,,,,,,,,,,,,,,,,,,,,info,,BEGIN,,,,,,,,,,,,,,,,,,,,,,,,,,,,,,,,,,,,,,,,,,,,,,,,,,,,,,,,,,,,,,,,,,,,,,,,,,,,,,,,,,,,,,,,,,,,,,,,,,,,,,,,,,,,,,,,,,,,,,,,,,,,,,,,,,,,,,,,,,,,,,,,,,,,,,,,,,,,,,,,,,,,,,,,,,,,,,,,,,,,,,,,,,,,,,,,,,,,,,,
1,1784218222131,16/07/2026 16:10:22,1784218222131,2,16/07/2026 18:10:22,273725,7,questionnaire-u8vu,,57255796,BLINDED,16366581,,complete,,,mobile,Xiaomi 2312DRAABG,Android 14,Facebook 569.0.0.44.91,393x873,392x743,,,0,Informacja do badania,4,CondWith,continue,,,,,,,,,,,,,,,,,,,,,,,,,,,,,,,,,,,,,,,,,,,,,,,,,,,,,,,,,,,,,,,,,,,info,,BEGIN,,,,,,,,,,,,,,,,,,,,,,,,,,,,,,,,,,,,,,,,,,,,,,,,,,,,,,,,,,,,,,,,,,,,,,,,,,,,,,,,,,,,,,,,,,,,,,,,,,,,,,,,,,,,,,,,,,,,,,,,,,,,,,,,,,,,,,,,,,,,,,,,,,,,,,,,,,,,,,,,,,,,,,,,,,,,,,,,,,,,,,,,,,,,,,,,,,,,,,,
1,1784218234461,16/07/2026 16:10:34,1784218234461,2,16/07/2026 18:10:34,273725,7,questionnaire-84x1,,57255806,BLINDED,16366581,,complete,,,mobile,Xiaomi 2312DRAABG,Android 14,Facebook 569.0.0.44.91,393x873,392x743,,,0,2 CondWith version,5,CondWith,continue,,,,,,,,,,,,,,,,,,,,,,,,,,,,,,,,,,,,,,,,,,,,,,,,,,,,,,,,,,,,,,,,,,,info,,BEGIN,,,,,,,,,,,,,,,,,,,,2,2,1,1,5,5,4,4,5,5,1,1,6,6,2,2,1,1,1,1,1,1,1,1,1,1,1,1,2,2,2,2,1,1,1,1,1,1,1,1,2,2,1,1,1,1,1,1,1,1,1,1,1,1,1,1,2,2,1,1,,,,,,,,,,,,,,,,,,,,,,,,,,,,,,,,,,,,,,,,,,,,,,,,,,,,,,,,,,,,,,,,,,,,,,,,,,,,,,,,,,,,,,,,,,,,,,,,,,,,,,,,,,,,,,,,,,,,,,,,
1,1784218405936,16/07/2026 16:13:25,1784218405936,2,16/07/2026 18:13:25,273725,7,questionnaire-knkh,,57255960,BLINDED,16366581,,complete,,,mobile,Xiaomi 2312DRAABG,Android 14,Facebook 569.0.0.44.91,393x873,392x743,,,0,WithKontrolne,2,CondWith,continue,,,,,,,,,,,,,,,,,,,,,,,,,,,,,,,,,,,,,,,,,,,,,,,,,,,,,,,,,,,,,,,,,,,info,,BEGIN,,,,,,,,,TAK,1,,,,,,,,,,,,,,,,,,,,,,,,,,,,,,,,,,,,,,,,,,,,,,,,,,,,,,,,,,,,,,,,,,,,,,,,,,,,,,,,,,,,,,,,,,,,,,,,,,,,,,,,,,,,,,,,,,,,,,,,,,,,,,,,,,,,,,,,,,,,,,,,,,,,,,,,,,,,,,,,,,,,,,,,,,,,,,,,,,,,,,,,,,,,,
1,1784218415161,16/07/2026 16:13:35,1784218415161,2,16/07/2026 18:13:35,273725,7,questionnaire-whir,,57255971,BLINDED,16366581,,complete,,,mobile,Xiaomi 2312DRAABG,Android 14,Facebook 569.0.0.44.91,393x873,392x743,,,0,Pytania demograficzne,4,CondWith,continue,,,,,,,,,,,,,,,,,,,,,,,,,,,,,,,,,,,,,,,,,,,,,,,,,,,,,,,,,,,,,,,,,,,info,,BEGIN,,,,,,,,,,,Inna,3,20,w trakcie studiów,3,"Bardzo dobrze, język polski jest moim pierwszym językiem (językiem ojczystym)",1,1-2 semestry na studiach,2,,,,,,,,,,,,,,,,,,,,,,,,,,,,,,,,,,,,,,,,,,,,,,,,,,,,,,,,,,,,,,,,,,,,,,,,,,,,,,,,,,,,,,,,,,,,,,,,,,,,,,,,,,,,,,,,,,,,,,,,,,,,,,,,,,,,,,,,,,,,,,,,,,,,,,,,,,,,,,,,,,,,,,,,,,,,,,,,,,,,
1,1784219771606,16/07/2026 16:36:11,1784219771606,2,16/07/2026 18:36:11,273725,7,questionnaire-2hmd,,57256526,BLINDED,16366776,,complete,,,mobile,undefined K,Android 10,Chrome 149.0.0.0,486x1079,485x929,,,0,Kwestionariusz poczatkowy,11,CondWith,continue,TAK,1,,,,,,,,,,,,,,,,,,,,,,,,,,,,,,,,,,,,,,,,,,,,,,,,,,,,,,,,,,,,,,,,,info,,BEGIN,,,,,,,,,,,,,,,,,,,,,,,,,,,,,,,,,,,,,,,,,,,,,,,,,,,,,,,,,,,,,,,,,,,,,,,,,,,,,,,,,,,,,,,,,,,,,,,,,,,,,,,,,,,,,,,,,,,,,,,,,,,,,,,,,,,,,,,,,,,,,,,,,,,,,,,,,,,,,,,,,,,,,,,,,,,,,,,,,,,,,,,,,,,,,,,,,,,,,,,
1,1784219783580,16/07/2026 16:36:23,1784219783580,2,16/07/2026 18:36:23,273725,7,questionnaire-u8vu,,57256531,BLINDED,16366776,,complete,,,mobile,undefined K,Android 10,Chrome 149.0.0.0,486x1079,485x929,,,0,Informacja do badania,4,CondWith,continue,,,,,,,,,,,,,,,,,,,,,,,,,,,,,,,,,,,,,,,,,,,,,,,,,,,,,,,,,,,,,,,,,,,info,,BEGIN,,,,,,,,,,,,,,,,,,,,,,,,,,,,,,,,,,,,,,,,,,,,,,,,,,,,,,,,,,,,,,,,,,,,,,,,,,,,,,,,,,,,,,,,,,,,,,,,,,,,,,,,,,,,,,,,,,,,,,,,,,,,,,,,,,,,,,,,,,,,,,,,,,,,,,,,,,,,,,,,,,,,,,,,,,,,,,,,,,,,,,,,,,,,,,,,,,,,,,,
1,1784219808669,16/07/2026 16:36:48,1784219808669,2,16/07/2026 18:36:48,273725,7,questionnaire-84x1,,57256537,BLINDED,16366776,,complete,,,mobile,undefined K,Android 10,Chrome 149.0.0.0,486x1079,485x929,,,0,2 CondWith version,5,CondWith,continue,,,,,,,,,,,,,,,,,,,,,,,,,,,,,,,,,,,,,,,,,,,,,,,,,,,,,,,,,,,,,,,,,,,info,,BEGIN,,,,,,,,,,,,,,,,,,,,6,6,3,3,5,5,7,7,7,7,5,5,7,7,5,5,6,6,2,2,3,3,5,5,3,3,6,6,1,1,3,3,2,2,6,6,4,4,7,7,2,2,4,4,1,1,4,4,1,1,5,5,2,2,5,5,2,2,6,6,,,,,,,,,,,,,,,,,,,,,,,,,,,,,,,,,,,,,,,,,,,,,,,,,,,,,,,,,,,,,,,,,,,,,,,,,,,,,,,,,,,,,,,,,,,,,,,,,,,,,,,,,,,,,,,,,,,,,,,,
1,1784219989095,16/07/2026 16:39:49,1784219989095,2,16/07/2026 18:39:49,273725,7,questionnaire-knkh,,57256577,BLINDED,16366776,,complete,,,mobile,undefined K,Android 10,Chrome 149.0.0.0,486x1079,485x929,,,0,WithKontrolne,2,CondWith,continue,,,,,,,,,,,,,,,,,,,,,,,,,,,,,,,,,,,,,,,,,,,,,,,,,,,,,,,,,,,,,,,,,,,info,,BEGIN,,,,,,,,,TAK,1,,,,,,,,,,,,,,,,,,,,,,,,,,,,,,,,,,,,,,,,,,,,,,,,,,,,,,,,,,,,,,,,,,,,,,,,,,,,,,,,,,,,,,,,,,,,,,,,,,,,,,,,,,,,,,,,,,,,,,,,,,,,,,,,,,,,,,,,,,,,,,,,,,,,,,,,,,,,,,,,,,,,,,,,,,,,,,,,,,,,,,,,,,,,,
1,1784219998747,16/07/2026 16:39:58,1784219998747,2,16/07/2026 18:39:58,273725,7,questionnaire-whir,,57256579,BLINDED,16366776,,complete,,,mobile,undefined K,Android 10,Chrome 149.0.0.0,486x1079,485x929,,,0,Pytania demograficzne,4,CondWith,continue,,,,,,,,,,,,,,,,,,,,,,,,,,,,,,,,,,,,,,,,,,,,,,,,,,,,,,,,,,,,,,,,,,,info,,BEGIN,,,,,,,,,,,Kobieta,2,20,w trakcie studiów,3,"Bardzo dobrze, język polski jest moim pierwszym językiem (językiem ojczystym)",1,Brak doświadczenia,4,,,,,,,,,,,,,,,,,,,,,,,,,,,,,,,,,,,,,,,,,,,,,,,,,,,,,,,,,,,,,,,,,,,,,,,,,,,,,,,,,,,,,,,,,,,,,,,,,,,,,,,,,,,,,,,,,,,,,,,,,,,,,,,,,,,,,,,,,,,,,,,,,,,,,,,,,,,,,,,,,,,,,,,,,,,,,,,,,,,,
1,1784223770416,16/07/2026 17:42:50,1784223770416,2,16/07/2026 19:42:50,273725,7,questionnaire-2hmd,,57257671,BLINDED,16367069,,complete,,,mobile,Xiaomi 2201116SG,Android 13,Facebook 569.0.0.44.91,393x873,392x744,,,0,Kwestionariusz poczatkowy,11,CondWith,continue,TAK,1,,,,,,,,,,,,,,,,,,,,,,,,,,,,,,,,,,,,,,,,,,,,,,,,,,,,,,,,,,,,,,,,,info,,BEGIN,,,,,,,,,,,,,,,,,,,,,,,,,,,,,,,,,,,,,,,,,,,,,,,,,,,,,,,,,,,,,,,,,,,,,,,,,,,,,,,,,,,,,,,,,,,,,,,,,,,,,,,,,,,,,,,,,,,,,,,,,,,,,,,,,,,,,,,,,,,,,,,,,,,,,,,,,,,,,,,,,,,,,,,,,,,,,,,,,,,,,,,,,,,,,,,,,,,,,,,
1,1784223797477,16/07/2026 17:43:17,1784223797477,2,16/07/2026 19:43:17,273725,7,questionnaire-u8vu,,57257680,BLINDED,16367069,,complete,,,mobile,Xiaomi 2201116SG,Android 13,Facebook 569.0.0.44.91,393x873,392x744,,,0,Informacja do badania,4,CondWith,continue,,,,,,,,,,,,,,,,,,,,,,,,,,,,,,,,,,,,,,,,,,,,,,,,,,,,,,,,,,,,,,,,,,,info,,BEGIN,,,,,,,,,,,,,,,,,,,,,,,,,,,,,,,,,,,,,,,,,,,,,,,,,,,,,,,,,,,,,,,,,,,,,,,,,,,,,,,,,,,,,,,,,,,,,,,,,,,,,,,,,,,,,,,,,,,,,,,,,,,,,,,,,,,,,,,,,,,,,,,,,,,,,,,,,,,,,,,,,,,,,,,,,,,,,,,,,,,,,,,,,,,,,,,,,,,,,,,
1,1784223823495,16/07/2026 17:43:43,1784223823495,2,16/07/2026 19:43:43,273725,7,questionnaire-84x1,,57257692,BLINDED,16367069,,complete,,,mobile,Xiaomi 2201116SG,Android 13,Facebook 569.0.0.44.91,393x873,392x744,,,0,2 CondWith version,5,CondWith,continue,,,,,,,,,,,,,,,,,,,,,,,,,,,,,,,,,,,,,,,,,,,,,,,,,,,,,,,,,,,,,,,,,,,info,,BEGIN,,,,,,,,,,,,,,,,,,,,7,7,5,5,7,7,4,4,6,6,6,6,7,7,6,6,3,3,4,4,1,1,1,1,5,5,1,1,1,1,1,1,1,1,1,1,1,1,1,1,1,1,1,1,1,1,1,1,1,1,1,1,1,1,1,1,3,3,1,1,,,,,,,,,,,,,,,,,,,,,,,,,,,,,,,,,,,,,,,,,,,,,,,,,,,,,,,,,,,,,,,,,,,,,,,,,,,,,,,,,,,,,,,,,,,,,,,,,,,,,,,,,,,,,,,,,,,,,,,,
1,1784224054518,16/07/2026 17:47:34,1784224054518,2,16/07/2026 19:47:34,273725,7,questionnaire-knkh,,57257763,BLINDED,16367069,,complete,,,mobile,Xiaomi 2201116SG,Android 13,Facebook 569.0.0.44.91,393x873,392x744,,,0,WithKontrolne,2,CondWith,continue,,,,,,,,,,,,,,,,,,,,,,,,,,,,,,,,,,,,,,,,,,,,,,,,,,,,,,,,,,,,,,,,,,,info,,BEGIN,,,,,,,,,TAK,1,,,,,,,,,,,,,,,,,,,,,,,,,,,,,,,,,,,,,,,,,,,,,,,,,,,,,,,,,,,,,,,,,,,,,,,,,,,,,,,,,,,,,,,,,,,,,,,,,,,,,,,,,,,,,,,,,,,,,,,,,,,,,,,,,,,,,,,,,,,,,,,,,,,,,,,,,,,,,,,,,,,,,,,,,,,,,,,,,,,,,,,,,,,,,
1,1784224065857,16/07/2026 17:47:45,1784224065857,2,16/07/2026 19:47:45,273725,7,questionnaire-whir,,57257768,BLINDED,16367069,,complete,,,mobile,Xiaomi 2201116SG,Android 13,Facebook 569.0.0.44.91,393x873,392x744,,,0,Pytania demograficzne,4,CondWith,continue,,,,,,,,,,,,,,,,,,,,,,,,,,,,,,,,,,,,,,,,,,,,,,,,,,,,,,,,,,,,,,,,,,,info,,BEGIN,,,,,,,,,,,Kobieta,2,19,wykształcenie średnie,2,"Bardzo dobrze, język polski jest moim pierwszym językiem (językiem ojczystym)",1,Brak doświadczenia,4,,,,,,,,,,,,,,,,,,,,,,,,,,,,,,,,,,,,,,,,,,,,,,,,,,,,,,,,,,,,,,,,,,,,,,,,,,,,,,,,,,,,,,,,,,,,,,,,,,,,,,,,,,,,,,,,,,,,,,,,,,,,,,,,,,,,,,,,,,,,,,,,,,,,,,,,,,,,,,,,,,,,,,,,,,,,,,,,,,,,
1,1784283074175,17/07/2026 10:11:14,1784283074175,2,17/07/2026 12:11:14,273725,7,questionnaire-2hmd,,57268574,BLINDED,16369645,,complete,,,mobile,Apple iPhone,iOS 18.7,Facebook 568.1.0.22.103,390x844,390x659,,,0,Kwestionariusz poczatkowy,11,AndLack,continue,TAK,1,,,,,,,,,,,,,,,,,,,,,,,,,,,,,,,,,,,,,,,,,,,,,,,,,,,,,,,,,,,,,,,,,info,,BEGIN,,,,,,,,,,,,,,,,,,,,,,,,,,,,,,,,,,,,,,,,,,,,,,,,,,,,,,,,,,,,,,,,,,,,,,,,,,,,,,,,,,,,,,,,,,,,,,,,,,,,,,,,,,,,,,,,,,,,,,,,,,,,,,,,,,,,,,,,,,,,,,,,,,,,,,,,,,,,,,,,,,,,,,,,,,,,,,,,,,,,,,,,,,,,,,,,,,,,,,,
1,1784283097994,17/07/2026 10:11:37,1784283097994,2,17/07/2026 12:11:37,273725,7,questionnaire-u8vu,,57268587,BLINDED,16369645,,complete,,,mobile,Apple iPhone,iOS 18.7,Facebook 568.1.0.22.103,390x844,390x659,,,0,Informacja do badania,4,AndLack,continue,,,,,,,,,,,,,,,,,,,,,,,,,,,,,,,,,,,,,,,,,,,,,,,,,,,,,,,,,,,,,,,,,,,info,,BEGIN,,,,,,,,,,,,,,,,,,,,,,,,,,,,,,,,,,,,,,,,,,,,,,,,,,,,,,,,,,,,,,,,,,,,,,,,,,,,,,,,,,,,,,,,,,,,,,,,,,,,,,,,,,,,,,,,,,,,,,,,,,,,,,,,,,,,,,,,,,,,,,,,,,,,,,,,,,,,,,,,,,,,,,,,,,,,,,,,,,,,,,,,,,,,,,,,,,,,,,,
1,1784283134480,17/07/2026 10:12:14,1784283134480,2,17/07/2026 12:12:14,273725,7,questionnaire-apnj,,57268607,BLINDED,16369645,,complete,,,mobile,Apple iPhone,iOS 18.7,Facebook 568.1.0.22.103,390x844,390x659,,,0,3 AndLack version,5,AndLack,continue,,,,,,,,,,,,,,,,,,,,,,,,,,,,,,,,,,,,,,,,,,,,,,,,,,,,,,,,,,,,,,,,,,,info,,BEGIN,,,,,,,,,,,,,,,,,,,,,,,,,,,,,,,,,,,,,,,,,,,,,,,,,,,,,,,,,,,,,,,,,,,,,,,,,,,,,,,,6,6,7,7,5,5,7,7,5,5,6,6,4,4,3,3,7,7,6,6,5,5,5,5,7,7,7,7,7,7,7,7,7,7,6,6,7,7,7,7,7,7,4,4,6,6,4,4,6,6,3,3,7,7,5,5,5,5,4,4,,,,,,,,,,,,,,,,,,,,,,,,,,,,,,,,,,,,,,,,,,,,,,,,,,,,,,,,,,,,
1,1784283379334,17/07/2026 10:16:19,1784283379334,2,17/07/2026 12:16:19,273725,7,questionnaire-48tg,,57268740,BLINDED,16369645,,complete,,,mobile,Apple iPhone,iOS 18.7,Facebook 568.1.0.22.103,390x844,390x659,,,0,LackKontrolne,2,AndLack,continue,,,,,,,,,,,,,,,,,,,,,,,,,,,,,,,,,,,,,,,,,,,,,,,,,,,,,,,,,,,,,,,,,,,info,,BEGIN,,,,,,,NIE,2,,,,,,,,,,,,,,,,,,,,,,,,,,,,,,,,,,,,,,,,,,,,,,,,,,,,,,,,,,,,,,,,,,,,,,,,,,,,,,,,,,,,,,,,,,,,,,,,,,,,,,,,,,,,,,,,,,,,,,,,,,,,,,,,,,,,,,,,,,,,,,,,,,,,,,,,,,,,,,,,,,,,,,,,,,,,,,,,,,,,,,,,,,,,,,,
1,1784283396844,17/07/2026 10:16:36,1784283396844,2,17/07/2026 12:16:36,273725,7,questionnaire-whir,,57268749,BLINDED,16369645,,complete,,,mobile,Apple iPhone,iOS 18.7,Facebook 568.1.0.22.103,390x844,390x659,,,0,Pytania demograficzne,4,AndLack,continue,,,,,,,,,,,,,,,,,,,,,,,,,,,,,,,,,,,,,,,,,,,,,,,,,,,,,,,,,,,,,,,,,,,info,,BEGIN,,,,,,,,,,,Kobieta,2,23,wykształcenie wyższe,4,"Bardzo dobrze, język polski jest moim pierwszym językiem (językiem ojczystym)",1,1-2 semestry na studiach,2,,,,,,,,,,,,,,,,,,,,,,,,,,,,,,,,,,,,,,,,,,,,,,,,,,,,,,,,,,,,,,,,,,,,,,,,,,,,,,,,,,,,,,,,,,,,,,,,,,,,,,,,,,,,,,,,,,,,,,,,,,,,,,,,,,,,,,,,,,,,,,,,,,,,,,,,,,,,,,,,,,,,,,,,,,,,,,,,,,,,
1,1784283176168,17/07/2026 10:12:56,1784283176168,2,17/07/2026 12:12:56,273725,7,questionnaire-2hmd,,57268636,BLINDED,16369660,,complete,,,computer,Desktop or Laptop,Mac OS 10.15.7,Chrome 150.0.0.0,1440x900,1440x654,,,0,Kwestionariusz poczatkowy,11,AndLack,continue,TAK,1,,,,,,,,,,,,,,,,,,,,,,,,,,,,,,,,,,,,,,,,,,,,,,,,,,,,,,,,,,,,,,,,,info,,BEGIN,,,,,,,,,,,,,,,,,,,,,,,,,,,,,,,,,,,,,,,,,,,,,,,,,,,,,,,,,,,,,,,,,,,,,,,,,,,,,,,,,,,,,,,,,,,,,,,,,,,,,,,,,,,,,,,,,,,,,,,,,,,,,,,,,,,,,,,,,,,,,,,,,,,,,,,,,,,,,,,,,,,,,,,,,,,,,,,,,,,,,,,,,,,,,,,,,,,,,,,
1,1784283181461,17/07/2026 10:13:01,1784283181461,2,17/07/2026 12:13:01,273725,7,questionnaire-u8vu,,57268642,BLINDED,16369660,,complete,,,computer,Desktop or Laptop,Mac OS 10.15.7,Chrome 150.0.0.0,1440x900,1440x654,,,0,Informacja do badania,4,AndLack,continue,,,,,,,,,,,,,,,,,,,,,,,,,,,,,,,,,,,,,,,,,,,,,,,,,,,,,,,,,,,,,,,,,,,info,,BEGIN,,,,,,,,,,,,,,,,,,,,,,,,,,,,,,,,,,,,,,,,,,,,,,,,,,,,,,,,,,,,,,,,,,,,,,,,,,,,,,,,,,,,,,,,,,,,,,,,,,,,,,,,,,,,,,,,,,,,,,,,,,,,,,,,,,,,,,,,,,,,,,,,,,,,,,,,,,,,,,,,,,,,,,,,,,,,,,,,,,,,,,,,,,,,,,,,,,,,,,,
1,1784283193190,17/07/2026 10:13:13,1784283193190,2,17/07/2026 12:13:13,273725,7,questionnaire-apnj,,57268649,BLINDED,16369660,,complete,,,computer,Desktop or Laptop,Mac OS 10.15.7,Chrome 150.0.0.0,1440x900,1440x654,,,0,3 AndLack version,5,AndLack,continue,,,,,,,,,,,,,,,,,,,,,,,,,,,,,,,,,,,,,,,,,,,,,,,,,,,,,,,,,,,,,,,,,,,info,,BEGIN,,,,,,,,,,,,,,,,,,,,,,,,,,,,,,,,,,,,,,,,,,,,,,,,,,,,,,,,,,,,,,,,,,,,,,,,,,,,,,,,7,7,7,7,7,7,7,7,6,6,6,6,7,7,7,7,7,7,7,7,7,7,4,4,7,7,7,7,7,7,7,7,7,7,6,6,7,7,7,7,7,7,7,7,7,7,4,4,7,7,5,5,7,7,6,6,7,7,5,5,,,,,,,,,,,,,,,,,,,,,,,,,,,,,,,,,,,,,,,,,,,,,,,,,,,,,,,,,,,,
1,1784283296928,17/07/2026 10:14:56,1784283296928,2,17/07/2026 12:14:56,273725,7,questionnaire-48tg,,57268706,BLINDED,16369660,,complete,,,computer,Desktop or Laptop,Mac OS 10.15.7,Chrome 150.0.0.0,1440x900,1440x654,,,0,LackKontrolne,2,AndLack,continue,,,,,,,,,,,,,,,,,,,,,,,,,,,,,,,,,,,,,,,,,,,,,,,,,,,,,,,,,,,,,,,,,,,info,,BEGIN,,,,,,,NIE,2,,,,,,,,,,,,,,,,,,,,,,,,,,,,,,,,,,,,,,,,,,,,,,,,,,,,,,,,,,,,,,,,,,,,,,,,,,,,,,,,,,,,,,,,,,,,,,,,,,,,,,,,,,,,,,,,,,,,,,,,,,,,,,,,,,,,,,,,,,,,,,,,,,,,,,,,,,,,,,,,,,,,,,,,,,,,,,,,,,,,,,,,,,,,,,,
1,1784283309666,17/07/2026 10:15:09,1784283309666,2,17/07/2026 12:15:09,273725,7,questionnaire-whir,,57268711,BLINDED,16369660,,complete,,,computer,Desktop or Laptop,Mac OS 10.15.7,Chrome 150.0.0.0,1440x900,1440x654,,,0,Pytania demograficzne,4,AndLack,continue,,,,,,,,,,,,,,,,,,,,,,,,,,,,,,,,,,,,,,,,,,,,,,,,,,,,,,,,,,,,,,,,,,,info,,BEGIN,,,,,,,,,,,Mężczyzna,1,25,wykształcenie wyższe,4,"Bardzo dobrze, język polski jest moim pierwszym językiem (językiem ojczystym)",1,Więcej niż dwa semestry logiki na studiach,1,,,,,,,,,,,,,,,,,,,,,,,,,,,,,,,,,,,,,,,,,,,,,,,,,,,,,,,,,,,,,,,,,,,,,,,,,,,,,,,,,,,,,,,,,,,,,,,,,,,,,,,,,,,,,,,,,,,,,,,,,,,,,,,,,,,,,,,,,,,,,,,,,,,,,,,,,,,,,,,,,,,,,,,,,,,,,,,,,,,,
1,1784283827926,17/07/2026 10:23:47,1784283827926,2,17/07/2026 12:23:47,273725,7,questionnaire-2hmd,,57268909,BLINDED,16369731,,complete,,,mobile,Samsung SM-A528B,Android 14,Facebook 569.0.0.44.91,412x915,411x784,,,0,Kwestionariusz poczatkowy,11,AndWith,continue,TAK,1,,,,,,,,,,,,,,,,,,,,,,,,,,,,,,,,,,,,,,,,,,,,,,,,,,,,,,,,,,,,,,,,,info,,BEGIN,,,,,,,,,,,,,,,,,,,,,,,,,,,,,,,,,,,,,,,,,,,,,,,,,,,,,,,,,,,,,,,,,,,,,,,,,,,,,,,,,,,,,,,,,,,,,,,,,,,,,,,,,,,,,,,,,,,,,,,,,,,,,,,,,,,,,,,,,,,,,,,,,,,,,,,,,,,,,,,,,,,,,,,,,,,,,,,,,,,,,,,,,,,,,,,,,,,,,,,
1,1784283833813,17/07/2026 10:23:53,1784283833813,2,17/07/2026 12:23:53,273725,7,questionnaire-u8vu,,57268910,BLINDED,16369731,,complete,,,mobile,Samsung SM-A528B,Android 14,Facebook 569.0.0.44.91,412x915,411x784,,,0,Informacja do badania,4,AndWith,continue,,,,,,,,,,,,,,,,,,,,,,,,,,,,,,,,,,,,,,,,,,,,,,,,,,,,,,,,,,,,,,,,,,,info,,BEGIN,,,,,,,,,,,,,,,,,,,,,,,,,,,,,,,,,,,,,,,,,,,,,,,,,,,,,,,,,,,,,,,,,,,,,,,,,,,,,,,,,,,,,,,,,,,,,,,,,,,,,,,,,,,,,,,,,,,,,,,,,,,,,,,,,,,,,,,,,,,,,,,,,,,,,,,,,,,,,,,,,,,,,,,,,,,,,,,,,,,,,,,,,,,,,,,,,,,,,,,
1,1784283840106,17/07/2026 10:24:00,1784283840106,2,17/07/2026 12:24:00,273725,7,questionnaire-nrov,,57268912,BLINDED,16369731,,complete,,,mobile,Samsung SM-A528B,Android 14,Facebook 569.0.0.44.91,412x915,411x784,,,0,4 AndWith version,5,AndWith,continue,,,,,,,,,,,,,,,,,,,,,,,,,,,,,,,,,,,,,,,,,,,,,,,,,,,,,,,,,,,,,,,,,,,info,,BEGIN,,,,,,,,,,,,,,,,,,,,,,,,,,,,,,,,,,,,,,,,,,,,,,,,,,,,,,,,,,,,,,,,,,,,,,,,,,,,,,,,,,,,,,,,,,,,,,,,,,,,,,,,,,,,,,,,,,,,,,,,,,,,,,,,,,,,,,,,,,,,7,7,7,7,5,5,4,4,6,6,5,5,7,7,6,6,7,7,5,5,2,2,5,5,1,1,1,1,1,1,4,4,1,1,5,5,1,1,3,3,1,1,1,1,1,1,1,1,1,1,1,1,1,1,1,1,3,3,1,1
1,1784283976109,17/07/2026 10:26:16,1784283976109,2,17/07/2026 12:26:16,273725,7,questionnaire-knkh,,57268963,BLINDED,16369731,,complete,,,mobile,Samsung SM-A528B,Android 14,Facebook 569.0.0.44.91,412x915,411x784,,,0,WithKontrolne,2,AndWith,continue,,,,,,,,,,,,,,,,,,,,,,,,,,,,,,,,,,,,,,,,,,,,,,,,,,,,,,,,,,,,,,,,,,,info,,BEGIN,,,,,,,,,TAK,1,,,,,,,,,,,,,,,,,,,,,,,,,,,,,,,,,,,,,,,,,,,,,,,,,,,,,,,,,,,,,,,,,,,,,,,,,,,,,,,,,,,,,,,,,,,,,,,,,,,,,,,,,,,,,,,,,,,,,,,,,,,,,,,,,,,,,,,,,,,,,,,,,,,,,,,,,,,,,,,,,,,,,,,,,,,,,,,,,,,,,,,,,,,,,
1,1784283984767,17/07/2026 10:26:24,1784283984767,2,17/07/2026 12:26:24,273725,7,questionnaire-whir,,57268970,BLINDED,16369731,,complete,,,mobile,Samsung SM-A528B,Android 14,Facebook 569.0.0.44.91,412x915,411x784,,,0,Pytania demograficzne,4,AndWith,continue,,,,,,,,,,,,,,,,,,,,,,,,,,,,,,,,,,,,,,,,,,,,,,,,,,,,,,,,,,,,,,,,,,,info,,BEGIN,,,,,,,,,,,Kobieta,2,22,wykształcenie wyższe,4,"Bardzo dobrze, język polski jest moim pierwszym językiem (językiem ojczystym)",1,Brak doświadczenia,4,,,,,,,,,,,,,,,,,,,,,,,,,,,,,,,,,,,,,,,,,,,,,,,,,,,,,,,,,,,,,,,,,,,,,,,,,,,,,,,,,,,,,,,,,,,,,,,,,,,,,,,,,,,,,,,,,,,,,,,,,,,,,,,,,,,,,,,,,,,,,,,,,,,,,,,,,,,,,,,,,,,,,,,,,,,,,,,,,,,,
1,1784283938621,17/07/2026 10:25:38,1784283938621,2,17/07/2026 12:25:38,273725,7,questionnaire-2hmd,,57268948,BLINDED,16369745,,complete,,,mobile,undefined K,Android 10,Chrome 150.0.0.0,407x904,406x766,,,0,Kwestionariusz poczatkowy,11,AndLack,continue,TAK,1,,,,,,,,,,,,,,,,,,,,,,,,,,,,,,,,,,,,,,,,,,,,,,,,,,,,,,,,,,,,,,,,,info,,BEGIN,,,,,,,,,,,,,,,,,,,,,,,,,,,,,,,,,,,,,,,,,,,,,,,,,,,,,,,,,,,,,,,,,,,,,,,,,,,,,,,,,,,,,,,,,,,,,,,,,,,,,,,,,,,,,,,,,,,,,,,,,,,,,,,,,,,,,,,,,,,,,,,,,,,,,,,,,,,,,,,,,,,,,,,,,,,,,,,,,,,,,,,,,,,,,,,,,,,,,,,
1,1784283963089,17/07/2026 10:26:03,1784283963089,2,17/07/2026 12:26:03,273725,7,questionnaire-u8vu,,57268956,BLINDED,16369745,,complete,,,mobile,undefined K,Android 10,Chrome 150.0.0.0,407x904,406x766,,,0,Informacja do badania,4,AndLack,continue,,,,,,,,,,,,,,,,,,,,,,,,,,,,,,,,,,,,,,,,,,,,,,,,,,,,,,,,,,,,,,,,,,,info,,BEGIN,,,,,,,,,,,,,,,,,,,,,,,,,,,,,,,,,,,,,,,,,,,,,,,,,,,,,,,,,,,,,,,,,,,,,,,,,,,,,,,,,,,,,,,,,,,,,,,,,,,,,,,,,,,,,,,,,,,,,,,,,,,,,,,,,,,,,,,,,,,,,,,,,,,,,,,,,,,,,,,,,,,,,,,,,,,,,,,,,,,,,,,,,,,,,,,,,,,,,,,
1,1784283985965,17/07/2026 10:26:25,1784283985965,2,17/07/2026 12:26:25,273725,7,questionnaire-apnj,,57268974,BLINDED,16369745,,complete,,,mobile,undefined K,Android 10,Chrome 150.0.0.0,407x904,406x766,,,0,3 AndLack version,5,AndLack,continue,,,,,,,,,,,,,,,,,,,,,,,,,,,,,,,,,,,,,,,,,,,,,,,,,,,,,,,,,,,,,,,,,,,info,,BEGIN,,,,,,,,,,,,,,,,,,,,,,,,,,,,,,,,,,,,,,,,,,,,,,,,,,,,,,,,,,,,,,,,,,,,,,,,,,,,,,,,7,7,7,7,7,7,3,3,7,7,1,1,7,7,1,1,7,7,4,4,7,7,5,5,7,7,1,1,7,7,1,1,7,7,1,1,7,7,7,7,7,7,1,1,5,5,1,1,7,7,1,1,4,4,1,1,7,7,1,1,,,,,,,,,,,,,,,,,,,,,,,,,,,,,,,,,,,,,,,,,,,,,,,,,,,,,,,,,,,,
1,1784284485842,17/07/2026 10:34:45,1784284485842,2,17/07/2026 12:34:45,273725,7,questionnaire-48tg,,57269200,BLINDED,16369745,,complete,,,mobile,undefined K,Android 10,Chrome 150.0.0.0,407x904,406x766,,,0,LackKontrolne,2,AndLack,continue,,,,,,,,,,,,,,,,,,,,,,,,,,,,,,,,,,,,,,,,,,,,,,,,,,,,,,,,,,,,,,,,,,,info,,BEGIN,,,,,,,NIE,2,,,,,,,,,,,,,,,,,,,,,,,,,,,,,,,,,,,,,,,,,,,,,,,,,,,,,,,,,,,,,,,,,,,,,,,,,,,,,,,,,,,,,,,,,,,,,,,,,,,,,,,,,,,,,,,,,,,,,,,,,,,,,,,,,,,,,,,,,,,,,,,,,,,,,,,,,,,,,,,,,,,,,,,,,,,,,,,,,,,,,,,,,,,,,,,
1,1784284497702,17/07/2026 10:34:57,1784284497702,2,17/07/2026 12:34:57,273725,7,questionnaire-whir,,57269206,BLINDED,16369745,,complete,,,mobile,undefined K,Android 10,Chrome 150.0.0.0,407x904,406x766,,,0,Pytania demograficzne,4,AndLack,continue,,,,,,,,,,,,,,,,,,,,,,,,,,,,,,,,,,,,,,,,,,,,,,,,,,,,,,,,,,,,,,,,,,,info,,BEGIN,,,,,,,,,,,Mężczyzna,1,23,wykształcenie średnie,2,"Bardzo dobrze, język polski jest moim pierwszym językiem (językiem ojczystym)",1,Brak doświadczenia,4,,,,,,,,,,,,,,,,,,,,,,,,,,,,,,,,,,,,,,,,,,,,,,,,,,,,,,,,,,,,,,,,,,,,,,,,,,,,,,,,,,,,,,,,,,,,,,,,,,,,,,,,,,,,,,,,,,,,,,,,,,,,,,,,,,,,,,,,,,,,,,,,,,,,,,,,,,,,,,,,,,,,,,,,,,,,,,,,,,,,
1,1784283957667,17/07/2026 10:25:57,1784283957667,2,17/07/2026 12:25:57,273725,7,questionnaire-2hmd,,57268954,BLINDED,16369748,,complete,,,computer,Desktop or Laptop,Linux x86_64,Chrome 150.0.0.0,407x904,980x1835,,,0,Kwestionariusz poczatkowy,11,AndWith,continue,TAK,1,,,,,,,,,,,,,,,,,,,,,,,,,,,,,,,,,,,,,,,,,,,,,,,,,,,,,,,,,,,,,,,,,info,,BEGIN,,,,,,,,,,,,,,,,,,,,,,,,,,,,,,,,,,,,,,,,,,,,,,,,,,,,,,,,,,,,,,,,,,,,,,,,,,,,,,,,,,,,,,,,,,,,,,,,,,,,,,,,,,,,,,,,,,,,,,,,,,,,,,,,,,,,,,,,,,,,,,,,,,,,,,,,,,,,,,,,,,,,,,,,,,,,,,,,,,,,,,,,,,,,,,,,,,,,,,,
1,1784283965398,17/07/2026 10:26:05,1784283965398,2,17/07/2026 12:26:05,273725,7,questionnaire-u8vu,,57268959,BLINDED,16369748,,complete,,,computer,Desktop or Laptop,Linux x86_64,Chrome 150.0.0.0,407x904,980x1835,,,0,Informacja do badania,4,AndWith,continue,,,,,,,,,,,,,,,,,,,,,,,,,,,,,,,,,,,,,,,,,,,,,,,,,,,,,,,,,,,,,,,,,,,info,,BEGIN,,,,,,,,,,,,,,,,,,,,,,,,,,,,,,,,,,,,,,,,,,,,,,,,,,,,,,,,,,,,,,,,,,,,,,,,,,,,,,,,,,,,,,,,,,,,,,,,,,,,,,,,,,,,,,,,,,,,,,,,,,,,,,,,,,,,,,,,,,,,,,,,,,,,,,,,,,,,,,,,,,,,,,,,,,,,,,,,,,,,,,,,,,,,,,,,,,,,,,,
1,1784283985381,17/07/2026 10:26:25,1784283985381,2,17/07/2026 12:26:25,273725,7,questionnaire-nrov,,57268973,BLINDED,16369748,,complete,,,computer,Desktop or Laptop,Linux x86_64,Chrome 150.0.0.0,407x904,980x1835,,,0,4 AndWith version,5,AndWith,continue,,,,,,,,,,,,,,,,,,,,,,,,,,,,,,,,,,,,,,,,,,,,,,,,,,,,,,,,,,,,,,,,,,,info,,BEGIN,,,,,,,,,,,,,,,,,,,,,,,,,,,,,,,,,,,,,,,,,,,,,,,,,,,,,,,,,,,,,,,,,,,,,,,,,,,,,,,,,,,,,,,,,,,,,,,,,,,,,,,,,,,,,,,,,,,,,,,,,,,,,,,,,,,,,,,,,,,,6,6,7,7,7,7,7,7,5,5,6,6,7,7,6,6,2,2,1,1,6,6,5,5,2,2,2,2,2,2,1,1,2,2,1,1,2,2,2,2,1,1,1,1,1,1,1,1,1,1,2,2,1,1,1,1,2,2,3,3
1,1784284267273,17/07/2026 10:31:07,1784284267273,2,17/07/2026 12:31:07,273725,7,questionnaire-knkh,,57269097,BLINDED,16369748,,complete,,,computer,Desktop or Laptop,Linux x86_64,Chrome 150.0.0.0,407x904,980x1835,,,0,WithKontrolne,2,AndWith,continue,,,,,,,,,,,,,,,,,,,,,,,,,,,,,,,,,,,,,,,,,,,,,,,,,,,,,,,,,,,,,,,,,,,info,,BEGIN,,,,,,,,,TAK,1,,,,,,,,,,,,,,,,,,,,,,,,,,,,,,,,,,,,,,,,,,,,,,,,,,,,,,,,,,,,,,,,,,,,,,,,,,,,,,,,,,,,,,,,,,,,,,,,,,,,,,,,,,,,,,,,,,,,,,,,,,,,,,,,,,,,,,,,,,,,,,,,,,,,,,,,,,,,,,,,,,,,,,,,,,,,,,,,,,,,,,,,,,,,,
1,1784284294461,17/07/2026 10:31:34,1784284294461,2,17/07/2026 12:31:34,273725,7,questionnaire-whir,,57269115,BLINDED,16369748,,complete,,,computer,Desktop or Laptop,Linux x86_64,Chrome 150.0.0.0,407x904,980x1835,,,0,Pytania demograficzne,4,AndWith,continue,,,,,,,,,,,,,,,,,,,,,,,,,,,,,,,,,,,,,,,,,,,,,,,,,,,,,,,,,,,,,,,,,,,info,,BEGIN,,,,,,,,,,,Mężczyzna,1,23,wykształcenie wyższe,4,"Bardzo dobrze, język polski jest moim pierwszym językiem (językiem ojczystym)",1,1-2 semestry na studiach,2,,,,,,,,,,,,,,,,,,,,,,,,,,,,,,,,,,,,,,,,,,,,,,,,,,,,,,,,,,,,,,,,,,,,,,,,,,,,,,,,,,,,,,,,,,,,,,,,,,,,,,,,,,,,,,,,,,,,,,,,,,,,,,,,,,,,,,,,,,,,,,,,,,,,,,,,,,,,,,,,,,,,,,,,,,,,,,,,,,,,
1,1784283978431,17/07/2026 10:26:18,1784283978431,2,17/07/2026 12:26:18,273725,7,questionnaire-2hmd,,57268967,BLINDED,16369752,,complete,,,mobile,undefined K,Android 10,Chrome 150.0.0.0,412x915,411x764,,,0,Kwestionariusz poczatkowy,11,AndLack,continue,TAK,1,,,,,,,,,,,,,,,,,,,,,,,,,,,,,,,,,,,,,,,,,,,,,,,,,,,,,,,,,,,,,,,,,info,,BEGIN,,,,,,,,,,,,,,,,,,,,,,,,,,,,,,,,,,,,,,,,,,,,,,,,,,,,,,,,,,,,,,,,,,,,,,,,,,,,,,,,,,,,,,,,,,,,,,,,,,,,,,,,,,,,,,,,,,,,,,,,,,,,,,,,,,,,,,,,,,,,,,,,,,,,,,,,,,,,,,,,,,,,,,,,,,,,,,,,,,,,,,,,,,,,,,,,,,,,,,,
1,1784283992668,17/07/2026 10:26:32,1784283992668,2,17/07/2026 12:26:32,273725,7,questionnaire-u8vu,,57268978,BLINDED,16369752,,complete,,,mobile,undefined K,Android 10,Chrome 150.0.0.0,412x915,411x764,,,0,Informacja do badania,4,AndLack,continue,,,,,,,,,,,,,,,,,,,,,,,,,,,,,,,,,,,,,,,,,,,,,,,,,,,,,,,,,,,,,,,,,,,info,,BEGIN,,,,,,,,,,,,,,,,,,,,,,,,,,,,,,,,,,,,,,,,,,,,,,,,,,,,,,,,,,,,,,,,,,,,,,,,,,,,,,,,,,,,,,,,,,,,,,,,,,,,,,,,,,,,,,,,,,,,,,,,,,,,,,,,,,,,,,,,,,,,,,,,,,,,,,,,,,,,,,,,,,,,,,,,,,,,,,,,,,,,,,,,,,,,,,,,,,,,,,,
1,1784283999992,17/07/2026 10:26:39,1784283999992,2,17/07/2026 12:26:39,273725,7,questionnaire-apnj,,57268982,BLINDED,16369752,,complete,,,mobile,undefined K,Android 10,Chrome 150.0.0.0,412x915,411x764,,,0,3 AndLack version,5,AndLack,continue,,,,,,,,,,,,,,,,,,,,,,,,,,,,,,,,,,,,,,,,,,,,,,,,,,,,,,,,,,,,,,,,,,,info,,BEGIN,,,,,,,,,,,,,,,,,,,,,,,,,,,,,,,,,,,,,,,,,,,,,,,,,,,,,,,,,,,,,,,,,,,,,,,,,,,,,,,,7,7,5,5,7,7,4,4,6,6,4,4,7,7,3,3,7,7,5,5,7,7,7,7,7,7,3,3,7,7,5,5,6,6,2,2,7,7,5,5,6,6,2,2,6,6,2,2,6,6,2,2,6,6,3,3,5,5,2,2,,,,,,,,,,,,,,,,,,,,,,,,,,,,,,,,,,,,,,,,,,,,,,,,,,,,,,,,,,,,
1,1784284205561,17/07/2026 10:30:05,1784284205561,2,17/07/2026 12:30:05,273725,7,questionnaire-48tg,,57269071,BLINDED,16369752,,complete,,,mobile,undefined K,Android 10,Chrome 150.0.0.0,412x915,411x764,,,0,LackKontrolne,2,AndLack,continue,,,,,,,,,,,,,,,,,,,,,,,,,,,,,,,,,,,,,,,,,,,,,,,,,,,,,,,,,,,,,,,,,,,info,,BEGIN,,,,,,,NIE,2,,,,,,,,,,,,,,,,,,,,,,,,,,,,,,,,,,,,,,,,,,,,,,,,,,,,,,,,,,,,,,,,,,,,,,,,,,,,,,,,,,,,,,,,,,,,,,,,,,,,,,,,,,,,,,,,,,,,,,,,,,,,,,,,,,,,,,,,,,,,,,,,,,,,,,,,,,,,,,,,,,,,,,,,,,,,,,,,,,,,,,,,,,,,,,,
1,1784284216679,17/07/2026 10:30:16,1784284216679,2,17/07/2026 12:30:16,273725,7,questionnaire-whir,,57269076,BLINDED,16369752,,complete,,,mobile,undefined K,Android 10,Chrome 150.0.0.0,412x915,411x764,,,0,Pytania demograficzne,4,AndLack,continue,,,,,,,,,,,,,,,,,,,,,,,,,,,,,,,,,,,,,,,,,,,,,,,,,,,,,,,,,,,,,,,,,,,info,,BEGIN,,,,,,,,,,,Mężczyzna,1,24,wykształcenie wyższe,4,"Bardzo dobrze, język polski jest moim pierwszym językiem (językiem ojczystym)",1,Więcej niż dwa semestry logiki na studiach,1,,,,,,,,,,,,,,,,,,,,,,,,,,,,,,,,,,,,,,,,,,,,,,,,,,,,,,,,,,,,,,,,,,,,,,,,,,,,,,,,,,,,,,,,,,,,,,,,,,,,,,,,,,,,,,,,,,,,,,,,,,,,,,,,,,,,,,,,,,,,,,,,,,,,,,,,,,,,,,,,,,,,,,,,,,,,,,,,,,,,
1,1784283981261,17/07/2026 10:26:21,1784283981261,2,17/07/2026 12:26:21,273725,7,questionnaire-2hmd,,57268968,BLINDED,16369753,,complete,,,mobile,undefined K,Android 10,Chrome 150.0.0.0,360x792,360x652,,,0,Kwestionariusz poczatkowy,11,CondWith,continue,TAK,1,,,,,,,,,,,,,,,,,,,,,,,,,,,,,,,,,,,,,,,,,,,,,,,,,,,,,,,,,,,,,,,,,info,,BEGIN,,,,,,,,,,,,,,,,,,,,,,,,,,,,,,,,,,,,,,,,,,,,,,,,,,,,,,,,,,,,,,,,,,,,,,,,,,,,,,,,,,,,,,,,,,,,,,,,,,,,,,,,,,,,,,,,,,,,,,,,,,,,,,,,,,,,,,,,,,,,,,,,,,,,,,,,,,,,,,,,,,,,,,,,,,,,,,,,,,,,,,,,,,,,,,,,,,,,,,,
1,1784283990668,17/07/2026 10:26:30,1784283990668,2,17/07/2026 12:26:30,273725,7,questionnaire-u8vu,,57268977,BLINDED,16369753,,complete,,,mobile,undefined K,Android 10,Chrome 150.0.0.0,360x792,360x652,,,0,Informacja do badania,4,CondWith,continue,,,,,,,,,,,,,,,,,,,,,,,,,,,,,,,,,,,,,,,,,,,,,,,,,,,,,,,,,,,,,,,,,,,info,,BEGIN,,,,,,,,,,,,,,,,,,,,,,,,,,,,,,,,,,,,,,,,,,,,,,,,,,,,,,,,,,,,,,,,,,,,,,,,,,,,,,,,,,,,,,,,,,,,,,,,,,,,,,,,,,,,,,,,,,,,,,,,,,,,,,,,,,,,,,,,,,,,,,,,,,,,,,,,,,,,,,,,,,,,,,,,,,,,,,,,,,,,,,,,,,,,,,,,,,,,,,,
1,1784284004918,17/07/2026 10:26:44,1784284004918,2,17/07/2026 12:26:44,273725,7,questionnaire-84x1,,57268985,BLINDED,16369753,,complete,,,mobile,undefined K,Android 10,Chrome 150.0.0.0,360x792,360x652,,,0,2 CondWith version,5,CondWith,continue,,,,,,,,,,,,,,,,,,,,,,,,,,,,,,,,,,,,,,,,,,,,,,,,,,,,,,,,,,,,,,,,,,,info,,BEGIN,,,,,,,,,,,,,,,,,,,,6,6,3,3,6,6,4,4,6,6,5,5,6,6,2,2,7,7,7,7,4,4,4,4,2,2,3,3,2,2,1,1,2,2,5,5,1,1,5,5,1,1,5,5,2,2,5,5,1,1,3,3,1,1,6,6,1,1,5,5,,,,,,,,,,,,,,,,,,,,,,,,,,,,,,,,,,,,,,,,,,,,,,,,,,,,,,,,,,,,,,,,,,,,,,,,,,,,,,,,,,,,,,,,,,,,,,,,,,,,,,,,,,,,,,,,,,,,,,,,
1,1784284204760,17/07/2026 10:30:04,1784284204760,2,17/07/2026 12:30:04,273725,7,questionnaire-knkh,,57269066,BLINDED,16369753,,complete,,,mobile,undefined K,Android 10,Chrome 150.0.0.0,360x792,360x652,,,0,WithKontrolne,2,CondWith,continue,,,,,,,,,,,,,,,,,,,,,,,,,,,,,,,,,,,,,,,,,,,,,,,,,,,,,,,,,,,,,,,,,,,info,,BEGIN,,,,,,,,,NIE,2,,,,,,,,,,,,,,,,,,,,,,,,,,,,,,,,,,,,,,,,,,,,,,,,,,,,,,,,,,,,,,,,,,,,,,,,,,,,,,,,,,,,,,,,,,,,,,,,,,,,,,,,,,,,,,,,,,,,,,,,,,,,,,,,,,,,,,,,,,,,,,,,,,,,,,,,,,,,,,,,,,,,,,,,,,,,,,,,,,,,,,,,,,,,,
1,1784284217255,17/07/2026 10:30:17,1784284217255,2,17/07/2026 12:30:17,273725,7,questionnaire-whir,,57269077,BLINDED,16369753,,complete,,,mobile,undefined K,Android 10,Chrome 150.0.0.0,360x792,360x652,,,0,Pytania demograficzne,4,CondWith,continue,,,,,,,,,,,,,,,,,,,,,,,,,,,,,,,,,,,,,,,,,,,,,,,,,,,,,,,,,,,,,,,,,,,info,,BEGIN,,,,,,,,,,,Mężczyzna,1,25,wykształcenie wyższe,4,Średnio,4,1-2 semestry na studiach,2,,,,,,,,,,,,,,,,,,,,,,,,,,,,,,,,,,,,,,,,,,,,,,,,,,,,,,,,,,,,,,,,,,,,,,,,,,,,,,,,,,,,,,,,,,,,,,,,,,,,,,,,,,,,,,,,,,,,,,,,,,,,,,,,,,,,,,,,,,,,,,,,,,,,,,,,,,,,,,,,,,,,,,,,,,,,,,,,,,,,
1,1784284097237,17/07/2026 10:28:17,1784284097237,2,17/07/2026 12:28:17,273725,7,questionnaire-2hmd,,57269020,BLINDED,16369765,,complete,,,mobile,undefined K,Android 10,Samsung Internet 30.0,384x857,384x735,,,0,Kwestionariusz poczatkowy,11,AndWith,continue,TAK,1,,,,,,,,,,,,,,,,,,,,,,,,,,,,,,,,,,,,,,,,,,,,,,,,,,,,,,,,,,,,,,,,,info,,BEGIN,,,,,,,,,,,,,,,,,,,,,,,,,,,,,,,,,,,,,,,,,,,,,,,,,,,,,,,,,,,,,,,,,,,,,,,,,,,,,,,,,,,,,,,,,,,,,,,,,,,,,,,,,,,,,,,,,,,,,,,,,,,,,,,,,,,,,,,,,,,,,,,,,,,,,,,,,,,,,,,,,,,,,,,,,,,,,,,,,,,,,,,,,,,,,,,,,,,,,,,
1,1784284112864,17/07/2026 10:28:32,1784284112864,2,17/07/2026 12:28:32,273725,7,questionnaire-u8vu,,57269029,BLINDED,16369765,,complete,,,mobile,undefined K,Android 10,Samsung Internet 30.0,384x857,384x735,,,0,Informacja do badania,4,AndWith,continue,,,,,,,,,,,,,,,,,,,,,,,,,,,,,,,,,,,,,,,,,,,,,,,,,,,,,,,,,,,,,,,,,,,info,,BEGIN,,,,,,,,,,,,,,,,,,,,,,,,,,,,,,,,,,,,,,,,,,,,,,,,,,,,,,,,,,,,,,,,,,,,,,,,,,,,,,,,,,,,,,,,,,,,,,,,,,,,,,,,,,,,,,,,,,,,,,,,,,,,,,,,,,,,,,,,,,,,,,,,,,,,,,,,,,,,,,,,,,,,,,,,,,,,,,,,,,,,,,,,,,,,,,,,,,,,,,,
1,1784284133221,17/07/2026 10:28:53,1784284133221,2,17/07/2026 12:28:53,273725,7,questionnaire-nrov,,57269038,BLINDED,16369765,,complete,,,mobile,undefined K,Android 10,Samsung Internet 30.0,384x857,384x735,,,0,4 AndWith version,5,AndWith,continue,,,,,,,,,,,,,,,,,,,,,,,,,,,,,,,,,,,,,,,,,,,,,,,,,,,,,,,,,,,,,,,,,,,info,,BEGIN,,,,,,,,,,,,,,,,,,,,,,,,,,,,,,,,,,,,,,,,,,,,,,,,,,,,,,,,,,,,,,,,,,,,,,,,,,,,,,,,,,,,,,,,,,,,,,,,,,,,,,,,,,,,,,,,,,,,,,,,,,,,,,,,,,,,,,,,,,,,7,7,7,7,7,7,4,4,7,7,5,5,7,7,4,4,7,7,7,7,1,1,4,4,1,1,5,5,7,7,4,4,2,2,4,4,7,7,7,7,1,1,6,6,1,1,4,4,1,1,4,4,1,1,5,5,1,1,5,5
1,1784284263313,17/07/2026 10:31:03,1784284263313,2,17/07/2026 12:31:03,273725,7,questionnaire-knkh,,57269094,BLINDED,16369765,,complete,,,mobile,undefined K,Android 10,Samsung Internet 30.0,384x857,384x735,,,0,WithKontrolne,2,AndWith,continue,,,,,,,,,,,,,,,,,,,,,,,,,,,,,,,,,,,,,,,,,,,,,,,,,,,,,,,,,,,,,,,,,,,info,,BEGIN,,,,,,,,,TAK,1,,,,,,,,,,,,,,,,,,,,,,,,,,,,,,,,,,,,,,,,,,,,,,,,,,,,,,,,,,,,,,,,,,,,,,,,,,,,,,,,,,,,,,,,,,,,,,,,,,,,,,,,,,,,,,,,,,,,,,,,,,,,,,,,,,,,,,,,,,,,,,,,,,,,,,,,,,,,,,,,,,,,,,,,,,,,,,,,,,,,,,,,,,,,,
1,1784284272662,17/07/2026 10:31:12,1784284272662,2,17/07/2026 12:31:12,273725,7,questionnaire-whir,,57269103,BLINDED,16369765,,complete,,,mobile,undefined K,Android 10,Samsung Internet 30.0,384x857,384x735,,,0,Pytania demograficzne,4,AndWith,continue,,,,,,,,,,,,,,,,,,,,,,,,,,,,,,,,,,,,,,,,,,,,,,,,,,,,,,,,,,,,,,,,,,,info,,BEGIN,,,,,,,,,,,Kobieta,2,27,wykształcenie wyższe,4,"Bardzo dobrze, język polski jest moim pierwszym językiem (językiem ojczystym)",1,Brak doświadczenia,4,,,,,,,,,,,,,,,,,,,,,,,,,,,,,,,,,,,,,,,,,,,,,,,,,,,,,,,,,,,,,,,,,,,,,,,,,,,,,,,,,,,,,,,,,,,,,,,,,,,,,,,,,,,,,,,,,,,,,,,,,,,,,,,,,,,,,,,,,,,,,,,,,,,,,,,,,,,,,,,,,,,,,,,,,,,,,,,,,,,,
1,1784284666681,17/07/2026 10:37:46,1784284666681,2,17/07/2026 12:37:46,273725,7,questionnaire-2hmd,,57269325,BLINDED,16369838,,complete,,,mobile,undefined K,Android 10,Samsung Internet 30.0,360x800,360x674,,,0,Kwestionariusz poczatkowy,11,AndWith,continue,TAK,1,,,,,,,,,,,,,,,,,,,,,,,,,,,,,,,,,,,,,,,,,,,,,,,,,,,,,,,,,,,,,,,,,info,,BEGIN,,,,,,,,,,,,,,,,,,,,,,,,,,,,,,,,,,,,,,,,,,,,,,,,,,,,,,,,,,,,,,,,,,,,,,,,,,,,,,,,,,,,,,,,,,,,,,,,,,,,,,,,,,,,,,,,,,,,,,,,,,,,,,,,,,,,,,,,,,,,,,,,,,,,,,,,,,,,,,,,,,,,,,,,,,,,,,,,,,,,,,,,,,,,,,,,,,,,,,,
1,1784284691478,17/07/2026 10:38:11,1784284691478,2,17/07/2026 12:38:11,273725,7,questionnaire-u8vu,,57269344,BLINDED,16369838,,complete,,,mobile,undefined K,Android 10,Samsung Internet 30.0,360x800,360x674,,,0,Informacja do badania,4,AndWith,continue,,,,,,,,,,,,,,,,,,,,,,,,,,,,,,,,,,,,,,,,,,,,,,,,,,,,,,,,,,,,,,,,,,,info,,BEGIN,,,,,,,,,,,,,,,,,,,,,,,,,,,,,,,,,,,,,,,,,,,,,,,,,,,,,,,,,,,,,,,,,,,,,,,,,,,,,,,,,,,,,,,,,,,,,,,,,,,,,,,,,,,,,,,,,,,,,,,,,,,,,,,,,,,,,,,,,,,,,,,,,,,,,,,,,,,,,,,,,,,,,,,,,,,,,,,,,,,,,,,,,,,,,,,,,,,,,,,
1,1784284717237,17/07/2026 10:38:37,1784284717237,2,17/07/2026 12:38:37,273725,7,questionnaire-nrov,,57269364,BLINDED,16369838,,complete,,,mobile,undefined K,Android 10,Samsung Internet 30.0,360x800,360x674,,,0,4 AndWith version,5,AndWith,continue,,,,,,,,,,,,,,,,,,,,,,,,,,,,,,,,,,,,,,,,,,,,,,,,,,,,,,,,,,,,,,,,,,,info,,BEGIN,,,,,,,,,,,,,,,,,,,,,,,,,,,,,,,,,,,,,,,,,,,,,,,,,,,,,,,,,,,,,,,,,,,,,,,,,,,,,,,,,,,,,,,,,,,,,,,,,,,,,,,,,,,,,,,,,,,,,,,,,,,,,,,,,,,,,,,,,,,,7,7,7,7,7,7,1,1,7,7,7,7,7,7,7,7,4,4,5,5,1,1,1,1,1,1,1,1,1,1,1,1,1,1,1,1,1,1,1,1,1,1,1,1,1,1,1,1,1,1,1,1,1,1,1,1,1,1,1,1
1,1784284993995,17/07/2026 10:43:13,1784284993995,2,17/07/2026 12:43:13,273725,7,questionnaire-knkh,,57269509,BLINDED,16369838,,complete,,,mobile,undefined K,Android 10,Samsung Internet 30.0,360x800,360x674,,,0,WithKontrolne,2,AndWith,continue,,,,,,,,,,,,,,,,,,,,,,,,,,,,,,,,,,,,,,,,,,,,,,,,,,,,,,,,,,,,,,,,,,,info,,BEGIN,,,,,,,,,TAK,1,,,,,,,,,,,,,,,,,,,,,,,,,,,,,,,,,,,,,,,,,,,,,,,,,,,,,,,,,,,,,,,,,,,,,,,,,,,,,,,,,,,,,,,,,,,,,,,,,,,,,,,,,,,,,,,,,,,,,,,,,,,,,,,,,,,,,,,,,,,,,,,,,,,,,,,,,,,,,,,,,,,,,,,,,,,,,,,,,,,,,,,,,,,,,
1,1784285001953,17/07/2026 10:43:21,1784285001953,2,17/07/2026 12:43:21,273725,7,questionnaire-whir,,57269514,BLINDED,16369838,,complete,,,mobile,undefined K,Android 10,Samsung Internet 30.0,360x800,360x674,,,0,Pytania demograficzne,4,AndWith,continue,,,,,,,,,,,,,,,,,,,,,,,,,,,,,,,,,,,,,,,,,,,,,,,,,,,,,,,,,,,,,,,,,,,info,,BEGIN,,,,,,,,,,,Kobieta,2,34,wykształcenie wyższe,4,"Bardzo dobrze, język polski jest moim pierwszym językiem (językiem ojczystym)",1,Brak doświadczenia,4,,,,,,,,,,,,,,,,,,,,,,,,,,,,,,,,,,,,,,,,,,,,,,,,,,,,,,,,,,,,,,,,,,,,,,,,,,,,,,,,,,,,,,,,,,,,,,,,,,,,,,,,,,,,,,,,,,,,,,,,,,,,,,,,,,,,,,,,,,,,,,,,,,,,,,,,,,,,,,,,,,,,,,,,,,,,,,,,,,,,
1,1784284679693,17/07/2026 10:37:59,1784284679693,2,17/07/2026 12:37:59,273725,7,questionnaire-2hmd,,57269331,BLINDED,16369840,,complete,,,computer,Desktop or Laptop,Windows 10,Firefox 152.0,2560x1080,2560x944,,,0,Kwestionariusz poczatkowy,11,AndLack,continue,TAK,1,,,,,,,,,,,,,,,,,,,,,,,,,,,,,,,,,,,,,,,,,,,,,,,,,,,,,,,,,,,,,,,,,info,,BEGIN,,,,,,,,,,,,,,,,,,,,,,,,,,,,,,,,,,,,,,,,,,,,,,,,,,,,,,,,,,,,,,,,,,,,,,,,,,,,,,,,,,,,,,,,,,,,,,,,,,,,,,,,,,,,,,,,,,,,,,,,,,,,,,,,,,,,,,,,,,,,,,,,,,,,,,,,,,,,,,,,,,,,,,,,,,,,,,,,,,,,,,,,,,,,,,,,,,,,,,,
1,1784284713379,17/07/2026 10:38:33,1784284713379,2,17/07/2026 12:38:33,273725,7,questionnaire-u8vu,,57269352,BLINDED,16369840,,complete,,,computer,Desktop or Laptop,Windows 10,Firefox 152.0,2560x1080,2560x944,,,0,Informacja do badania,4,AndLack,continue,,,,,,,,,,,,,,,,,,,,,,,,,,,,,,,,,,,,,,,,,,,,,,,,,,,,,,,,,,,,,,,,,,,info,,BEGIN,,,,,,,,,,,,,,,,,,,,,,,,,,,,,,,,,,,,,,,,,,,,,,,,,,,,,,,,,,,,,,,,,,,,,,,,,,,,,,,,,,,,,,,,,,,,,,,,,,,,,,,,,,,,,,,,,,,,,,,,,,,,,,,,,,,,,,,,,,,,,,,,,,,,,,,,,,,,,,,,,,,,,,,,,,,,,,,,,,,,,,,,,,,,,,,,,,,,,,,
1,1784284717461,17/07/2026 10:38:37,1784284717461,2,17/07/2026 12:38:37,273725,7,questionnaire-apnj,,57269361,BLINDED,16369840,,complete,,,computer,Desktop or Laptop,Windows 10,Firefox 152.0,2560x1080,2560x944,,,0,3 AndLack version,5,AndLack,continue,,,,,,,,,,,,,,,,,,,,,,,,,,,,,,,,,,,,,,,,,,,,,,,,,,,,,,,,,,,,,,,,,,,info,,BEGIN,,,,,,,,,,,,,,,,,,,,,,,,,,,,,,,,,,,,,,,,,,,,,,,,,,,,,,,,,,,,,,,,,,,,,,,,,,,,,,,,5,5,3,3,3,3,3,3,5,5,4,4,3,3,1,1,5,5,4,4,5,5,5,5,5,5,2,2,4,4,3,3,3,3,1,1,5,5,5,5,1,1,2,2,2,2,1,1,2,2,3,3,1,1,2,2,1,1,2,2,,,,,,,,,,,,,,,,,,,,,,,,,,,,,,,,,,,,,,,,,,,,,,,,,,,,,,,,,,,,
1,1784284806149,17/07/2026 10:40:06,1784284806149,2,17/07/2026 12:40:06,273725,7,questionnaire-48tg,,57269411,BLINDED,16369840,,complete,,,computer,Desktop or Laptop,Windows 10,Firefox 152.0,2560x1080,2560x944,,,0,LackKontrolne,2,AndLack,continue,,,,,,,,,,,,,,,,,,,,,,,,,,,,,,,,,,,,,,,,,,,,,,,,,,,,,,,,,,,,,,,,,,,info,,BEGIN,,,,,,,NIE,2,,,,,,,,,,,,,,,,,,,,,,,,,,,,,,,,,,,,,,,,,,,,,,,,,,,,,,,,,,,,,,,,,,,,,,,,,,,,,,,,,,,,,,,,,,,,,,,,,,,,,,,,,,,,,,,,,,,,,,,,,,,,,,,,,,,,,,,,,,,,,,,,,,,,,,,,,,,,,,,,,,,,,,,,,,,,,,,,,,,,,,,,,,,,,,,
1,1784284813386,17/07/2026 10:40:13,1784284813386,2,17/07/2026 12:40:13,273725,7,questionnaire-whir,,57269414,BLINDED,16369840,,complete,,,computer,Desktop or Laptop,Windows 10,Firefox 152.0,2560x1080,2560x944,,,0,Pytania demograficzne,4,AndLack,continue,,,,,,,,,,,,,,,,,,,,,,,,,,,,,,,,,,,,,,,,,,,,,,,,,,,,,,,,,,,,,,,,,,,info,,BEGIN,,,,,,,,,,,Kobieta,2,35,wykształcenie średnie,2,"Bardzo dobrze, język polski jest moim pierwszym językiem (językiem ojczystym)",1,Brak doświadczenia,4,,,,,,,,,,,,,,,,,,,,,,,,,,,,,,,,,,,,,,,,,,,,,,,,,,,,,,,,,,,,,,,,,,,,,,,,,,,,,,,,,,,,,,,,,,,,,,,,,,,,,,,,,,,,,,,,,,,,,,,,,,,,,,,,,,,,,,,,,,,,,,,,,,,,,,,,,,,,,,,,,,,,,,,,,,,,,,,,,,,,
1,1784286932320,17/07/2026 11:15:32,1784286932320,2,17/07/2026 13:15:32,273725,7,questionnaire-2hmd,,57270860,BLINDED,16370135,,complete,,,mobile,OPPO CPH2581,Android 16,Facebook 569.0.0.44.91,360x792,360x704,,,0,Kwestionariusz poczatkowy,11,AndWith,continue,TAK,1,,,,,,,,,,,,,,,,,,,,,,,,,,,,,,,,,,,,,,,,,,,,,,,,,,,,,,,,,,,,,,,,,info,,BEGIN,,,,,,,,,,,,,,,,,,,,,,,,,,,,,,,,,,,,,,,,,,,,,,,,,,,,,,,,,,,,,,,,,,,,,,,,,,,,,,,,,,,,,,,,,,,,,,,,,,,,,,,,,,,,,,,,,,,,,,,,,,,,,,,,,,,,,,,,,,,,,,,,,,,,,,,,,,,,,,,,,,,,,,,,,,,,,,,,,,,,,,,,,,,,,,,,,,,,,,,
1,1784286951784,17/07/2026 11:15:51,1784286951784,2,17/07/2026 13:15:51,273725,7,questionnaire-u8vu,,57270887,BLINDED,16370135,,complete,,,mobile,OPPO CPH2581,Android 16,Facebook 569.0.0.44.91,360x792,360x704,,,0,Informacja do badania,4,AndWith,continue,,,,,,,,,,,,,,,,,,,,,,,,,,,,,,,,,,,,,,,,,,,,,,,,,,,,,,,,,,,,,,,,,,,info,,BEGIN,,,,,,,,,,,,,,,,,,,,,,,,,,,,,,,,,,,,,,,,,,,,,,,,,,,,,,,,,,,,,,,,,,,,,,,,,,,,,,,,,,,,,,,,,,,,,,,,,,,,,,,,,,,,,,,,,,,,,,,,,,,,,,,,,,,,,,,,,,,,,,,,,,,,,,,,,,,,,,,,,,,,,,,,,,,,,,,,,,,,,,,,,,,,,,,,,,,,,,,
1,1784286977483,17/07/2026 11:16:17,1784286977483,2,17/07/2026 13:16:17,273725,7,questionnaire-nrov,,57270922,BLINDED,16370135,,complete,,,mobile,OPPO CPH2581,Android 16,Facebook 569.0.0.44.91,360x792,360x704,,,0,4 AndWith version,5,AndWith,continue,,,,,,,,,,,,,,,,,,,,,,,,,,,,,,,,,,,,,,,,,,,,,,,,,,,,,,,,,,,,,,,,,,,info,,BEGIN,,,,,,,,,,,,,,,,,,,,,,,,,,,,,,,,,,,,,,,,,,,,,,,,,,,,,,,,,,,,,,,,,,,,,,,,,,,,,,,,,,,,,,,,,,,,,,,,,,,,,,,,,,,,,,,,,,,,,,,,,,,,,,,,,,,,,,,,,,,,7,7,2,2,7,7,6,6,7,7,4,4,7,7,2,2,6,6,5,5,1,1,1,1,1,1,2,2,1,1,1,1,1,1,1,1,1,1,2,2,1,1,1,1,1,1,1,1,1,1,1,1,1,1,1,1,1,1,2,2
1,1784287165540,17/07/2026 11:19:25,1784287165540,2,17/07/2026 13:19:25,273725,7,questionnaire-knkh,,57271132,BLINDED,16370135,,complete,,,mobile,OPPO CPH2581,Android 16,Facebook 569.0.0.44.91,360x792,360x704,,,0,WithKontrolne,2,AndWith,continue,,,,,,,,,,,,,,,,,,,,,,,,,,,,,,,,,,,,,,,,,,,,,,,,,,,,,,,,,,,,,,,,,,,info,,BEGIN,,,,,,,,,TAK,1,,,,,,,,,,,,,,,,,,,,,,,,,,,,,,,,,,,,,,,,,,,,,,,,,,,,,,,,,,,,,,,,,,,,,,,,,,,,,,,,,,,,,,,,,,,,,,,,,,,,,,,,,,,,,,,,,,,,,,,,,,,,,,,,,,,,,,,,,,,,,,,,,,,,,,,,,,,,,,,,,,,,,,,,,,,,,,,,,,,,,,,,,,,,,
1,1784287181399,17/07/2026 11:19:41,1784287181399,2,17/07/2026 13:19:41,273725,7,questionnaire-whir,,57271151,BLINDED,16370135,,complete,,,mobile,OPPO CPH2581,Android 16,Facebook 569.0.0.44.91,360x792,360x704,,,0,Pytania demograficzne,4,AndWith,continue,,,,,,,,,,,,,,,,,,,,,,,,,,,,,,,,,,,,,,,,,,,,,,,,,,,,,,,,,,,,,,,,,,,info,,BEGIN,,,,,,,,,,,Mężczyzna,1,24,wykształcenie wyższe,4,"Bardzo dobrze, język polski jest moim pierwszym językiem (językiem ojczystym)",1,1-2 semestry na studiach,2,,,,,,,,,,,,,,,,,,,,,,,,,,,,,,,,,,,,,,,,,,,,,,,,,,,,,,,,,,,,,,,,,,,,,,,,,,,,,,,,,,,,,,,,,,,,,,,,,,,,,,,,,,,,,,,,,,,,,,,,,,,,,,,,,,,,,,,,,,,,,,,,,,,,,,,,,,,,,,,,,,,,,,,,,,,,,,,,,,,,
1,1784291922416,17/07/2026 12:38:42,1784291922416,2,17/07/2026 14:38:42,273725,7,questionnaire-2hmd,,57274908,BLINDED,16370720,,complete,,,mobile,Xiaomi 23021RAA2Y,Android 14,Facebook 569.0.0.44.91,393x873,392x743,,,0,Kwestionariusz poczatkowy,11,CondLack,continue,TAK,1,,,,,,,,,,,,,,,,,,,,,,,,,,,,,,,,,,,,,,,,,,,,,,,,,,,,,,,,,,,,,,,,,info,,BEGIN,,,,,,,,,,,,,,,,,,,,,,,,,,,,,,,,,,,,,,,,,,,,,,,,,,,,,,,,,,,,,,,,,,,,,,,,,,,,,,,,,,,,,,,,,,,,,,,,,,,,,,,,,,,,,,,,,,,,,,,,,,,,,,,,,,,,,,,,,,,,,,,,,,,,,,,,,,,,,,,,,,,,,,,,,,,,,,,,,,,,,,,,,,,,,,,,,,,,,,,
1,1784291929421,17/07/2026 12:38:49,1784291929421,2,17/07/2026 14:38:49,273725,7,questionnaire-u8vu,,57274912,BLINDED,16370720,,complete,,,mobile,Xiaomi 23021RAA2Y,Android 14,Facebook 569.0.0.44.91,393x873,392x743,,,0,Informacja do badania,4,CondLack,continue,,,,,,,,,,,,,,,,,,,,,,,,,,,,,,,,,,,,,,,,,,,,,,,,,,,,,,,,,,,,,,,,,,,info,,BEGIN,,,,,,,,,,,,,,,,,,,,,,,,,,,,,,,,,,,,,,,,,,,,,,,,,,,,,,,,,,,,,,,,,,,,,,,,,,,,,,,,,,,,,,,,,,,,,,,,,,,,,,,,,,,,,,,,,,,,,,,,,,,,,,,,,,,,,,,,,,,,,,,,,,,,,,,,,,,,,,,,,,,,,,,,,,,,,,,,,,,,,,,,,,,,,,,,,,,,,,,
1,1784291951296,17/07/2026 12:39:11,1784291951296,2,17/07/2026 14:39:11,273725,7,questionnaire-mxn9,,57274920,BLINDED,16370720,,complete,,,mobile,Xiaomi 23021RAA2Y,Android 14,Facebook 569.0.0.44.91,393x873,392x743,,,0,1 CondLack version,8,CondLack,continue,,,6,6,3,3,7,7,5,5,7,7,7,7,7,7,6,6,5,5,7,7,2,2,6,6,1,1,6,6,1,1,3,3,1,1,2,2,1,1,4,4,1,1,2,2,1,1,3,3,1,1,1,1,1,1,2,2,3,3,3,3,,,,,info,,BEGIN,,,,,,,,,,,,,,,,,,,,,,,,,,,,,,,,,,,,,,,,,,,,,,,,,,,,,,,,,,,,,,,,,,,,,,,,,,,,,,,,,,,,,,,,,,,,,,,,,,,,,,,,,,,,,,,,,,,,,,,,,,,,,,,,,,,,,,,,,,,,,,,,,,,,,,,,,,,,,,,,,,,,,,,,,,,,,,,,,,,,,,,,,,,,,,,,,,,,,,,
1,1784292207056,17/07/2026 12:43:27,1784292207056,2,17/07/2026 14:43:27,273725,7,questionnaire-48tg,,57275015,BLINDED,16370720,,complete,,,mobile,Xiaomi 23021RAA2Y,Android 14,Facebook 569.0.0.44.91,393x873,392x743,,,0,LackKontrolne,2,CondLack,continue,,,,,,,,,,,,,,,,,,,,,,,,,,,,,,,,,,,,,,,,,,,,,,,,,,,,,,,,,,,,,,,,,,,info,,BEGIN,,,,,,,NIE,2,,,,,,,,,,,,,,,,,,,,,,,,,,,,,,,,,,,,,,,,,,,,,,,,,,,,,,,,,,,,,,,,,,,,,,,,,,,,,,,,,,,,,,,,,,,,,,,,,,,,,,,,,,,,,,,,,,,,,,,,,,,,,,,,,,,,,,,,,,,,,,,,,,,,,,,,,,,,,,,,,,,,,,,,,,,,,,,,,,,,,,,,,,,,,,,
1,1784292219403,17/07/2026 12:43:39,1784292219403,2,17/07/2026 14:43:39,273725,7,questionnaire-whir,,57275019,BLINDED,16370720,,complete,,,mobile,Xiaomi 23021RAA2Y,Android 14,Facebook 569.0.0.44.91,393x873,392x743,,,0,Pytania demograficzne,4,CondLack,continue,,,,,,,,,,,,,,,,,,,,,,,,,,,,,,,,,,,,,,,,,,,,,,,,,,,,,,,,,,,,,,,,,,,info,,BEGIN,,,,,,,,,,,Mężczyzna,1,22,wykształcenie wyższe,4,"Bardzo dobrze, język polski jest moim pierwszym językiem (językiem ojczystym)",1,1-2 semestry na studiach,2,,,,,,,,,,,,,,,,,,,,,,,,,,,,,,,,,,,,,,,,,,,,,,,,,,,,,,,,,,,,,,,,,,,,,,,,,,,,,,,,,,,,,,,,,,,,,,,,,,,,,,,,,,,,,,,,,,,,,,,,,,,,,,,,,,,,,,,,,,,,,,,,,,,,,,,,,,,,,,,,,,,,,,,,,,,,,,,,,,,,
1,1784303434680,17/07/2026 15:50:34,1784303434680,2,17/07/2026 17:50:34,273725,7,questionnaire-2hmd,,57280363,BLINDED,16372100,,complete,,,computer,Desktop or Laptop,Windows 10,Firefox 152.0,1920x1080,1920x919,,,0,Kwestionariusz poczatkowy,11,AndLack,continue,TAK,1,,,,,,,,,,,,,,,,,,,,,,,,,,,,,,,,,,,,,,,,,,,,,,,,,,,,,,,,,,,,,,,,,info,,BEGIN,,,,,,,,,,,,,,,,,,,,,,,,,,,,,,,,,,,,,,,,,,,,,,,,,,,,,,,,,,,,,,,,,,,,,,,,,,,,,,,,,,,,,,,,,,,,,,,,,,,,,,,,,,,,,,,,,,,,,,,,,,,,,,,,,,,,,,,,,,,,,,,,,,,,,,,,,,,,,,,,,,,,,,,,,,,,,,,,,,,,,,,,,,,,,,,,,,,,,,,
1,1784303440508,17/07/2026 15:50:40,1784303440508,2,17/07/2026 17:50:40,273725,7,questionnaire-u8vu,,57280365,BLINDED,16372100,,complete,,,computer,Desktop or Laptop,Windows 10,Firefox 152.0,1920x1080,1920x919,,,0,Informacja do badania,4,AndLack,continue,,,,,,,,,,,,,,,,,,,,,,,,,,,,,,,,,,,,,,,,,,,,,,,,,,,,,,,,,,,,,,,,,,,info,,BEGIN,,,,,,,,,,,,,,,,,,,,,,,,,,,,,,,,,,,,,,,,,,,,,,,,,,,,,,,,,,,,,,,,,,,,,,,,,,,,,,,,,,,,,,,,,,,,,,,,,,,,,,,,,,,,,,,,,,,,,,,,,,,,,,,,,,,,,,,,,,,,,,,,,,,,,,,,,,,,,,,,,,,,,,,,,,,,,,,,,,,,,,,,,,,,,,,,,,,,,,,
1,1784303449894,17/07/2026 15:50:49,1784303449894,2,17/07/2026 17:50:49,273725,7,questionnaire-apnj,,57280371,BLINDED,16372100,,complete,,,computer,Desktop or Laptop,Windows 10,Firefox 152.0,1920x1080,1920x919,,,0,3 AndLack version,5,AndLack,continue,,,,,,,,,,,,,,,,,,,,,,,,,,,,,,,,,,,,,,,,,,,,,,,,,,,,,,,,,,,,,,,,,,,info,,BEGIN,,,,,,,,,,,,,,,,,,,,,,,,,,,,,,,,,,,,,,,,,,,,,,,,,,,,,,,,,,,,,,,,,,,,,,,,,,,,,,,,7,7,7,7,7,7,7,7,7,7,7,7,7,7,7,7,7,7,7,7,7,7,7,7,7,7,7,7,7,7,7,7,7,7,7,7,7,7,7,7,7,7,7,7,7,7,7,7,7,7,7,7,7,7,7,7,7,7,7,7,,,,,,,,,,,,,,,,,,,,,,,,,,,,,,,,,,,,,,,,,,,,,,,,,,,,,,,,,,,,
1,1784303555116,17/07/2026 15:52:35,1784303555116,2,17/07/2026 17:52:35,273725,7,questionnaire-48tg,,57280427,BLINDED,16372100,,complete,,,computer,Desktop or Laptop,Windows 10,Firefox 152.0,1920x1080,1920x919,,,0,LackKontrolne,2,AndLack,continue,,,,,,,,,,,,,,,,,,,,,,,,,,,,,,,,,,,,,,,,,,,,,,,,,,,,,,,,,,,,,,,,,,,info,,BEGIN,,,,,,,TAK,1,,,,,,,,,,,,,,,,,,,,,,,,,,,,,,,,,,,,,,,,,,,,,,,,,,,,,,,,,,,,,,,,,,,,,,,,,,,,,,,,,,,,,,,,,,,,,,,,,,,,,,,,,,,,,,,,,,,,,,,,,,,,,,,,,,,,,,,,,,,,,,,,,,,,,,,,,,,,,,,,,,,,,,,,,,,,,,,,,,,,,,,,,,,,,,,
1,1784303566329,17/07/2026 15:52:46,1784303566329,2,17/07/2026 17:52:46,273725,7,questionnaire-whir,,57280431,BLINDED,16372100,,complete,,,computer,Desktop or Laptop,Windows 10,Firefox 152.0,1920x1080,1920x919,,,0,Pytania demograficzne,4,AndLack,continue,,,,,,,,,,,,,,,,,,,,,,,,,,,,,,,,,,,,,,,,,,,,,,,,,,,,,,,,,,,,,,,,,,,info,,BEGIN,,,,,,,,,,,Mężczyzna,1,37,wykształcenie średnie,2,"Bardzo dobrze, język polski jest moim pierwszym językiem (językiem ojczystym)",1,1-2 semestry na studiach,2,,,,,,,,,,,,,,,,,,,,,,,,,,,,,,,,,,,,,,,,,,,,,,,,,,,,,,,,,,,,,,,,,,,,,,,,,,,,,,,,,,,,,,,,,,,,,,,,,,,,,,,,,,,,,,,,,,,,,,,,,,,,,,,,,,,,,,,,,,,,,,,,,,,,,,,,,,,,,,,,,,,,,,,,,,,,,,,,,,,,
1,1784313212305,17/07/2026 18:33:32,1784313212305,2,17/07/2026 20:33:32,273725,7,questionnaire-2hmd,,57283700,BLINDED,16372939,,complete,,,computer,Desktop or Laptop,Windows 10,Firefox 152.0,1920x1080,1852x994,,,0,Kwestionariusz poczatkowy,11,AndLack,continue,TAK,1,,,,,,,,,,,,,,,,,,,,,,,,,,,,,,,,,,,,,,,,,,,,,,,,,,,,,,,,,,,,,,,,,info,,BEGIN,,,,,,,,,,,,,,,,,,,,,,,,,,,,,,,,,,,,,,,,,,,,,,,,,,,,,,,,,,,,,,,,,,,,,,,,,,,,,,,,,,,,,,,,,,,,,,,,,,,,,,,,,,,,,,,,,,,,,,,,,,,,,,,,,,,,,,,,,,,,,,,,,,,,,,,,,,,,,,,,,,,,,,,,,,,,,,,,,,,,,,,,,,,,,,,,,,,,,,,
1,1784313235133,17/07/2026 18:33:55,1784313235133,2,17/07/2026 20:33:55,273725,7,questionnaire-u8vu,,57283706,BLINDED,16372939,,complete,,,computer,Desktop or Laptop,Windows 10,Firefox 152.0,1920x1080,1852x1034,,,0,Informacja do badania,4,AndLack,continue,,,,,,,,,,,,,,,,,,,,,,,,,,,,,,,,,,,,,,,,,,,,,,,,,,,,,,,,,,,,,,,,,,,info,,BEGIN,,,,,,,,,,,,,,,,,,,,,,,,,,,,,,,,,,,,,,,,,,,,,,,,,,,,,,,,,,,,,,,,,,,,,,,,,,,,,,,,,,,,,,,,,,,,,,,,,,,,,,,,,,,,,,,,,,,,,,,,,,,,,,,,,,,,,,,,,,,,,,,,,,,,,,,,,,,,,,,,,,,,,,,,,,,,,,,,,,,,,,,,,,,,,,,,,,,,,,,
1,1784313247558,17/07/2026 18:34:07,1784313247558,2,17/07/2026 20:34:07,273725,7,questionnaire-apnj,,57283709,BLINDED,16372939,,complete,,,computer,Desktop or Laptop,Windows 10,Firefox 152.0,1920x1080,1852x1034,,,0,3 AndLack version,5,AndLack,continue,,,,,,,,,,,,,,,,,,,,,,,,,,,,,,,,,,,,,,,,,,,,,,,,,,,,,,,,,,,,,,,,,,,info,,BEGIN,,,,,,,,,,,,,,,,,,,,,,,,,,,,,,,,,,,,,,,,,,,,,,,,,,,,,,,,,,,,,,,,,,,,,,,,,,,,,,,,7,7,7,7,7,7,7,7,7,7,6,6,4,4,1,1,7,7,7,7,7,7,6,6,7,7,5,5,7,7,6,6,7,7,2,2,7,7,7,7,7,7,5,5,7,7,5,5,7,7,5,5,7,7,4,4,7,7,4,4,,,,,,,,,,,,,,,,,,,,,,,,,,,,,,,,,,,,,,,,,,,,,,,,,,,,,,,,,,,,
1,1784313369244,17/07/2026 18:36:09,1784313369244,2,17/07/2026 20:36:09,273725,7,questionnaire-48tg,,57283739,BLINDED,16372939,,complete,,,computer,Desktop or Laptop,Windows 10,Firefox 152.0,1920x1080,1852x1034,,,0,LackKontrolne,2,AndLack,continue,,,,,,,,,,,,,,,,,,,,,,,,,,,,,,,,,,,,,,,,,,,,,,,,,,,,,,,,,,,,,,,,,,,info,,BEGIN,,,,,,,NIE,2,,,,,,,,,,,,,,,,,,,,,,,,,,,,,,,,,,,,,,,,,,,,,,,,,,,,,,,,,,,,,,,,,,,,,,,,,,,,,,,,,,,,,,,,,,,,,,,,,,,,,,,,,,,,,,,,,,,,,,,,,,,,,,,,,,,,,,,,,,,,,,,,,,,,,,,,,,,,,,,,,,,,,,,,,,,,,,,,,,,,,,,,,,,,,,,
1,1784313376462,17/07/2026 18:36:16,1784313376462,2,17/07/2026 20:36:16,273725,7,questionnaire-whir,,57283743,BLINDED,16372939,,complete,,,computer,Desktop or Laptop,Windows 10,Firefox 152.0,1920x1080,1852x1034,,,0,Pytania demograficzne,4,AndLack,continue,,,,,,,,,,,,,,,,,,,,,,,,,,,,,,,,,,,,,,,,,,,,,,,,,,,,,,,,,,,,,,,,,,,info,,BEGIN,,,,,,,,,,,Kobieta,2,21,w trakcie studiów,3,"Bardzo dobrze, język polski jest moim pierwszym językiem (językiem ojczystym)",1,Logika w szkole średniej ,3,,,,,,,,,,,,,,,,,,,,,,,,,,,,,,,,,,,,,,,,,,,,,,,,,,,,,,,,,,,,,,,,,,,,,,,,,,,,,,,,,,,,,,,,,,,,,,,,,,,,,,,,,,,,,,,,,,,,,,,,,,,,,,,,,,,,,,,,,,,,,,,,,,,,,,,,,,,,,,,,,,,,,,,,,,,,,,,,,,,,
1,1784313521163,17/07/2026 18:38:41,1784313521163,2,17/07/2026 20:38:41,273725,7,questionnaire-2hmd,,57283759,BLINDED,16372953,,complete,,,mobile,undefined K,Android 10,Chrome 150.0.0.0,360x804,360x664,,,0,Kwestionariusz poczatkowy,11,AndWith,continue,TAK,1,,,,,,,,,,,,,,,,,,,,,,,,,,,,,,,,,,,,,,,,,,,,,,,,,,,,,,,,,,,,,,,,,info,,BEGIN,,,,,,,,,,,,,,,,,,,,,,,,,,,,,,,,,,,,,,,,,,,,,,,,,,,,,,,,,,,,,,,,,,,,,,,,,,,,,,,,,,,,,,,,,,,,,,,,,,,,,,,,,,,,,,,,,,,,,,,,,,,,,,,,,,,,,,,,,,,,,,,,,,,,,,,,,,,,,,,,,,,,,,,,,,,,,,,,,,,,,,,,,,,,,,,,,,,,,,,
1,1784313536755,17/07/2026 18:38:56,1784313536755,2,17/07/2026 20:38:56,273725,7,questionnaire-u8vu,,57283764,BLINDED,16372953,,complete,,,mobile,undefined K,Android 10,Chrome 150.0.0.0,360x804,360x664,,,0,Informacja do badania,4,AndWith,continue,,,,,,,,,,,,,,,,,,,,,,,,,,,,,,,,,,,,,,,,,,,,,,,,,,,,,,,,,,,,,,,,,,,info,,BEGIN,,,,,,,,,,,,,,,,,,,,,,,,,,,,,,,,,,,,,,,,,,,,,,,,,,,,,,,,,,,,,,,,,,,,,,,,,,,,,,,,,,,,,,,,,,,,,,,,,,,,,,,,,,,,,,,,,,,,,,,,,,,,,,,,,,,,,,,,,,,,,,,,,,,,,,,,,,,,,,,,,,,,,,,,,,,,,,,,,,,,,,,,,,,,,,,,,,,,,,,
1,1784313580578,17/07/2026 18:39:40,1784313580578,2,17/07/2026 20:39:40,273725,7,questionnaire-nrov,,57283770,BLINDED,16372953,,complete,,,mobile,undefined K,Android 10,Chrome 150.0.0.0,360x804,360x664,,,0,4 AndWith version,5,AndWith,continue,,,,,,,,,,,,,,,,,,,,,,,,,,,,,,,,,,,,,,,,,,,,,,,,,,,,,,,,,,,,,,,,,,,info,,BEGIN,,,,,,,,,,,,,,,,,,,,,,,,,,,,,,,,,,,,,,,,,,,,,,,,,,,,,,,,,,,,,,,,,,,,,,,,,,,,,,,,,,,,,,,,,,,,,,,,,,,,,,,,,,,,,,,,,,,,,,,,,,,,,,,,,,,,,,,,,,,,7,7,4,4,7,7,4,4,7,7,4,4,7,7,3,3,5,5,4,4,2,2,4,4,1,1,1,1,3,3,3,3,1,1,3,3,4,4,4,4,1,1,1,1,1,1,1,1,1,1,3,3,1,1,1,1,3,3,3,3
1,1784313867092,17/07/2026 18:44:27,1784313867092,2,17/07/2026 20:44:27,273725,7,questionnaire-knkh,,57283826,BLINDED,16372953,,complete,,,mobile,undefined K,Android 10,Chrome 150.0.0.0,360x804,360x664,,,0,WithKontrolne,2,AndWith,continue,,,,,,,,,,,,,,,,,,,,,,,,,,,,,,,,,,,,,,,,,,,,,,,,,,,,,,,,,,,,,,,,,,,info,,BEGIN,,,,,,,,,TAK,1,,,,,,,,,,,,,,,,,,,,,,,,,,,,,,,,,,,,,,,,,,,,,,,,,,,,,,,,,,,,,,,,,,,,,,,,,,,,,,,,,,,,,,,,,,,,,,,,,,,,,,,,,,,,,,,,,,,,,,,,,,,,,,,,,,,,,,,,,,,,,,,,,,,,,,,,,,,,,,,,,,,,,,,,,,,,,,,,,,,,,,,,,,,,,
1,1784313885965,17/07/2026 18:44:45,1784313885965,2,17/07/2026 20:44:45,273725,7,questionnaire-whir,,57283828,BLINDED,16372953,,complete,,,mobile,undefined K,Android 10,Chrome 150.0.0.0,360x804,360x664,,,0,Pytania demograficzne,4,AndWith,continue,,,,,,,,,,,,,,,,,,,,,,,,,,,,,,,,,,,,,,,,,,,,,,,,,,,,,,,,,,,,,,,,,,,info,,BEGIN,,,,,,,,,,,Kobieta,2,20,wykształcenie średnie,2,"Bardzo dobrze, język polski jest moim pierwszym językiem (językiem ojczystym)",1,Brak doświadczenia,4,,,,,,,,,,,,,,,,,,,,,,,,,,,,,,,,,,,,,,,,,,,,,,,,,,,,,,,,,,,,,,,,,,,,,,,,,,,,,,,,,,,,,,,,,,,,,,,,,,,,,,,,,,,,,,,,,,,,,,,,,,,,,,,,,,,,,,,,,,,,,,,,,,,,,,,,,,,,,,,,,,,,,,,,,,,,,,,,,,,,
1,1784313691871,17/07/2026 18:41:31,1784313691871,2,17/07/2026 20:41:31,273725,7,questionnaire-2hmd,,57283799,BLINDED,16372967,,complete,,,mobile,undefined K,Android 10,Chrome 150.0.0.0,384x832,384x699,,,0,Kwestionariusz poczatkowy,11,CondWith,continue,TAK,1,,,,,,,,,,,,,,,,,,,,,,,,,,,,,,,,,,,,,,,,,,,,,,,,,,,,,,,,,,,,,,,,,info,,BEGIN,,,,,,,,,,,,,,,,,,,,,,,,,,,,,,,,,,,,,,,,,,,,,,,,,,,,,,,,,,,,,,,,,,,,,,,,,,,,,,,,,,,,,,,,,,,,,,,,,,,,,,,,,,,,,,,,,,,,,,,,,,,,,,,,,,,,,,,,,,,,,,,,,,,,,,,,,,,,,,,,,,,,,,,,,,,,,,,,,,,,,,,,,,,,,,,,,,,,,,,
1,1784313704643,17/07/2026 18:41:44,1784313704643,2,17/07/2026 20:41:44,273725,7,questionnaire-u8vu,,57283800,BLINDED,16372967,,complete,,,mobile,undefined K,Android 10,Chrome 150.0.0.0,384x832,384x699,,,0,Informacja do badania,4,CondWith,continue,,,,,,,,,,,,,,,,,,,,,,,,,,,,,,,,,,,,,,,,,,,,,,,,,,,,,,,,,,,,,,,,,,,info,,BEGIN,,,,,,,,,,,,,,,,,,,,,,,,,,,,,,,,,,,,,,,,,,,,,,,,,,,,,,,,,,,,,,,,,,,,,,,,,,,,,,,,,,,,,,,,,,,,,,,,,,,,,,,,,,,,,,,,,,,,,,,,,,,,,,,,,,,,,,,,,,,,,,,,,,,,,,,,,,,,,,,,,,,,,,,,,,,,,,,,,,,,,,,,,,,,,,,,,,,,,,,
1,1784313724422,17/07/2026 18:42:04,1784313724422,2,17/07/2026 20:42:04,273725,7,questionnaire-84x1,,57283805,BLINDED,16372967,,complete,,,mobile,undefined K,Android 10,Chrome 150.0.0.0,384x832,384x699,,,0,2 CondWith version,5,CondWith,continue,,,,,,,,,,,,,,,,,,,,,,,,,,,,,,,,,,,,,,,,,,,,,,,,,,,,,,,,,,,,,,,,,,,info,,BEGIN,,,,,,,,,,,,,,,,,,,,6,6,2,2,6,6,3,3,7,7,3,3,7,7,4,4,6,6,2,2,5,5,2,2,3,3,1,1,2,2,2,2,7,7,6,6,5,5,1,1,1,1,1,1,2,2,2,2,3,3,6,6,1,1,4,4,3,3,1,1,,,,,,,,,,,,,,,,,,,,,,,,,,,,,,,,,,,,,,,,,,,,,,,,,,,,,,,,,,,,,,,,,,,,,,,,,,,,,,,,,,,,,,,,,,,,,,,,,,,,,,,,,,,,,,,,,,,,,,,,
1,1784314065127,17/07/2026 18:47:45,1784314065127,2,17/07/2026 20:47:45,273725,7,questionnaire-knkh,,57283864,BLINDED,16372967,,complete,,,mobile,undefined K,Android 10,Chrome 150.0.0.0,384x832,384x699,,,0,WithKontrolne,2,CondWith,continue,,,,,,,,,,,,,,,,,,,,,,,,,,,,,,,,,,,,,,,,,,,,,,,,,,,,,,,,,,,,,,,,,,,info,,BEGIN,,,,,,,,,TAK,1,,,,,,,,,,,,,,,,,,,,,,,,,,,,,,,,,,,,,,,,,,,,,,,,,,,,,,,,,,,,,,,,,,,,,,,,,,,,,,,,,,,,,,,,,,,,,,,,,,,,,,,,,,,,,,,,,,,,,,,,,,,,,,,,,,,,,,,,,,,,,,,,,,,,,,,,,,,,,,,,,,,,,,,,,,,,,,,,,,,,,,,,,,,,,
1,1784314076227,17/07/2026 18:47:56,1784314076227,2,17/07/2026 20:47:56,273725,7,questionnaire-whir,,57283867,BLINDED,16372967,,complete,,,mobile,undefined K,Android 10,Chrome 150.0.0.0,384x832,384x699,,,0,Pytania demograficzne,4,CondWith,continue,,,,,,,,,,,,,,,,,,,,,,,,,,,,,,,,,,,,,,,,,,,,,,,,,,,,,,,,,,,,,,,,,,,info,,BEGIN,,,,,,,,,,,Inna,3,21,w trakcie studiów,3,"Bardzo dobrze, język polski jest moim pierwszym językiem (językiem ojczystym)",1,1-2 semestry na studiach,2,,,,,,,,,,,,,,,,,,,,,,,,,,,,,,,,,,,,,,,,,,,,,,,,,,,,,,,,,,,,,,,,,,,,,,,,,,,,,,,,,,,,,,,,,,,,,,,,,,,,,,,,,,,,,,,,,,,,,,,,,,,,,,,,,,,,,,,,,,,,,,,,,,,,,,,,,,,,,,,,,,,,,,,,,,,,,,,,,,,,
1,1784314999879,17/07/2026 19:03:19,1784314999879,2,17/07/2026 21:03:19,273725,7,questionnaire-2hmd,,57284028,BLINDED,16373032,,complete,,,computer,Desktop or Laptop,Windows 10,Opera 133.0.0.0,1536x864,1494x707,,,0,Kwestionariusz poczatkowy,11,CondWith,continue,TAK,1,,,,,,,,,,,,,,,,,,,,,,,,,,,,,,,,,,,,,,,,,,,,,,,,,,,,,,,,,,,,,,,,,info,,BEGIN,,,,,,,,,,,,,,,,,,,,,,,,,,,,,,,,,,,,,,,,,,,,,,,,,,,,,,,,,,,,,,,,,,,,,,,,,,,,,,,,,,,,,,,,,,,,,,,,,,,,,,,,,,,,,,,,,,,,,,,,,,,,,,,,,,,,,,,,,,,,,,,,,,,,,,,,,,,,,,,,,,,,,,,,,,,,,,,,,,,,,,,,,,,,,,,,,,,,,,,
1,1784315015836,17/07/2026 19:03:35,1784315015836,2,17/07/2026 21:03:35,273725,7,questionnaire-u8vu,,57284029,BLINDED,16373032,,complete,,,computer,Desktop or Laptop,Windows 10,Opera 133.0.0.0,1536x864,1494x707,,,0,Informacja do badania,4,CondWith,continue,,,,,,,,,,,,,,,,,,,,,,,,,,,,,,,,,,,,,,,,,,,,,,,,,,,,,,,,,,,,,,,,,,,info,,BEGIN,,,,,,,,,,,,,,,,,,,,,,,,,,,,,,,,,,,,,,,,,,,,,,,,,,,,,,,,,,,,,,,,,,,,,,,,,,,,,,,,,,,,,,,,,,,,,,,,,,,,,,,,,,,,,,,,,,,,,,,,,,,,,,,,,,,,,,,,,,,,,,,,,,,,,,,,,,,,,,,,,,,,,,,,,,,,,,,,,,,,,,,,,,,,,,,,,,,,,,,
1,1784315029818,17/07/2026 19:03:49,1784315029818,2,17/07/2026 21:03:49,273725,7,questionnaire-84x1,,57284030,BLINDED,16373032,,complete,,,computer,Desktop or Laptop,Windows 10,Opera 133.0.0.0,1536x864,1494x707,,,0,2 CondWith version,5,CondWith,continue,,,,,,,,,,,,,,,,,,,,,,,,,,,,,,,,,,,,,,,,,,,,,,,,,,,,,,,,,,,,,,,,,,,info,,BEGIN,,,,,,,,,,,,,,,,,,,,7,7,7,7,7,7,6,6,7,7,5,5,7,7,5,5,7,7,7,7,3,3,1,1,2,2,2,2,1,1,1,1,2,2,3,3,1,1,2,2,4,4,1,1,1,1,1,1,1,1,1,1,2,2,1,1,5,5,4,4,,,,,,,,,,,,,,,,,,,,,,,,,,,,,,,,,,,,,,,,,,,,,,,,,,,,,,,,,,,,,,,,,,,,,,,,,,,,,,,,,,,,,,,,,,,,,,,,,,,,,,,,,,,,,,,,,,,,,,,,
1,1784315185333,17/07/2026 19:06:25,1784315185333,2,17/07/2026 21:06:25,273725,7,questionnaire-knkh,,57284068,BLINDED,16373032,,complete,,,computer,Desktop or Laptop,Windows 10,Opera 133.0.0.0,1536x864,1494x707,,,0,WithKontrolne,2,CondWith,continue,,,,,,,,,,,,,,,,,,,,,,,,,,,,,,,,,,,,,,,,,,,,,,,,,,,,,,,,,,,,,,,,,,,info,,BEGIN,,,,,,,,,NIE,2,,,,,,,,,,,,,,,,,,,,,,,,,,,,,,,,,,,,,,,,,,,,,,,,,,,,,,,,,,,,,,,,,,,,,,,,,,,,,,,,,,,,,,,,,,,,,,,,,,,,,,,,,,,,,,,,,,,,,,,,,,,,,,,,,,,,,,,,,,,,,,,,,,,,,,,,,,,,,,,,,,,,,,,,,,,,,,,,,,,,,,,,,,,,,
1,1784315195819,17/07/2026 19:06:35,1784315195819,2,17/07/2026 21:06:35,273725,7,questionnaire-whir,,57284075,BLINDED,16373032,,complete,,,computer,Desktop or Laptop,Windows 10,Opera 133.0.0.0,1536x864,1494x707,,,0,Pytania demograficzne,4,CondWith,continue,,,,,,,,,,,,,,,,,,,,,,,,,,,,,,,,,,,,,,,,,,,,,,,,,,,,,,,,,,,,,,,,,,,info,,BEGIN,,,,,,,,,,,Wolę nie odpowiadać,4,20,w trakcie studiów,3,"Bardzo dobrze, język polski jest moim pierwszym językiem (językiem ojczystym)",1,Brak doświadczenia,4,,,,,,,,,,,,,,,,,,,,,,,,,,,,,,,,,,,,,,,,,,,,,,,,,,,,,,,,,,,,,,,,,,,,,,,,,,,,,,,,,,,,,,,,,,,,,,,,,,,,,,,,,,,,,,,,,,,,,,,,,,,,,,,,,,,,,,,,,,,,,,,,,,,,,,,,,,,,,,,,,,,,,,,,,,,,,,,,,,,,
1,1784315230082,17/07/2026 19:07:10,1784315230082,2,17/07/2026 21:07:10,273725,7,questionnaire-2hmd,,57284086,BLINDED,16373057,,complete,,,mobile,Apple iPhone,iOS 18.7,Mobile Safari 26.5.2,390x844,390x699,,,0,Kwestionariusz poczatkowy,11,CondLack,continue,TAK,1,,,,,,,,,,,,,,,,,,,,,,,,,,,,,,,,,,,,,,,,,,,,,,,,,,,,,,,,,,,,,,,,,info,,BEGIN,,,,,,,,,,,,,,,,,,,,,,,,,,,,,,,,,,,,,,,,,,,,,,,,,,,,,,,,,,,,,,,,,,,,,,,,,,,,,,,,,,,,,,,,,,,,,,,,,,,,,,,,,,,,,,,,,,,,,,,,,,,,,,,,,,,,,,,,,,,,,,,,,,,,,,,,,,,,,,,,,,,,,,,,,,,,,,,,,,,,,,,,,,,,,,,,,,,,,,,
1,1784315241746,17/07/2026 19:07:21,1784315241746,2,17/07/2026 21:07:21,273725,7,questionnaire-u8vu,,57284090,BLINDED,16373057,,complete,,,mobile,Apple iPhone,iOS 18.7,Mobile Safari 26.5.2,390x844,390x699,,,0,Informacja do badania,4,CondLack,continue,,,,,,,,,,,,,,,,,,,,,,,,,,,,,,,,,,,,,,,,,,,,,,,,,,,,,,,,,,,,,,,,,,,info,,BEGIN,,,,,,,,,,,,,,,,,,,,,,,,,,,,,,,,,,,,,,,,,,,,,,,,,,,,,,,,,,,,,,,,,,,,,,,,,,,,,,,,,,,,,,,,,,,,,,,,,,,,,,,,,,,,,,,,,,,,,,,,,,,,,,,,,,,,,,,,,,,,,,,,,,,,,,,,,,,,,,,,,,,,,,,,,,,,,,,,,,,,,,,,,,,,,,,,,,,,,,,
1,1784315249003,17/07/2026 19:07:29,1784315249003,2,17/07/2026 21:07:29,273725,7,questionnaire-mxn9,,57284093,BLINDED,16373057,,complete,,,mobile,Apple iPhone,iOS 18.7,Mobile Safari 26.5.2,390x844,390x699,,,0,1 CondLack version,8,CondLack,continue,,,7,7,6,6,7,7,4,4,7,7,7,7,3,3,4,4,7,7,7,7,7,7,2,2,7,7,2,2,7,7,2,2,7,7,2,2,7,7,2,2,7,7,2,2,7,7,2,2,7,7,1,1,7,7,2,2,7,7,1,1,,,,,info,,BEGIN,,,,,,,,,,,,,,,,,,,,,,,,,,,,,,,,,,,,,,,,,,,,,,,,,,,,,,,,,,,,,,,,,,,,,,,,,,,,,,,,,,,,,,,,,,,,,,,,,,,,,,,,,,,,,,,,,,,,,,,,,,,,,,,,,,,,,,,,,,,,,,,,,,,,,,,,,,,,,,,,,,,,,,,,,,,,,,,,,,,,,,,,,,,,,,,,,,,,,,,
1,1784315391765,17/07/2026 19:09:51,1784315391765,2,17/07/2026 21:09:51,273725,7,questionnaire-48tg,,57284136,BLINDED,16373057,,complete,,,mobile,Apple iPhone,iOS 18.7,Mobile Safari 26.5.2,390x844,390x699,,,0,LackKontrolne,2,CondLack,continue,,,,,,,,,,,,,,,,,,,,,,,,,,,,,,,,,,,,,,,,,,,,,,,,,,,,,,,,,,,,,,,,,,,info,,BEGIN,,,,,,,NIE,2,,,,,,,,,,,,,,,,,,,,,,,,,,,,,,,,,,,,,,,,,,,,,,,,,,,,,,,,,,,,,,,,,,,,,,,,,,,,,,,,,,,,,,,,,,,,,,,,,,,,,,,,,,,,,,,,,,,,,,,,,,,,,,,,,,,,,,,,,,,,,,,,,,,,,,,,,,,,,,,,,,,,,,,,,,,,,,,,,,,,,,,,,,,,,,,
1,1784315404388,17/07/2026 19:10:04,1784315404388,2,17/07/2026 21:10:04,273725,7,questionnaire-whir,,57284142,BLINDED,16373057,,complete,,,mobile,Apple iPhone,iOS 18.7,Mobile Safari 26.5.2,390x844,390x699,,,0,Pytania demograficzne,4,CondLack,continue,,,,,,,,,,,,,,,,,,,,,,,,,,,,,,,,,,,,,,,,,,,,,,,,,,,,,,,,,,,,,,,,,,,info,,BEGIN,,,,,,,,,,,Mężczyzna,1,22,w trakcie studiów,3,"Bardzo dobrze, język polski jest moim pierwszym językiem (językiem ojczystym)",1,Więcej niż dwa semestry logiki na studiach,1,,,,,,,,,,,,,,,,,,,,,,,,,,,,,,,,,,,,,,,,,,,,,,,,,,,,,,,,,,,,,,,,,,,,,,,,,,,,,,,,,,,,,,,,,,,,,,,,,,,,,,,,,,,,,,,,,,,,,,,,,,,,,,,,,,,,,,,,,,,,,,,,,,,,,,,,,,,,,,,,,,,,,,,,,,,,,,,,,,,,
1,1784316884162,17/07/2026 19:34:44,1784316884162,2,17/07/2026 21:34:44,273725,7,questionnaire-2hmd,,57284480,BLINDED,16373173,,complete,,,mobile,undefined K,Android 10,Samsung Internet 30.0,411x716,411x716,,,0,Kwestionariusz poczatkowy,11,CondLack,continue,TAK,1,,,,,,,,,,,,,,,,,,,,,,,,,,,,,,,,,,,,,,,,,,,,,,,,,,,,,,,,,,,,,,,,,info,,BEGIN,,,,,,,,,,,,,,,,,,,,,,,,,,,,,,,,,,,,,,,,,,,,,,,,,,,,,,,,,,,,,,,,,,,,,,,,,,,,,,,,,,,,,,,,,,,,,,,,,,,,,,,,,,,,,,,,,,,,,,,,,,,,,,,,,,,,,,,,,,,,,,,,,,,,,,,,,,,,,,,,,,,,,,,,,,,,,,,,,,,,,,,,,,,,,,,,,,,,,,,
1,1784316890032,17/07/2026 19:34:50,1784316890032,2,17/07/2026 21:34:50,273725,7,questionnaire-u8vu,,57284482,BLINDED,16373173,,complete,,,mobile,undefined K,Android 10,Samsung Internet 30.0,411x716,411x716,,,0,Informacja do badania,4,CondLack,continue,,,,,,,,,,,,,,,,,,,,,,,,,,,,,,,,,,,,,,,,,,,,,,,,,,,,,,,,,,,,,,,,,,,info,,BEGIN,,,,,,,,,,,,,,,,,,,,,,,,,,,,,,,,,,,,,,,,,,,,,,,,,,,,,,,,,,,,,,,,,,,,,,,,,,,,,,,,,,,,,,,,,,,,,,,,,,,,,,,,,,,,,,,,,,,,,,,,,,,,,,,,,,,,,,,,,,,,,,,,,,,,,,,,,,,,,,,,,,,,,,,,,,,,,,,,,,,,,,,,,,,,,,,,,,,,,,,
1,1784316901261,17/07/2026 19:35:01,1784316901261,2,17/07/2026 21:35:01,273725,7,questionnaire-mxn9,,57284484,BLINDED,16373173,,complete,,,mobile,undefined K,Android 10,Samsung Internet 30.0,411x716,411x716,,,0,1 CondLack version,8,CondLack,continue,,,6,6,6,6,7,7,7,7,6,6,4,4,5,5,6,6,5,5,5,5,2,2,2,2,1,1,3,3,2,2,2,2,2,2,2,2,2,2,2,2,2,2,3,3,2,2,1,1,2,2,7,7,2,2,1,1,1,1,2,2,,,,,info,,BEGIN,,,,,,,,,,,,,,,,,,,,,,,,,,,,,,,,,,,,,,,,,,,,,,,,,,,,,,,,,,,,,,,,,,,,,,,,,,,,,,,,,,,,,,,,,,,,,,,,,,,,,,,,,,,,,,,,,,,,,,,,,,,,,,,,,,,,,,,,,,,,,,,,,,,,,,,,,,,,,,,,,,,,,,,,,,,,,,,,,,,,,,,,,,,,,,,,,,,,,,,
1,1784317065314,17/07/2026 19:37:45,1784317065314,2,17/07/2026 21:37:45,273725,7,questionnaire-48tg,,57284519,BLINDED,16373173,,complete,,,mobile,undefined K,Android 10,Samsung Internet 30.0,411x716,411x716,,,0,LackKontrolne,2,CondLack,continue,,,,,,,,,,,,,,,,,,,,,,,,,,,,,,,,,,,,,,,,,,,,,,,,,,,,,,,,,,,,,,,,,,,info,,BEGIN,,,,,,,TAK,1,,,,,,,,,,,,,,,,,,,,,,,,,,,,,,,,,,,,,,,,,,,,,,,,,,,,,,,,,,,,,,,,,,,,,,,,,,,,,,,,,,,,,,,,,,,,,,,,,,,,,,,,,,,,,,,,,,,,,,,,,,,,,,,,,,,,,,,,,,,,,,,,,,,,,,,,,,,,,,,,,,,,,,,,,,,,,,,,,,,,,,,,,,,,,,,
1,1784317074217,17/07/2026 19:37:54,1784317074217,2,17/07/2026 21:37:54,273725,7,questionnaire-whir,,57284523,BLINDED,16373173,,complete,,,mobile,undefined K,Android 10,Samsung Internet 30.0,411x716,411x716,,,0,Pytania demograficzne,4,CondLack,continue,,,,,,,,,,,,,,,,,,,,,,,,,,,,,,,,,,,,,,,,,,,,,,,,,,,,,,,,,,,,,,,,,,,info,,BEGIN,,,,,,,,,,,Kobieta,2,18,w trakcie studiów,3,"Bardzo dobrze, język polski jest moim pierwszym językiem (językiem ojczystym)",1,Brak doświadczenia,4,,,,,,,,,,,,,,,,,,,,,,,,,,,,,,,,,,,,,,,,,,,,,,,,,,,,,,,,,,,,,,,,,,,,,,,,,,,,,,,,,,,,,,,,,,,,,,,,,,,,,,,,,,,,,,,,,,,,,,,,,,,,,,,,,,,,,,,,,,,,,,,,,,,,,,,,,,,,,,,,,,,,,,,,,,,,,,,,,,,,
1,1784318832178,17/07/2026 20:07:12,1784318832178,2,17/07/2026 22:07:12,273725,7,questionnaire-2hmd,,57284860,BLINDED,16373308,,complete,,,mobile,Apple iPhone,iOS 18.7,Mobile Safari 26.5.2,390x844,390x661,,,0,Kwestionariusz poczatkowy,11,CondLack,continue,TAK,1,,,,,,,,,,,,,,,,,,,,,,,,,,,,,,,,,,,,,,,,,,,,,,,,,,,,,,,,,,,,,,,,,info,,BEGIN,,,,,,,,,,,,,,,,,,,,,,,,,,,,,,,,,,,,,,,,,,,,,,,,,,,,,,,,,,,,,,,,,,,,,,,,,,,,,,,,,,,,,,,,,,,,,,,,,,,,,,,,,,,,,,,,,,,,,,,,,,,,,,,,,,,,,,,,,,,,,,,,,,,,,,,,,,,,,,,,,,,,,,,,,,,,,,,,,,,,,,,,,,,,,,,,,,,,,,,
1,1784318836257,17/07/2026 20:07:16,1784318836257,2,17/07/2026 22:07:16,273725,7,questionnaire-u8vu,,57284861,BLINDED,16373308,,complete,,,mobile,Apple iPhone,iOS 18.7,Mobile Safari 26.5.2,390x844,390x661,,,0,Informacja do badania,4,CondLack,continue,,,,,,,,,,,,,,,,,,,,,,,,,,,,,,,,,,,,,,,,,,,,,,,,,,,,,,,,,,,,,,,,,,,info,,BEGIN,,,,,,,,,,,,,,,,,,,,,,,,,,,,,,,,,,,,,,,,,,,,,,,,,,,,,,,,,,,,,,,,,,,,,,,,,,,,,,,,,,,,,,,,,,,,,,,,,,,,,,,,,,,,,,,,,,,,,,,,,,,,,,,,,,,,,,,,,,,,,,,,,,,,,,,,,,,,,,,,,,,,,,,,,,,,,,,,,,,,,,,,,,,,,,,,,,,,,,,
1,1784318840076,17/07/2026 20:07:20,1784318840076,2,17/07/2026 22:07:20,273725,7,questionnaire-mxn9,,57284864,BLINDED,16373308,,complete,,,mobile,Apple iPhone,iOS 18.7,Mobile Safari 26.5.2,390x844,390x661,,,0,1 CondLack version,8,CondLack,continue,,,7,7,7,7,7,7,7,7,7,7,7,7,7,7,7,7,7,7,7,7,4,4,4,4,3,3,2,2,2,2,3,3,5,5,3,3,6,6,3,3,1,1,1,1,5,5,1,1,1,1,1,1,4,4,5,5,3,3,1,1,,,,,info,,BEGIN,,,,,,,,,,,,,,,,,,,,,,,,,,,,,,,,,,,,,,,,,,,,,,,,,,,,,,,,,,,,,,,,,,,,,,,,,,,,,,,,,,,,,,,,,,,,,,,,,,,,,,,,,,,,,,,,,,,,,,,,,,,,,,,,,,,,,,,,,,,,,,,,,,,,,,,,,,,,,,,,,,,,,,,,,,,,,,,,,,,,,,,,,,,,,,,,,,,,,,,
1,1784319005741,17/07/2026 20:10:05,1784319005741,2,17/07/2026 22:10:05,273725,7,questionnaire-48tg,,57284894,BLINDED,16373308,,complete,,,mobile,Apple iPhone,iOS 18.7,Mobile Safari 26.5.2,390x844,390x661,,,0,LackKontrolne,2,CondLack,continue,,,,,,,,,,,,,,,,,,,,,,,,,,,,,,,,,,,,,,,,,,,,,,,,,,,,,,,,,,,,,,,,,,,info,,BEGIN,,,,,,,NIE,2,,,,,,,,,,,,,,,,,,,,,,,,,,,,,,,,,,,,,,,,,,,,,,,,,,,,,,,,,,,,,,,,,,,,,,,,,,,,,,,,,,,,,,,,,,,,,,,,,,,,,,,,,,,,,,,,,,,,,,,,,,,,,,,,,,,,,,,,,,,,,,,,,,,,,,,,,,,,,,,,,,,,,,,,,,,,,,,,,,,,,,,,,,,,,,,
1,1784319011148,17/07/2026 20:10:11,1784319011148,2,17/07/2026 22:10:11,273725,7,questionnaire-whir,,57284895,BLINDED,16373308,,complete,,,mobile,Apple iPhone,iOS 18.7,Mobile Safari 26.5.2,390x844,390x661,,,0,Pytania demograficzne,4,CondLack,continue,,,,,,,,,,,,,,,,,,,,,,,,,,,,,,,,,,,,,,,,,,,,,,,,,,,,,,,,,,,,,,,,,,,info,,BEGIN,,,,,,,,,,,Kobieta,2,20,wykształcenie wyższe,4,"Bardzo dobrze, język polski jest moim pierwszym językiem (językiem ojczystym)",1,1-2 semestry na studiach,2,,,,,,,,,,,,,,,,,,,,,,,,,,,,,,,,,,,,,,,,,,,,,,,,,,,,,,,,,,,,,,,,,,,,,,,,,,,,,,,,,,,,,,,,,,,,,,,,,,,,,,,,,,,,,,,,,,,,,,,,,,,,,,,,,,,,,,,,,,,,,,,,,,,,,,,,,,,,,,,,,,,,,,,,,,,,,,,,,,,,
1,1784319222704,17/07/2026 20:13:42,1784319222704,2,17/07/2026 22:13:42,273725,7,questionnaire-2hmd,,57284944,BLINDED,16373333,,complete,,,mobile,Apple iPhone,iOS 18.7,Facebook 570.0.0.20.108,393x852,393x655,,,0,Kwestionariusz poczatkowy,11,AndLack,continue,TAK,1,,,,,,,,,,,,,,,,,,,,,,,,,,,,,,,,,,,,,,,,,,,,,,,,,,,,,,,,,,,,,,,,,info,,BEGIN,,,,,,,,,,,,,,,,,,,,,,,,,,,,,,,,,,,,,,,,,,,,,,,,,,,,,,,,,,,,,,,,,,,,,,,,,,,,,,,,,,,,,,,,,,,,,,,,,,,,,,,,,,,,,,,,,,,,,,,,,,,,,,,,,,,,,,,,,,,,,,,,,,,,,,,,,,,,,,,,,,,,,,,,,,,,,,,,,,,,,,,,,,,,,,,,,,,,,,,
1,1784319230946,17/07/2026 20:13:50,1784319230946,2,17/07/2026 22:13:50,273725,7,questionnaire-u8vu,,57284947,BLINDED,16373333,,complete,,,mobile,Apple iPhone,iOS 18.7,Facebook 570.0.0.20.108,393x852,393x655,,,0,Informacja do badania,4,AndLack,continue,,,,,,,,,,,,,,,,,,,,,,,,,,,,,,,,,,,,,,,,,,,,,,,,,,,,,,,,,,,,,,,,,,,info,,BEGIN,,,,,,,,,,,,,,,,,,,,,,,,,,,,,,,,,,,,,,,,,,,,,,,,,,,,,,,,,,,,,,,,,,,,,,,,,,,,,,,,,,,,,,,,,,,,,,,,,,,,,,,,,,,,,,,,,,,,,,,,,,,,,,,,,,,,,,,,,,,,,,,,,,,,,,,,,,,,,,,,,,,,,,,,,,,,,,,,,,,,,,,,,,,,,,,,,,,,,,,
1,1784319312683,17/07/2026 20:15:12,1784319312683,2,17/07/2026 22:15:12,273725,7,questionnaire-apnj,,57284966,BLINDED,16373333,,complete,,,mobile,Apple iPhone,iOS 18.7,Facebook 570.0.0.20.108,393x852,393x655,,,0,3 AndLack version,5,AndLack,continue,,,,,,,,,,,,,,,,,,,,,,,,,,,,,,,,,,,,,,,,,,,,,,,,,,,,,,,,,,,,,,,,,,,info,,BEGIN,,,,,,,,,,,,,,,,,,,,,,,,,,,,,,,,,,,,,,,,,,,,,,,,,,,,,,,,,,,,,,,,,,,,,,,,,,,,,,,,7,7,7,7,7,7,5,5,7,7,7,7,7,7,5,5,7,7,7,7,7,7,7,7,6,6,4,4,7,7,6,6,6,6,4,4,7,7,7,7,5,5,5,5,5,5,5,5,5,5,5,5,6,6,6,6,5,5,4,4,,,,,,,,,,,,,,,,,,,,,,,,,,,,,,,,,,,,,,,,,,,,,,,,,,,,,,,,,,,,
1,1784319574660,17/07/2026 20:19:34,1784319574660,2,17/07/2026 22:19:34,273725,7,questionnaire-48tg,,57285030,BLINDED,16373333,,complete,,,mobile,Apple iPhone,iOS 18.7,Facebook 570.0.0.20.108,393x852,393x655,,,0,LackKontrolne,2,AndLack,continue,,,,,,,,,,,,,,,,,,,,,,,,,,,,,,,,,,,,,,,,,,,,,,,,,,,,,,,,,,,,,,,,,,,info,,BEGIN,,,,,,,NIE,2,,,,,,,,,,,,,,,,,,,,,,,,,,,,,,,,,,,,,,,,,,,,,,,,,,,,,,,,,,,,,,,,,,,,,,,,,,,,,,,,,,,,,,,,,,,,,,,,,,,,,,,,,,,,,,,,,,,,,,,,,,,,,,,,,,,,,,,,,,,,,,,,,,,,,,,,,,,,,,,,,,,,,,,,,,,,,,,,,,,,,,,,,,,,,,,
1,1784319582189,17/07/2026 20:19:42,1784319582189,2,17/07/2026 22:19:42,273725,7,questionnaire-whir,,57285033,BLINDED,16373333,,complete,,,mobile,Apple iPhone,iOS 18.7,Facebook 570.0.0.20.108,393x852,393x655,,,0,Pytania demograficzne,4,AndLack,continue,,,,,,,,,,,,,,,,,,,,,,,,,,,,,,,,,,,,,,,,,,,,,,,,,,,,,,,,,,,,,,,,,,,info,,BEGIN,,,,,,,,,,,Kobieta,2,23,wykształcenie wyższe,4,"Bardzo dobrze, język polski jest moim pierwszym językiem (językiem ojczystym)",1,Więcej niż dwa semestry logiki na studiach,1,,,,,,,,,,,,,,,,,,,,,,,,,,,,,,,,,,,,,,,,,,,,,,,,,,,,,,,,,,,,,,,,,,,,,,,,,,,,,,,,,,,,,,,,,,,,,,,,,,,,,,,,,,,,,,,,,,,,,,,,,,,,,,,,,,,,,,,,,,,,,,,,,,,,,,,,,,,,,,,,,,,,,,,,,,,,,,,,,,,,
1,1784322045332,17/07/2026 21:00:45,1784322045332,2,17/07/2026 23:00:45,273725,7,questionnaire-2hmd,,57285458,BLINDED,16373499,,complete,,,mobile,undefined K,Android 10,Opera 100.0.0.0,434x965,433x782,,,0,Kwestionariusz poczatkowy,11,AndLack,continue,TAK,1,,,,,,,,,,,,,,,,,,,,,,,,,,,,,,,,,,,,,,,,,,,,,,,,,,,,,,,,,,,,,,,,,info,,BEGIN,,,,,,,,,,,,,,,,,,,,,,,,,,,,,,,,,,,,,,,,,,,,,,,,,,,,,,,,,,,,,,,,,,,,,,,,,,,,,,,,,,,,,,,,,,,,,,,,,,,,,,,,,,,,,,,,,,,,,,,,,,,,,,,,,,,,,,,,,,,,,,,,,,,,,,,,,,,,,,,,,,,,,,,,,,,,,,,,,,,,,,,,,,,,,,,,,,,,,,,
1,1784322055576,17/07/2026 21:00:55,1784322055576,2,17/07/2026 23:00:55,273725,7,questionnaire-u8vu,,57285463,BLINDED,16373499,,complete,,,mobile,undefined K,Android 10,Opera 100.0.0.0,434x965,433x782,,,0,Informacja do badania,4,AndLack,continue,,,,,,,,,,,,,,,,,,,,,,,,,,,,,,,,,,,,,,,,,,,,,,,,,,,,,,,,,,,,,,,,,,,info,,BEGIN,,,,,,,,,,,,,,,,,,,,,,,,,,,,,,,,,,,,,,,,,,,,,,,,,,,,,,,,,,,,,,,,,,,,,,,,,,,,,,,,,,,,,,,,,,,,,,,,,,,,,,,,,,,,,,,,,,,,,,,,,,,,,,,,,,,,,,,,,,,,,,,,,,,,,,,,,,,,,,,,,,,,,,,,,,,,,,,,,,,,,,,,,,,,,,,,,,,,,,,
1,1784322064276,17/07/2026 21:01:04,1784322064276,2,17/07/2026 23:01:04,273725,7,questionnaire-apnj,,57285466,BLINDED,16373499,,complete,,,mobile,undefined K,Android 10,Opera 100.0.0.0,434x965,433x782,,,0,3 AndLack version,5,AndLack,continue,,,,,,,,,,,,,,,,,,,,,,,,,,,,,,,,,,,,,,,,,,,,,,,,,,,,,,,,,,,,,,,,,,,info,,BEGIN,,,,,,,,,,,,,,,,,,,,,,,,,,,,,,,,,,,,,,,,,,,,,,,,,,,,,,,,,,,,,,,,,,,,,,,,,,,,,,,,6,6,3,3,7,7,3,3,6,6,4,4,4,4,1,1,6,6,6,6,6,6,5,5,6,6,2,2,6,6,7,7,5,5,1,1,7,7,6,6,2,2,1,1,2,2,1,1,3,3,1,1,7,7,1,1,4,4,1,1,,,,,,,,,,,,,,,,,,,,,,,,,,,,,,,,,,,,,,,,,,,,,,,,,,,,,,,,,,,,
1,1784322332159,17/07/2026 21:05:32,1784322332159,2,17/07/2026 23:05:32,273725,7,questionnaire-48tg,,57285536,BLINDED,16373499,,complete,,,mobile,undefined K,Android 10,Opera 100.0.0.0,434x965,433x782,,,0,LackKontrolne,2,AndLack,continue,,,,,,,,,,,,,,,,,,,,,,,,,,,,,,,,,,,,,,,,,,,,,,,,,,,,,,,,,,,,,,,,,,,info,,BEGIN,,,,,,,NIE,2,,,,,,,,,,,,,,,,,,,,,,,,,,,,,,,,,,,,,,,,,,,,,,,,,,,,,,,,,,,,,,,,,,,,,,,,,,,,,,,,,,,,,,,,,,,,,,,,,,,,,,,,,,,,,,,,,,,,,,,,,,,,,,,,,,,,,,,,,,,,,,,,,,,,,,,,,,,,,,,,,,,,,,,,,,,,,,,,,,,,,,,,,,,,,,,
1,1784322342025,17/07/2026 21:05:42,1784322342025,2,17/07/2026 23:05:42,273725,7,questionnaire-whir,,57285544,BLINDED,16373499,,complete,,,mobile,undefined K,Android 10,Opera 100.0.0.0,434x965,433x782,,,0,Pytania demograficzne,4,AndLack,continue,,,,,,,,,,,,,,,,,,,,,,,,,,,,,,,,,,,,,,,,,,,,,,,,,,,,,,,,,,,,,,,,,,,info,,BEGIN,,,,,,,,,,,Mężczyzna,1,21,w trakcie studiów,3,"Bardzo dobrze, język polski jest moim pierwszym językiem (językiem ojczystym)",1,Logika w szkole średniej ,3,,,,,,,,,,,,,,,,,,,,,,,,,,,,,,,,,,,,,,,,,,,,,,,,,,,,,,,,,,,,,,,,,,,,,,,,,,,,,,,,,,,,,,,,,,,,,,,,,,,,,,,,,,,,,,,,,,,,,,,,,,,,,,,,,,,,,,,,,,,,,,,,,,,,,,,,,,,,,,,,,,,,,,,,,,,,,,,,,,,,
1,1784323068254,17/07/2026 21:17:48,1784323068254,2,17/07/2026 23:17:48,273725,7,questionnaire-2hmd,,57285765,BLINDED,16373600,,complete,,,computer,Desktop or Laptop,Windows 10,Firefox 152.0,1920x1080,1920x955,,,0,Kwestionariusz poczatkowy,11,AndWith,continue,TAK,1,,,,,,,,,,,,,,,,,,,,,,,,,,,,,,,,,,,,,,,,,,,,,,,,,,,,,,,,,,,,,,,,,info,,BEGIN,,,,,,,,,,,,,,,,,,,,,,,,,,,,,,,,,,,,,,,,,,,,,,,,,,,,,,,,,,,,,,,,,,,,,,,,,,,,,,,,,,,,,,,,,,,,,,,,,,,,,,,,,,,,,,,,,,,,,,,,,,,,,,,,,,,,,,,,,,,,,,,,,,,,,,,,,,,,,,,,,,,,,,,,,,,,,,,,,,,,,,,,,,,,,,,,,,,,,,,
1,1784323082940,17/07/2026 21:18:02,1784323082940,2,17/07/2026 23:18:02,273725,7,questionnaire-u8vu,,57285769,BLINDED,16373600,,complete,,,computer,Desktop or Laptop,Windows 10,Firefox 152.0,1920x1080,1920x955,,,0,Informacja do badania,4,AndWith,continue,,,,,,,,,,,,,,,,,,,,,,,,,,,,,,,,,,,,,,,,,,,,,,,,,,,,,,,,,,,,,,,,,,,info,,BEGIN,,,,,,,,,,,,,,,,,,,,,,,,,,,,,,,,,,,,,,,,,,,,,,,,,,,,,,,,,,,,,,,,,,,,,,,,,,,,,,,,,,,,,,,,,,,,,,,,,,,,,,,,,,,,,,,,,,,,,,,,,,,,,,,,,,,,,,,,,,,,,,,,,,,,,,,,,,,,,,,,,,,,,,,,,,,,,,,,,,,,,,,,,,,,,,,,,,,,,,,
1,1784323125105,17/07/2026 21:18:45,1784323125105,2,17/07/2026 23:18:45,273725,7,questionnaire-nrov,,57285784,BLINDED,16373600,,complete,,,computer,Desktop or Laptop,Windows 10,Firefox 152.0,1920x1080,1920x955,,,0,4 AndWith version,5,AndWith,continue,,,,,,,,,,,,,,,,,,,,,,,,,,,,,,,,,,,,,,,,,,,,,,,,,,,,,,,,,,,,,,,,,,,info,,BEGIN,,,,,,,,,,,,,,,,,,,,,,,,,,,,,,,,,,,,,,,,,,,,,,,,,,,,,,,,,,,,,,,,,,,,,,,,,,,,,,,,,,,,,,,,,,,,,,,,,,,,,,,,,,,,,,,,,,,,,,,,,,,,,,,,,,,,,,,,,,,,7,7,3,3,7,7,3,3,7,7,4,4,7,7,3,3,6,6,3,3,3,3,3,3,2,2,3,3,2,2,3,3,2,2,3,3,2,2,3,3,1,1,3,3,1,1,3,3,1,1,3,3,1,1,3,3,5,5,3,3
1,1784323301227,17/07/2026 21:21:41,1784323301227,2,17/07/2026 23:21:41,273725,7,questionnaire-knkh,,57285852,BLINDED,16373600,,complete,,,computer,Desktop or Laptop,Windows 10,Firefox 152.0,1920x1080,1920x955,,,0,WithKontrolne,2,AndWith,continue,,,,,,,,,,,,,,,,,,,,,,,,,,,,,,,,,,,,,,,,,,,,,,,,,,,,,,,,,,,,,,,,,,,info,,BEGIN,,,,,,,,,TAK,1,,,,,,,,,,,,,,,,,,,,,,,,,,,,,,,,,,,,,,,,,,,,,,,,,,,,,,,,,,,,,,,,,,,,,,,,,,,,,,,,,,,,,,,,,,,,,,,,,,,,,,,,,,,,,,,,,,,,,,,,,,,,,,,,,,,,,,,,,,,,,,,,,,,,,,,,,,,,,,,,,,,,,,,,,,,,,,,,,,,,,,,,,,,,,
1,1784323318677,17/07/2026 21:21:58,1784323318677,2,17/07/2026 23:21:58,273725,7,questionnaire-whir,,57285859,BLINDED,16373600,,complete,,,computer,Desktop or Laptop,Windows 10,Firefox 152.0,1920x1080,1920x955,,,0,Pytania demograficzne,4,AndWith,continue,,,,,,,,,,,,,,,,,,,,,,,,,,,,,,,,,,,,,,,,,,,,,,,,,,,,,,,,,,,,,,,,,,,info,,BEGIN,,,,,,,,,,,Mężczyzna,1,21,w trakcie studiów,3,"Bardzo dobrze, język polski jest moim pierwszym językiem (językiem ojczystym)",1,Brak doświadczenia,4,,,,,,,,,,,,,,,,,,,,,,,,,,,,,,,,,,,,,,,,,,,,,,,,,,,,,,,,,,,,,,,,,,,,,,,,,,,,,,,,,,,,,,,,,,,,,,,,,,,,,,,,,,,,,,,,,,,,,,,,,,,,,,,,,,,,,,,,,,,,,,,,,,,,,,,,,,,,,,,,,,,,,,,,,,,,,,,,,,,,
1,1784324010734,17/07/2026 21:33:30,1784324010734,2,17/07/2026 23:33:30,273725,7,questionnaire-2hmd,,57286046,BLINDED,16373670,,complete,,,mobile,undefined K,Android 10,Samsung Internet 30.0,384x832,384x656,,,0,Kwestionariusz poczatkowy,11,AndLack,continue,TAK,1,,,,,,,,,,,,,,,,,,,,,,,,,,,,,,,,,,,,,,,,,,,,,,,,,,,,,,,,,,,,,,,,,info,,BEGIN,,,,,,,,,,,,,,,,,,,,,,,,,,,,,,,,,,,,,,,,,,,,,,,,,,,,,,,,,,,,,,,,,,,,,,,,,,,,,,,,,,,,,,,,,,,,,,,,,,,,,,,,,,,,,,,,,,,,,,,,,,,,,,,,,,,,,,,,,,,,,,,,,,,,,,,,,,,,,,,,,,,,,,,,,,,,,,,,,,,,,,,,,,,,,,,,,,,,,,,
1,1784324016494,17/07/2026 21:33:36,1784324016494,2,17/07/2026 23:33:36,273725,7,questionnaire-u8vu,,57286047,BLINDED,16373670,,complete,,,mobile,undefined K,Android 10,Samsung Internet 30.0,384x832,384x656,,,0,Informacja do badania,4,AndLack,continue,,,,,,,,,,,,,,,,,,,,,,,,,,,,,,,,,,,,,,,,,,,,,,,,,,,,,,,,,,,,,,,,,,,info,,BEGIN,,,,,,,,,,,,,,,,,,,,,,,,,,,,,,,,,,,,,,,,,,,,,,,,,,,,,,,,,,,,,,,,,,,,,,,,,,,,,,,,,,,,,,,,,,,,,,,,,,,,,,,,,,,,,,,,,,,,,,,,,,,,,,,,,,,,,,,,,,,,,,,,,,,,,,,,,,,,,,,,,,,,,,,,,,,,,,,,,,,,,,,,,,,,,,,,,,,,,,,
1,1784324029577,17/07/2026 21:33:49,1784324029577,2,17/07/2026 23:33:49,273725,7,questionnaire-apnj,,57286050,BLINDED,16373670,,complete,,,mobile,undefined K,Android 10,Samsung Internet 30.0,384x832,384x656,,,0,3 AndLack version,5,AndLack,continue,,,,,,,,,,,,,,,,,,,,,,,,,,,,,,,,,,,,,,,,,,,,,,,,,,,,,,,,,,,,,,,,,,,info,,BEGIN,,,,,,,,,,,,,,,,,,,,,,,,,,,,,,,,,,,,,,,,,,,,,,,,,,,,,,,,,,,,,,,,,,,,,,,,,,,,,,,,7,7,5,5,5,5,2,2,7,7,5,5,7,7,5,5,7,7,7,7,7,7,6,6,6,6,4,4,7,7,7,7,7,7,4,4,7,7,7,7,4,4,2,2,4,4,2,2,5,5,3,3,4,4,2,2,5,5,3,3,,,,,,,,,,,,,,,,,,,,,,,,,,,,,,,,,,,,,,,,,,,,,,,,,,,,,,,,,,,,
1,1784324184321,17/07/2026 21:36:24,1784324184321,2,17/07/2026 23:36:24,273725,7,questionnaire-48tg,,57286078,BLINDED,16373670,,complete,,,mobile,undefined K,Android 10,Samsung Internet 30.0,384x832,384x656,,,0,LackKontrolne,2,AndLack,continue,,,,,,,,,,,,,,,,,,,,,,,,,,,,,,,,,,,,,,,,,,,,,,,,,,,,,,,,,,,,,,,,,,,info,,BEGIN,,,,,,,TAK,1,,,,,,,,,,,,,,,,,,,,,,,,,,,,,,,,,,,,,,,,,,,,,,,,,,,,,,,,,,,,,,,,,,,,,,,,,,,,,,,,,,,,,,,,,,,,,,,,,,,,,,,,,,,,,,,,,,,,,,,,,,,,,,,,,,,,,,,,,,,,,,,,,,,,,,,,,,,,,,,,,,,,,,,,,,,,,,,,,,,,,,,,,,,,,,,
1,1784324198858,17/07/2026 21:36:38,1784324198858,2,17/07/2026 23:36:38,273725,7,questionnaire-whir,,57286079,BLINDED,16373670,,complete,,,mobile,undefined K,Android 10,Samsung Internet 30.0,384x832,384x656,,,0,Pytania demograficzne,4,AndLack,continue,,,,,,,,,,,,,,,,,,,,,,,,,,,,,,,,,,,,,,,,,,,,,,,,,,,,,,,,,,,,,,,,,,,info,,BEGIN,,,,,,,,,,,Kobieta,2,20,w trakcie studiów,3,"Bardzo dobrze, język polski jest moim pierwszym językiem (językiem ojczystym)",1,Brak doświadczenia,4,,,,,,,,,,,,,,,,,,,,,,,,,,,,,,,,,,,,,,,,,,,,,,,,,,,,,,,,,,,,,,,,,,,,,,,,,,,,,,,,,,,,,,,,,,,,,,,,,,,,,,,,,,,,,,,,,,,,,,,,,,,,,,,,,,,,,,,,,,,,,,,,,,,,,,,,,,,,,,,,,,,,,,,,,,,,,,,,,,,,
1,1784346951567,18/07/2026 03:55:51,1784346951567,2,18/07/2026 05:55:51,273725,7,questionnaire-2hmd,,57288111,BLINDED,16374279,,complete,,,mobile,undefined K,Android 10,Chrome 150.0.0.0,434x965,433x822,,,0,Kwestionariusz poczatkowy,11,CondWith,continue,TAK,1,,,,,,,,,,,,,,,,,,,,,,,,,,,,,,,,,,,,,,,,,,,,,,,,,,,,,,,,,,,,,,,,,info,,BEGIN,,,,,,,,,,,,,,,,,,,,,,,,,,,,,,,,,,,,,,,,,,,,,,,,,,,,,,,,,,,,,,,,,,,,,,,,,,,,,,,,,,,,,,,,,,,,,,,,,,,,,,,,,,,,,,,,,,,,,,,,,,,,,,,,,,,,,,,,,,,,,,,,,,,,,,,,,,,,,,,,,,,,,,,,,,,,,,,,,,,,,,,,,,,,,,,,,,,,,,,
1,1784346959062,18/07/2026 03:55:59,1784346959062,2,18/07/2026 05:55:59,273725,7,questionnaire-u8vu,,57288113,BLINDED,16374279,,complete,,,mobile,undefined K,Android 10,Chrome 150.0.0.0,434x965,433x822,,,0,Informacja do badania,4,CondWith,continue,,,,,,,,,,,,,,,,,,,,,,,,,,,,,,,,,,,,,,,,,,,,,,,,,,,,,,,,,,,,,,,,,,,info,,BEGIN,,,,,,,,,,,,,,,,,,,,,,,,,,,,,,,,,,,,,,,,,,,,,,,,,,,,,,,,,,,,,,,,,,,,,,,,,,,,,,,,,,,,,,,,,,,,,,,,,,,,,,,,,,,,,,,,,,,,,,,,,,,,,,,,,,,,,,,,,,,,,,,,,,,,,,,,,,,,,,,,,,,,,,,,,,,,,,,,,,,,,,,,,,,,,,,,,,,,,,,
1,1784346980912,18/07/2026 03:56:20,1784346980912,2,18/07/2026 05:56:20,273725,7,questionnaire-84x1,,57288115,BLINDED,16374279,,complete,,,mobile,undefined K,Android 10,Chrome 150.0.0.0,434x965,433x822,,,0,2 CondWith version,5,CondWith,continue,,,,,,,,,,,,,,,,,,,,,,,,,,,,,,,,,,,,,,,,,,,,,,,,,,,,,,,,,,,,,,,,,,,info,,BEGIN,,,,,,,,,,,,,,,,,,,,6,6,6,6,5,5,2,2,6,6,6,6,6,6,6,6,6,6,1,1,5,5,5,5,2,2,5,5,1,1,4,4,1,1,3,3,1,1,4,4,1,1,4,4,1,1,1,1,1,1,3,3,1,1,3,3,1,1,2,2,,,,,,,,,,,,,,,,,,,,,,,,,,,,,,,,,,,,,,,,,,,,,,,,,,,,,,,,,,,,,,,,,,,,,,,,,,,,,,,,,,,,,,,,,,,,,,,,,,,,,,,,,,,,,,,,,,,,,,,,
1,1784347276488,18/07/2026 04:01:16,1784347276488,2,18/07/2026 06:01:16,273725,7,questionnaire-knkh,,57288128,BLINDED,16374279,,complete,,,mobile,undefined K,Android 10,Chrome 150.0.0.0,434x965,433x822,,,0,WithKontrolne,2,CondWith,continue,,,,,,,,,,,,,,,,,,,,,,,,,,,,,,,,,,,,,,,,,,,,,,,,,,,,,,,,,,,,,,,,,,,info,,BEGIN,,,,,,,,,NIE,2,,,,,,,,,,,,,,,,,,,,,,,,,,,,,,,,,,,,,,,,,,,,,,,,,,,,,,,,,,,,,,,,,,,,,,,,,,,,,,,,,,,,,,,,,,,,,,,,,,,,,,,,,,,,,,,,,,,,,,,,,,,,,,,,,,,,,,,,,,,,,,,,,,,,,,,,,,,,,,,,,,,,,,,,,,,,,,,,,,,,,,,,,,,,,
1,1784347286617,18/07/2026 04:01:26,1784347286617,2,18/07/2026 06:01:26,273725,7,questionnaire-whir,,57288129,BLINDED,16374279,,complete,,,mobile,undefined K,Android 10,Chrome 150.0.0.0,434x965,433x822,,,0,Pytania demograficzne,4,CondWith,continue,,,,,,,,,,,,,,,,,,,,,,,,,,,,,,,,,,,,,,,,,,,,,,,,,,,,,,,,,,,,,,,,,,,info,,BEGIN,,,,,,,,,,,Mężczyzna,1,32,wykształcenie wyższe,4,"Bardzo dobrze, język polski jest moim pierwszym językiem (językiem ojczystym)",1,1-2 semestry na studiach,2,,,,,,,,,,,,,,,,,,,,,,,,,,,,,,,,,,,,,,,,,,,,,,,,,,,,,,,,,,,,,,,,,,,,,,,,,,,,,,,,,,,,,,,,,,,,,,,,,,,,,,,,,,,,,,,,,,,,,,,,,,,,,,,,,,,,,,,,,,,,,,,,,,,,,,,,,,,,,,,,,,,,,,,,,,,,,,,,,,,,
1,1784405099937,18/07/2026 20:04:59,1784405099937,2,18/07/2026 22:04:59,273725,7,questionnaire-2hmd,,57294553,BLINDED,16375986,,complete,,,mobile,Apple iPhone,iOS 18.7,Facebook 570.0.0.20.108,430x932,430x735,,,0,Kwestionariusz poczatkowy,11,CondWith,continue,TAK,1,,,,,,,,,,,,,,,,,,,,,,,,,,,,,,,,,,,,,,,,,,,,,,,,,,,,,,,,,,,,,,,,,info,,BEGIN,,,,,,,,,,,,,,,,,,,,,,,,,,,,,,,,,,,,,,,,,,,,,,,,,,,,,,,,,,,,,,,,,,,,,,,,,,,,,,,,,,,,,,,,,,,,,,,,,,,,,,,,,,,,,,,,,,,,,,,,,,,,,,,,,,,,,,,,,,,,,,,,,,,,,,,,,,,,,,,,,,,,,,,,,,,,,,,,,,,,,,,,,,,,,,,,,,,,,,,
1,1784405164710,18/07/2026 20:06:04,1784405164710,2,18/07/2026 22:06:04,273725,7,questionnaire-u8vu,,57294563,BLINDED,16375986,,complete,,,mobile,Apple iPhone,iOS 18.7,Facebook 570.0.0.20.108,430x932,430x735,,,0,Informacja do badania,4,CondWith,continue,,,,,,,,,,,,,,,,,,,,,,,,,,,,,,,,,,,,,,,,,,,,,,,,,,,,,,,,,,,,,,,,,,,info,,BEGIN,,,,,,,,,,,,,,,,,,,,,,,,,,,,,,,,,,,,,,,,,,,,,,,,,,,,,,,,,,,,,,,,,,,,,,,,,,,,,,,,,,,,,,,,,,,,,,,,,,,,,,,,,,,,,,,,,,,,,,,,,,,,,,,,,,,,,,,,,,,,,,,,,,,,,,,,,,,,,,,,,,,,,,,,,,,,,,,,,,,,,,,,,,,,,,,,,,,,,,,
1,1784405195609,18/07/2026 20:06:35,1784405195609,2,18/07/2026 22:06:35,273725,7,questionnaire-84x1,,57294568,BLINDED,16375986,,complete,,,mobile,Apple iPhone,iOS 18.7,Facebook 570.0.0.20.108,430x932,430x735,,,0,2 CondWith version,5,CondWith,continue,,,,,,,,,,,,,,,,,,,,,,,,,,,,,,,,,,,,,,,,,,,,,,,,,,,,,,,,,,,,,,,,,,,info,,BEGIN,,,,,,,,,,,,,,,,,,,,3,3,1,1,6,6,4,4,5,5,1,1,2,2,1,1,2,2,1,1,3,3,1,1,1,1,1,1,1,1,1,1,1,1,1,1,1,1,1,1,1,1,1,1,1,1,1,1,1,1,1,1,1,1,1,1,1,1,1,1,,,,,,,,,,,,,,,,,,,,,,,,,,,,,,,,,,,,,,,,,,,,,,,,,,,,,,,,,,,,,,,,,,,,,,,,,,,,,,,,,,,,,,,,,,,,,,,,,,,,,,,,,,,,,,,,,,,,,,,,
1,1784405366155,18/07/2026 20:09:26,1784405366155,2,18/07/2026 22:09:26,273725,7,questionnaire-knkh,,57294604,BLINDED,16375986,,complete,,,mobile,Apple iPhone,iOS 18.7,Facebook 570.0.0.20.108,430x932,430x735,,,0,WithKontrolne,2,CondWith,continue,,,,,,,,,,,,,,,,,,,,,,,,,,,,,,,,,,,,,,,,,,,,,,,,,,,,,,,,,,,,,,,,,,,info,,BEGIN,,,,,,,,,TAK,1,,,,,,,,,,,,,,,,,,,,,,,,,,,,,,,,,,,,,,,,,,,,,,,,,,,,,,,,,,,,,,,,,,,,,,,,,,,,,,,,,,,,,,,,,,,,,,,,,,,,,,,,,,,,,,,,,,,,,,,,,,,,,,,,,,,,,,,,,,,,,,,,,,,,,,,,,,,,,,,,,,,,,,,,,,,,,,,,,,,,,,,,,,,,,
1,1784405383901,18/07/2026 20:09:43,1784405383901,2,18/07/2026 22:09:43,273725,7,questionnaire-whir,,57294606,BLINDED,16375986,,complete,,,mobile,Apple iPhone,iOS 18.7,Facebook 570.0.0.20.108,430x932,430x735,,,0,Pytania demograficzne,4,CondWith,continue,,,,,,,,,,,,,,,,,,,,,,,,,,,,,,,,,,,,,,,,,,,,,,,,,,,,,,,,,,,,,,,,,,,info,,BEGIN,,,,,,,,,,,Kobieta,2,23,w trakcie studiów,3,"Bardzo dobrze, język polski jest moim pierwszym językiem (językiem ojczystym)",1,Logika w szkole średniej ,3,,,,,,,,,,,,,,,,,,,,,,,,,,,,,,,,,,,,,,,,,,,,,,,,,,,,,,,,,,,,,,,,,,,,,,,,,,,,,,,,,,,,,,,,,,,,,,,,,,,,,,,,,,,,,,,,,,,,,,,,,,,,,,,,,,,,,,,,,,,,,,,,,,,,,,,,,,,,,,,,,,,,,,,,,,,,,,,,,,,,
1,1784405158863,18/07/2026 20:05:58,1784405158863,2,18/07/2026 22:05:58,273725,7,questionnaire-2hmd,,57294561,BLINDED,16375988,,complete,,,mobile,OPPO CPH2493,Android 13,Facebook 569.0.0.44.91,417x932,416x802,,,0,Kwestionariusz poczatkowy,11,CondWith,continue,TAK,1,,,,,,,,,,,,,,,,,,,,,,,,,,,,,,,,,,,,,,,,,,,,,,,,,,,,,,,,,,,,,,,,,info,,BEGIN,,,,,,,,,,,,,,,,,,,,,,,,,,,,,,,,,,,,,,,,,,,,,,,,,,,,,,,,,,,,,,,,,,,,,,,,,,,,,,,,,,,,,,,,,,,,,,,,,,,,,,,,,,,,,,,,,,,,,,,,,,,,,,,,,,,,,,,,,,,,,,,,,,,,,,,,,,,,,,,,,,,,,,,,,,,,,,,,,,,,,,,,,,,,,,,,,,,,,,,
1,1784405166053,18/07/2026 20:06:06,1784405166053,2,18/07/2026 22:06:06,273725,7,questionnaire-u8vu,,57294564,BLINDED,16375988,,complete,,,mobile,OPPO CPH2493,Android 13,Facebook 569.0.0.44.91,417x932,416x802,,,0,Informacja do badania,4,CondWith,continue,,,,,,,,,,,,,,,,,,,,,,,,,,,,,,,,,,,,,,,,,,,,,,,,,,,,,,,,,,,,,,,,,,,info,,BEGIN,,,,,,,,,,,,,,,,,,,,,,,,,,,,,,,,,,,,,,,,,,,,,,,,,,,,,,,,,,,,,,,,,,,,,,,,,,,,,,,,,,,,,,,,,,,,,,,,,,,,,,,,,,,,,,,,,,,,,,,,,,,,,,,,,,,,,,,,,,,,,,,,,,,,,,,,,,,,,,,,,,,,,,,,,,,,,,,,,,,,,,,,,,,,,,,,,,,,,,,
1,1784405191473,18/07/2026 20:06:31,1784405191473,2,18/07/2026 22:06:31,273725,7,questionnaire-84x1,,57294567,BLINDED,16375988,,complete,,,mobile,OPPO CPH2493,Android 13,Facebook 569.0.0.44.91,417x932,416x802,,,0,2 CondWith version,5,CondWith,continue,,,,,,,,,,,,,,,,,,,,,,,,,,,,,,,,,,,,,,,,,,,,,,,,,,,,,,,,,,,,,,,,,,,info,,BEGIN,,,,,,,,,,,,,,,,,,,,5,5,4,4,6,6,4,4,7,7,5,5,5,5,3,3,4,4,3,3,1,1,1,1,1,1,1,1,1,1,1,1,1,1,1,1,1,1,1,1,1,1,1,1,1,1,1,1,1,1,1,1,1,1,1,1,1,1,1,1,,,,,,,,,,,,,,,,,,,,,,,,,,,,,,,,,,,,,,,,,,,,,,,,,,,,,,,,,,,,,,,,,,,,,,,,,,,,,,,,,,,,,,,,,,,,,,,,,,,,,,,,,,,,,,,,,,,,,,,,
1,1784405312715,18/07/2026 20:08:32,1784405312715,2,18/07/2026 22:08:32,273725,7,questionnaire-knkh,,57294592,BLINDED,16375988,,complete,,,mobile,OPPO CPH2493,Android 13,Facebook 569.0.0.44.91,417x932,416x802,,,0,WithKontrolne,2,CondWith,continue,,,,,,,,,,,,,,,,,,,,,,,,,,,,,,,,,,,,,,,,,,,,,,,,,,,,,,,,,,,,,,,,,,,info,,BEGIN,,,,,,,,,TAK,1,,,,,,,,,,,,,,,,,,,,,,,,,,,,,,,,,,,,,,,,,,,,,,,,,,,,,,,,,,,,,,,,,,,,,,,,,,,,,,,,,,,,,,,,,,,,,,,,,,,,,,,,,,,,,,,,,,,,,,,,,,,,,,,,,,,,,,,,,,,,,,,,,,,,,,,,,,,,,,,,,,,,,,,,,,,,,,,,,,,,,,,,,,,,,
1,1784405325775,18/07/2026 20:08:45,1784405325775,2,18/07/2026 22:08:45,273725,7,questionnaire-whir,,57294595,BLINDED,16375988,,complete,,,mobile,OPPO CPH2493,Android 13,Facebook 569.0.0.44.91,417x932,416x802,,,0,Pytania demograficzne,4,CondWith,continue,,,,,,,,,,,,,,,,,,,,,,,,,,,,,,,,,,,,,,,,,,,,,,,,,,,,,,,,,,,,,,,,,,,info,,BEGIN,,,,,,,,,,,Mężczyzna,1,26,wykształcenie wyższe,4,"Bardzo dobrze, język polski jest moim pierwszym językiem (językiem ojczystym)",1,Logika w szkole średniej ,3,,,,,,,,,,,,,,,,,,,,,,,,,,,,,,,,,,,,,,,,,,,,,,,,,,,,,,,,,,,,,,,,,,,,,,,,,,,,,,,,,,,,,,,,,,,,,,,,,,,,,,,,,,,,,,,,,,,,,,,,,,,,,,,,,,,,,,,,,,,,,,,,,,,,,,,,,,,,,,,,,,,,,,,,,,,,,,,,,,,,
1,1784406202487,18/07/2026 20:23:22,1784406202487,2,18/07/2026 22:23:22,273725,7,questionnaire-2hmd,,57294717,BLINDED,16376036,,complete,,,mobile,Xiaomi 23078PND5G,Android 15,Facebook 569.0.0.44.91,407x904,406x774,,,0,Kwestionariusz poczatkowy,11,AndWith,continue,TAK,1,,,,,,,,,,,,,,,,,,,,,,,,,,,,,,,,,,,,,,,,,,,,,,,,,,,,,,,,,,,,,,,,,info,,BEGIN,,,,,,,,,,,,,,,,,,,,,,,,,,,,,,,,,,,,,,,,,,,,,,,,,,,,,,,,,,,,,,,,,,,,,,,,,,,,,,,,,,,,,,,,,,,,,,,,,,,,,,,,,,,,,,,,,,,,,,,,,,,,,,,,,,,,,,,,,,,,,,,,,,,,,,,,,,,,,,,,,,,,,,,,,,,,,,,,,,,,,,,,,,,,,,,,,,,,,,,
1,1784406208659,18/07/2026 20:23:28,1784406208659,2,18/07/2026 22:23:28,273725,7,questionnaire-u8vu,,57294720,BLINDED,16376036,,complete,,,mobile,Xiaomi 23078PND5G,Android 15,Facebook 569.0.0.44.91,407x904,406x774,,,0,Informacja do badania,4,AndWith,continue,,,,,,,,,,,,,,,,,,,,,,,,,,,,,,,,,,,,,,,,,,,,,,,,,,,,,,,,,,,,,,,,,,,info,,BEGIN,,,,,,,,,,,,,,,,,,,,,,,,,,,,,,,,,,,,,,,,,,,,,,,,,,,,,,,,,,,,,,,,,,,,,,,,,,,,,,,,,,,,,,,,,,,,,,,,,,,,,,,,,,,,,,,,,,,,,,,,,,,,,,,,,,,,,,,,,,,,,,,,,,,,,,,,,,,,,,,,,,,,,,,,,,,,,,,,,,,,,,,,,,,,,,,,,,,,,,,
1,1784406213422,18/07/2026 20:23:33,1784406213422,2,18/07/2026 22:23:33,273725,7,questionnaire-nrov,,57294722,BLINDED,16376036,,complete,,,mobile,Xiaomi 23078PND5G,Android 15,Facebook 569.0.0.44.91,407x904,406x774,,,0,4 AndWith version,5,AndWith,continue,,,,,,,,,,,,,,,,,,,,,,,,,,,,,,,,,,,,,,,,,,,,,,,,,,,,,,,,,,,,,,,,,,,info,,BEGIN,,,,,,,,,,,,,,,,,,,,,,,,,,,,,,,,,,,,,,,,,,,,,,,,,,,,,,,,,,,,,,,,,,,,,,,,,,,,,,,,,,,,,,,,,,,,,,,,,,,,,,,,,,,,,,,,,,,,,,,,,,,,,,,,,,,,,,,,,,,,7,7,5,5,7,7,7,7,7,7,7,7,7,7,7,7,7,7,7,7,5,5,3,3,2,2,1,1,1,1,1,1,1,1,1,1,1,1,1,1,1,1,1,1,1,1,1,1,1,1,1,1,1,1,1,1,1,1,1,1
1,1784406311396,18/07/2026 20:25:11,1784406311396,2,18/07/2026 22:25:11,273725,7,questionnaire-knkh,,57294729,BLINDED,16376036,,complete,,,mobile,Xiaomi 23078PND5G,Android 15,Facebook 569.0.0.44.91,407x904,406x774,,,0,WithKontrolne,2,AndWith,continue,,,,,,,,,,,,,,,,,,,,,,,,,,,,,,,,,,,,,,,,,,,,,,,,,,,,,,,,,,,,,,,,,,,info,,BEGIN,,,,,,,,,TAK,1,,,,,,,,,,,,,,,,,,,,,,,,,,,,,,,,,,,,,,,,,,,,,,,,,,,,,,,,,,,,,,,,,,,,,,,,,,,,,,,,,,,,,,,,,,,,,,,,,,,,,,,,,,,,,,,,,,,,,,,,,,,,,,,,,,,,,,,,,,,,,,,,,,,,,,,,,,,,,,,,,,,,,,,,,,,,,,,,,,,,,,,,,,,,,
1,1784406319662,18/07/2026 20:25:19,1784406319662,2,18/07/2026 22:25:19,273725,7,questionnaire-whir,,57294730,BLINDED,16376036,,complete,,,mobile,Xiaomi 23078PND5G,Android 15,Facebook 569.0.0.44.91,407x904,406x774,,,0,Pytania demograficzne,4,AndWith,continue,,,,,,,,,,,,,,,,,,,,,,,,,,,,,,,,,,,,,,,,,,,,,,,,,,,,,,,,,,,,,,,,,,,info,,BEGIN,,,,,,,,,,,Kobieta,2,21,w trakcie studiów,3,"Bardzo dobrze, język polski jest moim pierwszym językiem (językiem ojczystym)",1,Brak doświadczenia,4,,,,,,,,,,,,,,,,,,,,,,,,,,,,,,,,,,,,,,,,,,,,,,,,,,,,,,,,,,,,,,,,,,,,,,,,,,,,,,,,,,,,,,,,,,,,,,,,,,,,,,,,,,,,,,,,,,,,,,,,,,,,,,,,,,,,,,,,,,,,,,,,,,,,,,,,,,,,,,,,,,,,,,,,,,,,,,,,,,,,
1,1784406431528,18/07/2026 20:27:11,1784406431528,2,18/07/2026 22:27:11,273725,7,questionnaire-2hmd,,57294738,BLINDED,16376044,,complete,,,mobile,undefined K,Android 10,Chrome 150.0.0.0,412x915,411x779,,,0,Kwestionariusz poczatkowy,11,AndLack,continue,TAK,1,,,,,,,,,,,,,,,,,,,,,,,,,,,,,,,,,,,,,,,,,,,,,,,,,,,,,,,,,,,,,,,,,info,,BEGIN,,,,,,,,,,,,,,,,,,,,,,,,,,,,,,,,,,,,,,,,,,,,,,,,,,,,,,,,,,,,,,,,,,,,,,,,,,,,,,,,,,,,,,,,,,,,,,,,,,,,,,,,,,,,,,,,,,,,,,,,,,,,,,,,,,,,,,,,,,,,,,,,,,,,,,,,,,,,,,,,,,,,,,,,,,,,,,,,,,,,,,,,,,,,,,,,,,,,,,,
1,1784406436837,18/07/2026 20:27:16,1784406436837,2,18/07/2026 22:27:16,273725,7,questionnaire-u8vu,,57294740,BLINDED,16376044,,complete,,,mobile,undefined K,Android 10,Chrome 150.0.0.0,412x915,411x779,,,0,Informacja do badania,4,AndLack,continue,,,,,,,,,,,,,,,,,,,,,,,,,,,,,,,,,,,,,,,,,,,,,,,,,,,,,,,,,,,,,,,,,,,info,,BEGIN,,,,,,,,,,,,,,,,,,,,,,,,,,,,,,,,,,,,,,,,,,,,,,,,,,,,,,,,,,,,,,,,,,,,,,,,,,,,,,,,,,,,,,,,,,,,,,,,,,,,,,,,,,,,,,,,,,,,,,,,,,,,,,,,,,,,,,,,,,,,,,,,,,,,,,,,,,,,,,,,,,,,,,,,,,,,,,,,,,,,,,,,,,,,,,,,,,,,,,,
1,1784406459648,18/07/2026 20:27:39,1784406459648,2,18/07/2026 22:27:39,273725,7,questionnaire-apnj,,57294741,BLINDED,16376044,,complete,,,mobile,undefined K,Android 10,Chrome 150.0.0.0,412x915,411x779,,,0,3 AndLack version,5,AndLack,continue,,,,,,,,,,,,,,,,,,,,,,,,,,,,,,,,,,,,,,,,,,,,,,,,,,,,,,,,,,,,,,,,,,,info,,BEGIN,,,,,,,,,,,,,,,,,,,,,,,,,,,,,,,,,,,,,,,,,,,,,,,,,,,,,,,,,,,,,,,,,,,,,,,,,,,,,,,,7,7,7,7,7,7,5,5,7,7,5,5,7,7,6,6,7,7,7,7,7,7,7,7,7,7,5,5,7,7,7,7,7,7,4,4,7,7,7,7,7,7,1,1,7,7,1,1,7,7,3,3,7,7,1,1,7,7,4,4,,,,,,,,,,,,,,,,,,,,,,,,,,,,,,,,,,,,,,,,,,,,,,,,,,,,,,,,,,,,
1,1784406614220,18/07/2026 20:30:14,1784406614220,2,18/07/2026 22:30:14,273725,7,questionnaire-48tg,,57294769,BLINDED,16376044,,complete,,,mobile,undefined K,Android 10,Chrome 150.0.0.0,412x915,411x779,,,0,LackKontrolne,2,AndLack,continue,,,,,,,,,,,,,,,,,,,,,,,,,,,,,,,,,,,,,,,,,,,,,,,,,,,,,,,,,,,,,,,,,,,info,,BEGIN,,,,,,,NIE,2,,,,,,,,,,,,,,,,,,,,,,,,,,,,,,,,,,,,,,,,,,,,,,,,,,,,,,,,,,,,,,,,,,,,,,,,,,,,,,,,,,,,,,,,,,,,,,,,,,,,,,,,,,,,,,,,,,,,,,,,,,,,,,,,,,,,,,,,,,,,,,,,,,,,,,,,,,,,,,,,,,,,,,,,,,,,,,,,,,,,,,,,,,,,,,,
1,1784406627108,18/07/2026 20:30:27,1784406627108,2,18/07/2026 22:30:27,273725,7,questionnaire-whir,,57294774,BLINDED,16376044,,complete,,,mobile,undefined K,Android 10,Chrome 150.0.0.0,412x915,411x779,,,0,Pytania demograficzne,4,AndLack,continue,,,,,,,,,,,,,,,,,,,,,,,,,,,,,,,,,,,,,,,,,,,,,,,,,,,,,,,,,,,,,,,,,,,info,,BEGIN,,,,,,,,,,,Mężczyzna,1,23,w trakcie studiów,3,"Bardzo dobrze, język polski jest moim pierwszym językiem (językiem ojczystym)",1,Logika w szkole średniej ,3,,,,,,,,,,,,,,,,,,,,,,,,,,,,,,,,,,,,,,,,,,,,,,,,,,,,,,,,,,,,,,,,,,,,,,,,,,,,,,,,,,,,,,,,,,,,,,,,,,,,,,,,,,,,,,,,,,,,,,,,,,,,,,,,,,,,,,,,,,,,,,,,,,,,,,,,,,,,,,,,,,,,,,,,,,,,,,,,,,,,
1,1784406604001,18/07/2026 20:30:04,1784406604001,2,18/07/2026 22:30:04,273725,7,questionnaire-2hmd,,57294767,BLINDED,16376054,,complete,,,computer,Desktop or Laptop,Windows 10,Opera 133.0.0.0,3440x1440,3395x1318,,,0,Kwestionariusz poczatkowy,11,CondLack,continue,TAK,1,,,,,,,,,,,,,,,,,,,,,,,,,,,,,,,,,,,,,,,,,,,,,,,,,,,,,,,,,,,,,,,,,info,,BEGIN,,,,,,,,,,,,,,,,,,,,,,,,,,,,,,,,,,,,,,,,,,,,,,,,,,,,,,,,,,,,,,,,,,,,,,,,,,,,,,,,,,,,,,,,,,,,,,,,,,,,,,,,,,,,,,,,,,,,,,,,,,,,,,,,,,,,,,,,,,,,,,,,,,,,,,,,,,,,,,,,,,,,,,,,,,,,,,,,,,,,,,,,,,,,,,,,,,,,,,,
1,1784406624958,18/07/2026 20:30:24,1784406624958,2,18/07/2026 22:30:24,273725,7,questionnaire-u8vu,,57294773,BLINDED,16376054,,complete,,,computer,Desktop or Laptop,Windows 10,Opera 133.0.0.0,3440x1440,3395x1318,,,0,Informacja do badania,4,CondLack,continue,,,,,,,,,,,,,,,,,,,,,,,,,,,,,,,,,,,,,,,,,,,,,,,,,,,,,,,,,,,,,,,,,,,info,,BEGIN,,,,,,,,,,,,,,,,,,,,,,,,,,,,,,,,,,,,,,,,,,,,,,,,,,,,,,,,,,,,,,,,,,,,,,,,,,,,,,,,,,,,,,,,,,,,,,,,,,,,,,,,,,,,,,,,,,,,,,,,,,,,,,,,,,,,,,,,,,,,,,,,,,,,,,,,,,,,,,,,,,,,,,,,,,,,,,,,,,,,,,,,,,,,,,,,,,,,,,,
1,1784406644301,18/07/2026 20:30:44,1784406644301,2,18/07/2026 22:30:44,273725,7,questionnaire-mxn9,,57294778,BLINDED,16376054,,complete,,,computer,Desktop or Laptop,Windows 10,Opera 133.0.0.0,3440x1440,3395x1318,,,0,1 CondLack version,8,CondLack,continue,,,6,6,5,5,6,6,4,4,6,6,6,6,6,6,6,6,6,6,5,5,2,2,2,2,1,1,2,2,1,1,3,3,2,2,2,2,2,2,2,2,2,2,6,6,2,2,2,2,2,2,3,3,2,2,3,3,1,1,2,2,,,,,info,,BEGIN,,,,,,,,,,,,,,,,,,,,,,,,,,,,,,,,,,,,,,,,,,,,,,,,,,,,,,,,,,,,,,,,,,,,,,,,,,,,,,,,,,,,,,,,,,,,,,,,,,,,,,,,,,,,,,,,,,,,,,,,,,,,,,,,,,,,,,,,,,,,,,,,,,,,,,,,,,,,,,,,,,,,,,,,,,,,,,,,,,,,,,,,,,,,,,,,,,,,,,,
1,1784406770383,18/07/2026 20:32:50,1784406770383,2,18/07/2026 22:32:50,273725,7,questionnaire-48tg,,57294790,BLINDED,16376054,,complete,,,computer,Desktop or Laptop,Windows 10,Opera 133.0.0.0,3440x1440,3395x1318,,,0,LackKontrolne,2,CondLack,continue,,,,,,,,,,,,,,,,,,,,,,,,,,,,,,,,,,,,,,,,,,,,,,,,,,,,,,,,,,,,,,,,,,,info,,BEGIN,,,,,,,NIE,2,,,,,,,,,,,,,,,,,,,,,,,,,,,,,,,,,,,,,,,,,,,,,,,,,,,,,,,,,,,,,,,,,,,,,,,,,,,,,,,,,,,,,,,,,,,,,,,,,,,,,,,,,,,,,,,,,,,,,,,,,,,,,,,,,,,,,,,,,,,,,,,,,,,,,,,,,,,,,,,,,,,,,,,,,,,,,,,,,,,,,,,,,,,,,,,
1,1784406784040,18/07/2026 20:33:04,1784406784040,2,18/07/2026 22:33:04,273725,7,questionnaire-whir,,57294793,BLINDED,16376054,,complete,,,computer,Desktop or Laptop,Windows 10,Opera 133.0.0.0,3440x1440,3395x1318,,,0,Pytania demograficzne,4,CondLack,continue,,,,,,,,,,,,,,,,,,,,,,,,,,,,,,,,,,,,,,,,,,,,,,,,,,,,,,,,,,,,,,,,,,,info,,BEGIN,,,,,,,,,,,Mężczyzna,1,21,w trakcie studiów,3,"Bardzo dobrze, język polski jest moim pierwszym językiem (językiem ojczystym)",1,Brak doświadczenia,4,,,,,,,,,,,,,,,,,,,,,,,,,,,,,,,,,,,,,,,,,,,,,,,,,,,,,,,,,,,,,,,,,,,,,,,,,,,,,,,,,,,,,,,,,,,,,,,,,,,,,,,,,,,,,,,,,,,,,,,,,,,,,,,,,,,,,,,,,,,,,,,,,,,,,,,,,,,,,,,,,,,,,,,,,,,,,,,,,,,,
1,1784406962667,18/07/2026 20:36:02,1784406962667,2,18/07/2026 22:36:02,273725,7,questionnaire-2hmd,,57294814,BLINDED,16376074,,complete,,,mobile,Samsung SM-A566B,Android 16,Facebook 570.0.0.34.87,384x832,384x703,,,0,Kwestionariusz poczatkowy,11,CondLack,continue,TAK,1,,,,,,,,,,,,,,,,,,,,,,,,,,,,,,,,,,,,,,,,,,,,,,,,,,,,,,,,,,,,,,,,,info,,BEGIN,,,,,,,,,,,,,,,,,,,,,,,,,,,,,,,,,,,,,,,,,,,,,,,,,,,,,,,,,,,,,,,,,,,,,,,,,,,,,,,,,,,,,,,,,,,,,,,,,,,,,,,,,,,,,,,,,,,,,,,,,,,,,,,,,,,,,,,,,,,,,,,,,,,,,,,,,,,,,,,,,,,,,,,,,,,,,,,,,,,,,,,,,,,,,,,,,,,,,,,
1,1784406974372,18/07/2026 20:36:14,1784406974372,2,18/07/2026 22:36:14,273725,7,questionnaire-u8vu,,57294815,BLINDED,16376074,,complete,,,mobile,Samsung SM-A566B,Android 16,Facebook 570.0.0.34.87,384x832,384x703,,,0,Informacja do badania,4,CondLack,continue,,,,,,,,,,,,,,,,,,,,,,,,,,,,,,,,,,,,,,,,,,,,,,,,,,,,,,,,,,,,,,,,,,,info,,BEGIN,,,,,,,,,,,,,,,,,,,,,,,,,,,,,,,,,,,,,,,,,,,,,,,,,,,,,,,,,,,,,,,,,,,,,,,,,,,,,,,,,,,,,,,,,,,,,,,,,,,,,,,,,,,,,,,,,,,,,,,,,,,,,,,,,,,,,,,,,,,,,,,,,,,,,,,,,,,,,,,,,,,,,,,,,,,,,,,,,,,,,,,,,,,,,,,,,,,,,,,
1,1784407002649,18/07/2026 20:36:42,1784407002649,2,18/07/2026 22:36:42,273725,7,questionnaire-mxn9,,57294821,BLINDED,16376074,,complete,,,mobile,Samsung SM-A566B,Android 16,Facebook 570.0.0.34.87,384x832,384x703,,,0,1 CondLack version,8,CondLack,continue,,,7,7,7,7,7,7,7,7,7,7,7,7,7,7,7,7,5,5,6,6,6,6,6,6,3,3,2,2,6,6,3,3,2,2,2,2,4,4,3,3,2,2,1,1,1,1,1,1,1,1,1,1,1,1,1,1,3,3,2,2,,,,,info,,BEGIN,,,,,,,,,,,,,,,,,,,,,,,,,,,,,,,,,,,,,,,,,,,,,,,,,,,,,,,,,,,,,,,,,,,,,,,,,,,,,,,,,,,,,,,,,,,,,,,,,,,,,,,,,,,,,,,,,,,,,,,,,,,,,,,,,,,,,,,,,,,,,,,,,,,,,,,,,,,,,,,,,,,,,,,,,,,,,,,,,,,,,,,,,,,,,,,,,,,,,,,
1,1784407179237,18/07/2026 20:39:39,1784407179237,2,18/07/2026 22:39:39,273725,7,questionnaire-48tg,,57294852,BLINDED,16376074,,complete,,,mobile,Samsung SM-A566B,Android 16,Facebook 570.0.0.34.87,384x832,384x703,,,0,LackKontrolne,2,CondLack,continue,,,,,,,,,,,,,,,,,,,,,,,,,,,,,,,,,,,,,,,,,,,,,,,,,,,,,,,,,,,,,,,,,,,info,,BEGIN,,,,,,,NIE,2,,,,,,,,,,,,,,,,,,,,,,,,,,,,,,,,,,,,,,,,,,,,,,,,,,,,,,,,,,,,,,,,,,,,,,,,,,,,,,,,,,,,,,,,,,,,,,,,,,,,,,,,,,,,,,,,,,,,,,,,,,,,,,,,,,,,,,,,,,,,,,,,,,,,,,,,,,,,,,,,,,,,,,,,,,,,,,,,,,,,,,,,,,,,,,,
1,1784407192520,18/07/2026 20:39:52,1784407192520,2,18/07/2026 22:39:52,273725,7,questionnaire-whir,,57294854,BLINDED,16376074,,complete,,,mobile,Samsung SM-A566B,Android 16,Facebook 570.0.0.34.87,384x832,384x703,,,0,Pytania demograficzne,4,CondLack,continue,,,,,,,,,,,,,,,,,,,,,,,,,,,,,,,,,,,,,,,,,,,,,,,,,,,,,,,,,,,,,,,,,,,info,,BEGIN,,,,,,,,,,,Kobieta,2,22,w trakcie studiów,3,"Bardzo dobrze, język polski jest moim pierwszym językiem (językiem ojczystym)",1,Logika w szkole średniej ,3,,,,,,,,,,,,,,,,,,,,,,,,,,,,,,,,,,,,,,,,,,,,,,,,,,,,,,,,,,,,,,,,,,,,,,,,,,,,,,,,,,,,,,,,,,,,,,,,,,,,,,,,,,,,,,,,,,,,,,,,,,,,,,,,,,,,,,,,,,,,,,,,,,,,,,,,,,,,,,,,,,,,,,,,,,,,,,,,,,,,
1,1784406981411,18/07/2026 20:36:21,1784406981411,2,18/07/2026 22:36:21,273725,7,questionnaire-2hmd,,57294816,BLINDED,16376075,,complete,,,mobile,Motorola edge,Android 14,Facebook 570.0.0.34.87,412x915,411x780,,,0,Kwestionariusz poczatkowy,11,CondLack,continue,TAK,1,,,,,,,,,,,,,,,,,,,,,,,,,,,,,,,,,,,,,,,,,,,,,,,,,,,,,,,,,,,,,,,,,info,,BEGIN,,,,,,,,,,,,,,,,,,,,,,,,,,,,,,,,,,,,,,,,,,,,,,,,,,,,,,,,,,,,,,,,,,,,,,,,,,,,,,,,,,,,,,,,,,,,,,,,,,,,,,,,,,,,,,,,,,,,,,,,,,,,,,,,,,,,,,,,,,,,,,,,,,,,,,,,,,,,,,,,,,,,,,,,,,,,,,,,,,,,,,,,,,,,,,,,,,,,,,,
1,1784406988666,18/07/2026 20:36:28,1784406988666,2,18/07/2026 22:36:28,273725,7,questionnaire-u8vu,,57294817,BLINDED,16376075,,complete,,,mobile,Motorola edge,Android 14,Facebook 570.0.0.34.87,412x915,411x780,,,0,Informacja do badania,4,CondLack,continue,,,,,,,,,,,,,,,,,,,,,,,,,,,,,,,,,,,,,,,,,,,,,,,,,,,,,,,,,,,,,,,,,,,info,,BEGIN,,,,,,,,,,,,,,,,,,,,,,,,,,,,,,,,,,,,,,,,,,,,,,,,,,,,,,,,,,,,,,,,,,,,,,,,,,,,,,,,,,,,,,,,,,,,,,,,,,,,,,,,,,,,,,,,,,,,,,,,,,,,,,,,,,,,,,,,,,,,,,,,,,,,,,,,,,,,,,,,,,,,,,,,,,,,,,,,,,,,,,,,,,,,,,,,,,,,,,,
1,1784406997873,18/07/2026 20:36:37,1784406997873,2,18/07/2026 22:36:37,273725,7,questionnaire-mxn9,,57294820,BLINDED,16376075,,complete,,,mobile,Motorola edge,Android 14,Facebook 570.0.0.34.87,412x915,411x780,,,0,1 CondLack version,8,CondLack,continue,,,5,5,6,6,6,6,6,6,6,6,3,3,5,5,5,5,4,4,4,4,3,3,3,3,1,1,2,2,2,2,1,1,1,1,2,2,2,2,3,3,1,1,2,2,1,1,2,2,1,1,2,2,1,1,2,2,1,1,2,2,,,,,info,,BEGIN,,,,,,,,,,,,,,,,,,,,,,,,,,,,,,,,,,,,,,,,,,,,,,,,,,,,,,,,,,,,,,,,,,,,,,,,,,,,,,,,,,,,,,,,,,,,,,,,,,,,,,,,,,,,,,,,,,,,,,,,,,,,,,,,,,,,,,,,,,,,,,,,,,,,,,,,,,,,,,,,,,,,,,,,,,,,,,,,,,,,,,,,,,,,,,,,,,,,,,,
1,1784407191230,18/07/2026 20:39:51,1784407191230,2,18/07/2026 22:39:51,273725,7,questionnaire-48tg,,57294855,BLINDED,16376075,,complete,,,mobile,Motorola edge,Android 14,Facebook 570.0.0.34.87,412x915,411x780,,,0,LackKontrolne,2,CondLack,continue,,,,,,,,,,,,,,,,,,,,,,,,,,,,,,,,,,,,,,,,,,,,,,,,,,,,,,,,,,,,,,,,,,,info,,BEGIN,,,,,,,TAK,1,,,,,,,,,,,,,,,,,,,,,,,,,,,,,,,,,,,,,,,,,,,,,,,,,,,,,,,,,,,,,,,,,,,,,,,,,,,,,,,,,,,,,,,,,,,,,,,,,,,,,,,,,,,,,,,,,,,,,,,,,,,,,,,,,,,,,,,,,,,,,,,,,,,,,,,,,,,,,,,,,,,,,,,,,,,,,,,,,,,,,,,,,,,,,,,
1,1784407206077,18/07/2026 20:40:06,1784407206077,2,18/07/2026 22:40:06,273725,7,questionnaire-whir,,57294857,BLINDED,16376075,,complete,,,mobile,Motorola edge,Android 14,Facebook 570.0.0.34.87,412x915,411x780,,,0,Pytania demograficzne,4,CondLack,continue,,,,,,,,,,,,,,,,,,,,,,,,,,,,,,,,,,,,,,,,,,,,,,,,,,,,,,,,,,,,,,,,,,,info,,BEGIN,,,,,,,,,,,Kobieta,2,21,w trakcie studiów,3,"Bardzo dobrze, język polski jest moim pierwszym językiem (językiem ojczystym)",1,Logika w szkole średniej ,3,,,,,,,,,,,,,,,,,,,,,,,,,,,,,,,,,,,,,,,,,,,,,,,,,,,,,,,,,,,,,,,,,,,,,,,,,,,,,,,,,,,,,,,,,,,,,,,,,,,,,,,,,,,,,,,,,,,,,,,,,,,,,,,,,,,,,,,,,,,,,,,,,,,,,,,,,,,,,,,,,,,,,,,,,,,,,,,,,,,,
1,1784407037045,18/07/2026 20:37:17,1784407037045,2,18/07/2026 22:37:17,273725,7,questionnaire-2hmd,,57294825,BLINDED,16376079,,complete,,,mobile,Apple iPhone,iOS 18.7,Facebook 570.0.0.20.108,390x844,390x659,,,0,Kwestionariusz poczatkowy,11,CondLack,continue,TAK,1,,,,,,,,,,,,,,,,,,,,,,,,,,,,,,,,,,,,,,,,,,,,,,,,,,,,,,,,,,,,,,,,,info,,BEGIN,,,,,,,,,,,,,,,,,,,,,,,,,,,,,,,,,,,,,,,,,,,,,,,,,,,,,,,,,,,,,,,,,,,,,,,,,,,,,,,,,,,,,,,,,,,,,,,,,,,,,,,,,,,,,,,,,,,,,,,,,,,,,,,,,,,,,,,,,,,,,,,,,,,,,,,,,,,,,,,,,,,,,,,,,,,,,,,,,,,,,,,,,,,,,,,,,,,,,,,
1,1784407056031,18/07/2026 20:37:36,1784407056031,2,18/07/2026 22:37:36,273725,7,questionnaire-u8vu,,57294830,BLINDED,16376079,,complete,,,mobile,Apple iPhone,iOS 18.7,Facebook 570.0.0.20.108,390x844,390x659,,,0,Informacja do badania,4,CondLack,continue,,,,,,,,,,,,,,,,,,,,,,,,,,,,,,,,,,,,,,,,,,,,,,,,,,,,,,,,,,,,,,,,,,,info,,BEGIN,,,,,,,,,,,,,,,,,,,,,,,,,,,,,,,,,,,,,,,,,,,,,,,,,,,,,,,,,,,,,,,,,,,,,,,,,,,,,,,,,,,,,,,,,,,,,,,,,,,,,,,,,,,,,,,,,,,,,,,,,,,,,,,,,,,,,,,,,,,,,,,,,,,,,,,,,,,,,,,,,,,,,,,,,,,,,,,,,,,,,,,,,,,,,,,,,,,,,,,
1,1784407069378,18/07/2026 20:37:49,1784407069378,2,18/07/2026 22:37:49,273725,7,questionnaire-mxn9,,57294835,BLINDED,16376079,,complete,,,mobile,Apple iPhone,iOS 18.7,Facebook 570.0.0.20.108,390x844,390x659,,,0,1 CondLack version,8,CondLack,continue,,,7,7,7,7,6,6,7,7,7,7,7,7,7,7,7,7,7,7,7,7,1,1,1,1,1,1,1,1,1,1,1,1,1,1,1,1,1,1,1,1,1,1,1,1,1,1,1,1,1,1,1,1,1,1,1,1,1,1,1,1,,,,,info,,BEGIN,,,,,,,,,,,,,,,,,,,,,,,,,,,,,,,,,,,,,,,,,,,,,,,,,,,,,,,,,,,,,,,,,,,,,,,,,,,,,,,,,,,,,,,,,,,,,,,,,,,,,,,,,,,,,,,,,,,,,,,,,,,,,,,,,,,,,,,,,,,,,,,,,,,,,,,,,,,,,,,,,,,,,,,,,,,,,,,,,,,,,,,,,,,,,,,,,,,,,,,
1,1784407247086,18/07/2026 20:40:47,1784407247086,2,18/07/2026 22:40:47,273725,7,questionnaire-48tg,,57294861,BLINDED,16376079,,complete,,,mobile,Apple iPhone,iOS 18.7,Facebook 570.0.0.20.108,390x844,390x659,,,0,LackKontrolne,2,CondLack,continue,,,,,,,,,,,,,,,,,,,,,,,,,,,,,,,,,,,,,,,,,,,,,,,,,,,,,,,,,,,,,,,,,,,info,,BEGIN,,,,,,,NIE,2,,,,,,,,,,,,,,,,,,,,,,,,,,,,,,,,,,,,,,,,,,,,,,,,,,,,,,,,,,,,,,,,,,,,,,,,,,,,,,,,,,,,,,,,,,,,,,,,,,,,,,,,,,,,,,,,,,,,,,,,,,,,,,,,,,,,,,,,,,,,,,,,,,,,,,,,,,,,,,,,,,,,,,,,,,,,,,,,,,,,,,,,,,,,,,,
1,1784407265938,18/07/2026 20:41:05,1784407265938,2,18/07/2026 22:41:05,273725,7,questionnaire-whir,,57294865,BLINDED,16376079,,complete,,,mobile,Apple iPhone,iOS 18.7,Facebook 570.0.0.20.108,390x844,390x659,,,0,Pytania demograficzne,4,CondLack,continue,,,,,,,,,,,,,,,,,,,,,,,,,,,,,,,,,,,,,,,,,,,,,,,,,,,,,,,,,,,,,,,,,,,info,,BEGIN,,,,,,,,,,,Mężczyzna,1,21,w trakcie studiów,3,"Bardzo dobrze, język polski jest moim pierwszym językiem (językiem ojczystym)",1,Logika w szkole średniej ,3,,,,,,,,,,,,,,,,,,,,,,,,,,,,,,,,,,,,,,,,,,,,,,,,,,,,,,,,,,,,,,,,,,,,,,,,,,,,,,,,,,,,,,,,,,,,,,,,,,,,,,,,,,,,,,,,,,,,,,,,,,,,,,,,,,,,,,,,,,,,,,,,,,,,,,,,,,,,,,,,,,,,,,,,,,,,,,,,,,,,
1,1784407413913,18/07/2026 20:43:33,1784407413913,2,18/07/2026 22:43:33,273725,7,questionnaire-2hmd,,57294894,BLINDED,16376103,,complete,,,mobile,Apple iPhone,iOS 18.7,Facebook 569.0.0.16.107,390x844,390x659,,,0,Kwestionariusz poczatkowy,11,CondLack,continue,TAK,1,,,,,,,,,,,,,,,,,,,,,,,,,,,,,,,,,,,,,,,,,,,,,,,,,,,,,,,,,,,,,,,,,info,,BEGIN,,,,,,,,,,,,,,,,,,,,,,,,,,,,,,,,,,,,,,,,,,,,,,,,,,,,,,,,,,,,,,,,,,,,,,,,,,,,,,,,,,,,,,,,,,,,,,,,,,,,,,,,,,,,,,,,,,,,,,,,,,,,,,,,,,,,,,,,,,,,,,,,,,,,,,,,,,,,,,,,,,,,,,,,,,,,,,,,,,,,,,,,,,,,,,,,,,,,,,,
1,1784407430202,18/07/2026 20:43:50,1784407430202,2,18/07/2026 22:43:50,273725,7,questionnaire-u8vu,,57294899,BLINDED,16376103,,complete,,,mobile,Apple iPhone,iOS 18.7,Facebook 569.0.0.16.107,390x844,390x659,,,0,Informacja do badania,4,CondLack,continue,,,,,,,,,,,,,,,,,,,,,,,,,,,,,,,,,,,,,,,,,,,,,,,,,,,,,,,,,,,,,,,,,,,info,,BEGIN,,,,,,,,,,,,,,,,,,,,,,,,,,,,,,,,,,,,,,,,,,,,,,,,,,,,,,,,,,,,,,,,,,,,,,,,,,,,,,,,,,,,,,,,,,,,,,,,,,,,,,,,,,,,,,,,,,,,,,,,,,,,,,,,,,,,,,,,,,,,,,,,,,,,,,,,,,,,,,,,,,,,,,,,,,,,,,,,,,,,,,,,,,,,,,,,,,,,,,,
1,1784407447450,18/07/2026 20:44:07,1784407447450,2,18/07/2026 22:44:07,273725,7,questionnaire-mxn9,,57294900,BLINDED,16376103,,complete,,,mobile,Apple iPhone,iOS 18.7,Facebook 569.0.0.16.107,390x844,390x659,,,0,1 CondLack version,8,CondLack,continue,,,5,5,6,6,6,6,6,6,6,6,6,6,6,6,6,6,7,7,7,7,4,4,4,4,3,3,3,3,3,3,3,3,3,3,4,4,3,3,3,3,2,2,2,2,1,1,1,1,3,3,3,3,1,1,1,1,1,1,1,1,,,,,info,,BEGIN,,,,,,,,,,,,,,,,,,,,,,,,,,,,,,,,,,,,,,,,,,,,,,,,,,,,,,,,,,,,,,,,,,,,,,,,,,,,,,,,,,,,,,,,,,,,,,,,,,,,,,,,,,,,,,,,,,,,,,,,,,,,,,,,,,,,,,,,,,,,,,,,,,,,,,,,,,,,,,,,,,,,,,,,,,,,,,,,,,,,,,,,,,,,,,,,,,,,,,,
1,1784407587841,18/07/2026 20:46:27,1784407587841,2,18/07/2026 22:46:27,273725,7,questionnaire-48tg,,57294912,BLINDED,16376103,,complete,,,mobile,Apple iPhone,iOS 18.7,Facebook 569.0.0.16.107,390x844,390x659,,,0,LackKontrolne,2,CondLack,continue,,,,,,,,,,,,,,,,,,,,,,,,,,,,,,,,,,,,,,,,,,,,,,,,,,,,,,,,,,,,,,,,,,,info,,BEGIN,,,,,,,NIE,2,,,,,,,,,,,,,,,,,,,,,,,,,,,,,,,,,,,,,,,,,,,,,,,,,,,,,,,,,,,,,,,,,,,,,,,,,,,,,,,,,,,,,,,,,,,,,,,,,,,,,,,,,,,,,,,,,,,,,,,,,,,,,,,,,,,,,,,,,,,,,,,,,,,,,,,,,,,,,,,,,,,,,,,,,,,,,,,,,,,,,,,,,,,,,,,
1,1784407602676,18/07/2026 20:46:42,1784407602676,2,18/07/2026 22:46:42,273725,7,questionnaire-whir,,57294914,BLINDED,16376103,,complete,,,mobile,Apple iPhone,iOS 18.7,Facebook 569.0.0.16.107,390x844,390x659,,,0,Pytania demograficzne,4,CondLack,continue,,,,,,,,,,,,,,,,,,,,,,,,,,,,,,,,,,,,,,,,,,,,,,,,,,,,,,,,,,,,,,,,,,,info,,BEGIN,,,,,,,,,,,Kobieta,2,22,w trakcie studiów,3,"Bardzo dobrze, język polski jest moim pierwszym językiem (językiem ojczystym)",1,Logika w szkole średniej ,3,,,,,,,,,,,,,,,,,,,,,,,,,,,,,,,,,,,,,,,,,,,,,,,,,,,,,,,,,,,,,,,,,,,,,,,,,,,,,,,,,,,,,,,,,,,,,,,,,,,,,,,,,,,,,,,,,,,,,,,,,,,,,,,,,,,,,,,,,,,,,,,,,,,,,,,,,,,,,,,,,,,,,,,,,,,,,,,,,,,,
1,1784408417725,18/07/2026 21:00:17,1784408417725,2,18/07/2026 23:00:17,273725,7,questionnaire-2hmd,,57294972,BLINDED,16376127,,complete,,,mobile,Apple iPhone,iOS 18.7,Facebook 570.0.0.20.108,390x844,390x659,,,0,Kwestionariusz poczatkowy,11,CondLack,continue,TAK,1,,,,,,,,,,,,,,,,,,,,,,,,,,,,,,,,,,,,,,,,,,,,,,,,,,,,,,,,,,,,,,,,,info,,BEGIN,,,,,,,,,,,,,,,,,,,,,,,,,,,,,,,,,,,,,,,,,,,,,,,,,,,,,,,,,,,,,,,,,,,,,,,,,,,,,,,,,,,,,,,,,,,,,,,,,,,,,,,,,,,,,,,,,,,,,,,,,,,,,,,,,,,,,,,,,,,,,,,,,,,,,,,,,,,,,,,,,,,,,,,,,,,,,,,,,,,,,,,,,,,,,,,,,,,,,,,
1,1784408424932,18/07/2026 21:00:24,1784408424932,2,18/07/2026 23:00:24,273725,7,questionnaire-u8vu,,57294973,BLINDED,16376127,,complete,,,mobile,Apple iPhone,iOS 18.7,Facebook 570.0.0.20.108,390x844,390x659,,,0,Informacja do badania,4,CondLack,continue,,,,,,,,,,,,,,,,,,,,,,,,,,,,,,,,,,,,,,,,,,,,,,,,,,,,,,,,,,,,,,,,,,,info,,BEGIN,,,,,,,,,,,,,,,,,,,,,,,,,,,,,,,,,,,,,,,,,,,,,,,,,,,,,,,,,,,,,,,,,,,,,,,,,,,,,,,,,,,,,,,,,,,,,,,,,,,,,,,,,,,,,,,,,,,,,,,,,,,,,,,,,,,,,,,,,,,,,,,,,,,,,,,,,,,,,,,,,,,,,,,,,,,,,,,,,,,,,,,,,,,,,,,,,,,,,,,
1,1784408430637,18/07/2026 21:00:30,1784408430637,2,18/07/2026 23:00:30,273725,7,questionnaire-mxn9,,57294976,BLINDED,16376127,,complete,,,mobile,Apple iPhone,iOS 18.7,Facebook 570.0.0.20.108,390x844,390x659,,,0,1 CondLack version,8,CondLack,continue,,,7,7,7,7,7,7,7,7,7,7,7,7,7,7,7,7,7,7,7,7,1,1,1,1,1,1,3,3,1,1,1,1,1,1,4,4,4,4,4,4,1,1,1,1,1,1,1,1,1,1,1,1,1,1,1,1,5,5,2,2,,,,,info,,BEGIN,,,,,,,,,,,,,,,,,,,,,,,,,,,,,,,,,,,,,,,,,,,,,,,,,,,,,,,,,,,,,,,,,,,,,,,,,,,,,,,,,,,,,,,,,,,,,,,,,,,,,,,,,,,,,,,,,,,,,,,,,,,,,,,,,,,,,,,,,,,,,,,,,,,,,,,,,,,,,,,,,,,,,,,,,,,,,,,,,,,,,,,,,,,,,,,,,,,,,,,
1,1784408613233,18/07/2026 21:03:33,1784408613233,2,18/07/2026 23:03:33,273725,7,questionnaire-48tg,,57294995,BLINDED,16376127,,complete,,,mobile,Apple iPhone,iOS 18.7,Facebook 570.0.0.20.108,390x844,390x659,,,0,LackKontrolne,2,CondLack,continue,,,,,,,,,,,,,,,,,,,,,,,,,,,,,,,,,,,,,,,,,,,,,,,,,,,,,,,,,,,,,,,,,,,info,,BEGIN,,,,,,,NIE,2,,,,,,,,,,,,,,,,,,,,,,,,,,,,,,,,,,,,,,,,,,,,,,,,,,,,,,,,,,,,,,,,,,,,,,,,,,,,,,,,,,,,,,,,,,,,,,,,,,,,,,,,,,,,,,,,,,,,,,,,,,,,,,,,,,,,,,,,,,,,,,,,,,,,,,,,,,,,,,,,,,,,,,,,,,,,,,,,,,,,,,,,,,,,,,,
1,1784408629928,18/07/2026 21:03:49,1784408629928,2,18/07/2026 23:03:49,273725,7,questionnaire-whir,,57294997,BLINDED,16376127,,complete,,,mobile,Apple iPhone,iOS 18.7,Facebook 570.0.0.20.108,390x844,390x659,,,0,Pytania demograficzne,4,CondLack,continue,,,,,,,,,,,,,,,,,,,,,,,,,,,,,,,,,,,,,,,,,,,,,,,,,,,,,,,,,,,,,,,,,,,info,,BEGIN,,,,,,,,,,,Mężczyzna,1,21,w trakcie studiów,3,"Bardzo dobrze, posługuję się nim na co dzień",2,Brak doświadczenia,4,,,,,,,,,,,,,,,,,,,,,,,,,,,,,,,,,,,,,,,,,,,,,,,,,,,,,,,,,,,,,,,,,,,,,,,,,,,,,,,,,,,,,,,,,,,,,,,,,,,,,,,,,,,,,,,,,,,,,,,,,,,,,,,,,,,,,,,,,,,,,,,,,,,,,,,,,,,,,,,,,,,,,,,,,,,,,,,,,,,,
1,1784408709421,18/07/2026 21:05:09,1784408709421,2,18/07/2026 23:05:09,273725,7,questionnaire-2hmd,,57295003,BLINDED,16376134,,complete,,,mobile,Samsung SM-G780G,Android 13,Facebook 570.0.0.34.87,360x800,360x674,,,0,Kwestionariusz poczatkowy,11,AndWith,continue,TAK,1,,,,,,,,,,,,,,,,,,,,,,,,,,,,,,,,,,,,,,,,,,,,,,,,,,,,,,,,,,,,,,,,,info,,BEGIN,,,,,,,,,,,,,,,,,,,,,,,,,,,,,,,,,,,,,,,,,,,,,,,,,,,,,,,,,,,,,,,,,,,,,,,,,,,,,,,,,,,,,,,,,,,,,,,,,,,,,,,,,,,,,,,,,,,,,,,,,,,,,,,,,,,,,,,,,,,,,,,,,,,,,,,,,,,,,,,,,,,,,,,,,,,,,,,,,,,,,,,,,,,,,,,,,,,,,,,
1,1784408726219,18/07/2026 21:05:26,1784408726219,2,18/07/2026 23:05:26,273725,7,questionnaire-u8vu,,57295004,BLINDED,16376134,,complete,,,mobile,Samsung SM-G780G,Android 13,Facebook 570.0.0.34.87,360x800,360x674,,,0,Informacja do badania,4,AndWith,continue,,,,,,,,,,,,,,,,,,,,,,,,,,,,,,,,,,,,,,,,,,,,,,,,,,,,,,,,,,,,,,,,,,,info,,BEGIN,,,,,,,,,,,,,,,,,,,,,,,,,,,,,,,,,,,,,,,,,,,,,,,,,,,,,,,,,,,,,,,,,,,,,,,,,,,,,,,,,,,,,,,,,,,,,,,,,,,,,,,,,,,,,,,,,,,,,,,,,,,,,,,,,,,,,,,,,,,,,,,,,,,,,,,,,,,,,,,,,,,,,,,,,,,,,,,,,,,,,,,,,,,,,,,,,,,,,,,
1,1784408757476,18/07/2026 21:05:57,1784408757476,2,18/07/2026 23:05:57,273725,7,questionnaire-nrov,,57295006,BLINDED,16376134,,complete,,,mobile,Samsung SM-G780G,Android 13,Facebook 570.0.0.34.87,360x800,360x674,,,0,4 AndWith version,5,AndWith,continue,,,,,,,,,,,,,,,,,,,,,,,,,,,,,,,,,,,,,,,,,,,,,,,,,,,,,,,,,,,,,,,,,,,info,,BEGIN,,,,,,,,,,,,,,,,,,,,,,,,,,,,,,,,,,,,,,,,,,,,,,,,,,,,,,,,,,,,,,,,,,,,,,,,,,,,,,,,,,,,,,,,,,,,,,,,,,,,,,,,,,,,,,,,,,,,,,,,,,,,,,,,,,,,,,,,,,,,7,7,5,5,7,7,5,5,7,7,4,4,6,6,4,4,6,6,3,3,3,3,3,3,2,2,1,1,2,2,2,2,3,3,2,2,2,2,2,2,2,2,2,2,2,2,2,2,2,2,2,2,2,2,2,2,2,2,2,2
1,1784408986445,18/07/2026 21:09:46,1784408986445,2,18/07/2026 23:09:46,273725,7,questionnaire-knkh,,57295022,BLINDED,16376134,,complete,,,mobile,Samsung SM-G780G,Android 13,Facebook 570.0.0.34.87,360x800,360x674,,,0,WithKontrolne,2,AndWith,continue,,,,,,,,,,,,,,,,,,,,,,,,,,,,,,,,,,,,,,,,,,,,,,,,,,,,,,,,,,,,,,,,,,,info,,BEGIN,,,,,,,,,TAK,1,,,,,,,,,,,,,,,,,,,,,,,,,,,,,,,,,,,,,,,,,,,,,,,,,,,,,,,,,,,,,,,,,,,,,,,,,,,,,,,,,,,,,,,,,,,,,,,,,,,,,,,,,,,,,,,,,,,,,,,,,,,,,,,,,,,,,,,,,,,,,,,,,,,,,,,,,,,,,,,,,,,,,,,,,,,,,,,,,,,,,,,,,,,,,
1,1784408996875,18/07/2026 21:09:56,1784408996875,2,18/07/2026 23:09:56,273725,7,questionnaire-whir,,57295023,BLINDED,16376134,,complete,,,mobile,Samsung SM-G780G,Android 13,Facebook 570.0.0.34.87,360x800,360x674,,,0,Pytania demograficzne,4,AndWith,continue,,,,,,,,,,,,,,,,,,,,,,,,,,,,,,,,,,,,,,,,,,,,,,,,,,,,,,,,,,,,,,,,,,,info,,BEGIN,,,,,,,,,,,Kobieta,2,21,w trakcie studiów,3,"Bardzo dobrze, język polski jest moim pierwszym językiem (językiem ojczystym)",1,Brak doświadczenia,4,,,,,,,,,,,,,,,,,,,,,,,,,,,,,,,,,,,,,,,,,,,,,,,,,,,,,,,,,,,,,,,,,,,,,,,,,,,,,,,,,,,,,,,,,,,,,,,,,,,,,,,,,,,,,,,,,,,,,,,,,,,,,,,,,,,,,,,,,,,,,,,,,,,,,,,,,,,,,,,,,,,,,,,,,,,,,,,,,,,,
1,1784410417446,18/07/2026 21:33:37,1784410417446,2,18/07/2026 23:33:37,273725,7,questionnaire-2hmd,,57295123,BLINDED,16376171,,complete,,,mobile,Apple iPhone,iOS 18.7,Facebook 570.0.0.20.108,428x926,428x741,,,0,Kwestionariusz poczatkowy,11,CondWith,continue,TAK,1,,,,,,,,,,,,,,,,,,,,,,,,,,,,,,,,,,,,,,,,,,,,,,,,,,,,,,,,,,,,,,,,,info,,BEGIN,,,,,,,,,,,,,,,,,,,,,,,,,,,,,,,,,,,,,,,,,,,,,,,,,,,,,,,,,,,,,,,,,,,,,,,,,,,,,,,,,,,,,,,,,,,,,,,,,,,,,,,,,,,,,,,,,,,,,,,,,,,,,,,,,,,,,,,,,,,,,,,,,,,,,,,,,,,,,,,,,,,,,,,,,,,,,,,,,,,,,,,,,,,,,,,,,,,,,,,
1,1784410441351,18/07/2026 21:34:01,1784410441351,2,18/07/2026 23:34:01,273725,7,questionnaire-u8vu,,57295128,BLINDED,16376171,,complete,,,mobile,Apple iPhone,iOS 18.7,Facebook 570.0.0.20.108,428x926,428x741,,,0,Informacja do badania,4,CondWith,continue,,,,,,,,,,,,,,,,,,,,,,,,,,,,,,,,,,,,,,,,,,,,,,,,,,,,,,,,,,,,,,,,,,,info,,BEGIN,,,,,,,,,,,,,,,,,,,,,,,,,,,,,,,,,,,,,,,,,,,,,,,,,,,,,,,,,,,,,,,,,,,,,,,,,,,,,,,,,,,,,,,,,,,,,,,,,,,,,,,,,,,,,,,,,,,,,,,,,,,,,,,,,,,,,,,,,,,,,,,,,,,,,,,,,,,,,,,,,,,,,,,,,,,,,,,,,,,,,,,,,,,,,,,,,,,,,,,
1,1784410532923,18/07/2026 21:35:32,1784410532923,2,18/07/2026 23:35:32,273725,7,questionnaire-84x1,,57295133,BLINDED,16376171,,complete,,,mobile,Apple iPhone,iOS 18.7,Facebook 570.0.0.20.108,428x926,428x741,,,0,2 CondWith version,5,CondWith,continue,,,,,,,,,,,,,,,,,,,,,,,,,,,,,,,,,,,,,,,,,,,,,,,,,,,,,,,,,,,,,,,,,,,info,,BEGIN,,,,,,,,,,,,,,,,,,,,7,7,5,5,7,7,5,5,7,7,6,6,7,7,7,7,5,5,3,3,2,2,2,2,2,2,1,1,1,1,1,1,1,1,1,1,1,1,1,1,1,1,1,1,1,1,1,1,1,1,1,1,1,1,1,1,1,1,1,1,,,,,,,,,,,,,,,,,,,,,,,,,,,,,,,,,,,,,,,,,,,,,,,,,,,,,,,,,,,,,,,,,,,,,,,,,,,,,,,,,,,,,,,,,,,,,,,,,,,,,,,,,,,,,,,,,,,,,,,,
1,1784410953585,18/07/2026 21:42:33,1784410953585,2,18/07/2026 23:42:33,273725,7,questionnaire-knkh,,57295179,BLINDED,16376171,,complete,,,mobile,Apple iPhone,iOS 18.7,Facebook 570.0.0.20.108,428x926,428x741,,,0,WithKontrolne,2,CondWith,continue,,,,,,,,,,,,,,,,,,,,,,,,,,,,,,,,,,,,,,,,,,,,,,,,,,,,,,,,,,,,,,,,,,,info,,BEGIN,,,,,,,,,TAK,1,,,,,,,,,,,,,,,,,,,,,,,,,,,,,,,,,,,,,,,,,,,,,,,,,,,,,,,,,,,,,,,,,,,,,,,,,,,,,,,,,,,,,,,,,,,,,,,,,,,,,,,,,,,,,,,,,,,,,,,,,,,,,,,,,,,,,,,,,,,,,,,,,,,,,,,,,,,,,,,,,,,,,,,,,,,,,,,,,,,,,,,,,,,,,
1,1784410995406,18/07/2026 21:43:15,1784410995406,2,18/07/2026 23:43:15,273725,7,questionnaire-whir,,57295185,BLINDED,16376171,,complete,,,mobile,Apple iPhone,iOS 18.7,Facebook 570.0.0.20.108,428x926,428x741,,,0,Pytania demograficzne,4,CondWith,continue,,,,,,,,,,,,,,,,,,,,,,,,,,,,,,,,,,,,,,,,,,,,,,,,,,,,,,,,,,,,,,,,,,,info,,BEGIN,,,,,,,,,,,Kobieta,2,21,w trakcie studiów,3,"Bardzo dobrze, język polski jest moim pierwszym językiem (językiem ojczystym)",1,Brak doświadczenia,4,,,,,,,,,,,,,,,,,,,,,,,,,,,,,,,,,,,,,,,,,,,,,,,,,,,,,,,,,,,,,,,,,,,,,,,,,,,,,,,,,,,,,,,,,,,,,,,,,,,,,,,,,,,,,,,,,,,,,,,,,,,,,,,,,,,,,,,,,,,,,,,,,,,,,,,,,,,,,,,,,,,,,,,,,,,,,,,,,,,,
1,1784412967434,18/07/2026 22:16:07,1784412967434,2,19/07/2026 00:16:07,273725,7,questionnaire-2hmd,,57295324,BLINDED,16376235,,complete,,,mobile,Motorola edge,Android 13,Facebook 569.0.0.44.91,388x861,387x727,,,0,Kwestionariusz poczatkowy,11,AndLack,continue,TAK,1,,,,,,,,,,,,,,,,,,,,,,,,,,,,,,,,,,,,,,,,,,,,,,,,,,,,,,,,,,,,,,,,,info,,BEGIN,,,,,,,,,,,,,,,,,,,,,,,,,,,,,,,,,,,,,,,,,,,,,,,,,,,,,,,,,,,,,,,,,,,,,,,,,,,,,,,,,,,,,,,,,,,,,,,,,,,,,,,,,,,,,,,,,,,,,,,,,,,,,,,,,,,,,,,,,,,,,,,,,,,,,,,,,,,,,,,,,,,,,,,,,,,,,,,,,,,,,,,,,,,,,,,,,,,,,,,
1,1784412975207,18/07/2026 22:16:15,1784412975207,2,19/07/2026 00:16:15,273725,7,questionnaire-u8vu,,57295325,BLINDED,16376235,,complete,,,mobile,Motorola edge,Android 13,Facebook 569.0.0.44.91,388x861,387x727,,,0,Informacja do badania,4,AndLack,continue,,,,,,,,,,,,,,,,,,,,,,,,,,,,,,,,,,,,,,,,,,,,,,,,,,,,,,,,,,,,,,,,,,,info,,BEGIN,,,,,,,,,,,,,,,,,,,,,,,,,,,,,,,,,,,,,,,,,,,,,,,,,,,,,,,,,,,,,,,,,,,,,,,,,,,,,,,,,,,,,,,,,,,,,,,,,,,,,,,,,,,,,,,,,,,,,,,,,,,,,,,,,,,,,,,,,,,,,,,,,,,,,,,,,,,,,,,,,,,,,,,,,,,,,,,,,,,,,,,,,,,,,,,,,,,,,,,
1,1784413009147,18/07/2026 22:16:49,1784413009147,2,19/07/2026 00:16:49,273725,7,questionnaire-apnj,,57295328,BLINDED,16376235,,complete,,,mobile,Motorola edge,Android 13,Facebook 569.0.0.44.91,388x861,387x727,,,0,3 AndLack version,5,AndLack,continue,,,,,,,,,,,,,,,,,,,,,,,,,,,,,,,,,,,,,,,,,,,,,,,,,,,,,,,,,,,,,,,,,,,info,,BEGIN,,,,,,,,,,,,,,,,,,,,,,,,,,,,,,,,,,,,,,,,,,,,,,,,,,,,,,,,,,,,,,,,,,,,,,,,,,,,,,,,7,7,4,4,7,7,1,1,7,7,6,6,7,7,1,1,7,7,3,3,7,7,4,4,5,5,1,1,7,7,1,1,5,5,1,1,7,7,5,5,7,7,2,2,7,7,3,3,7,7,2,2,7,7,4,4,7,7,3,3,,,,,,,,,,,,,,,,,,,,,,,,,,,,,,,,,,,,,,,,,,,,,,,,,,,,,,,,,,,,
1,1784413254421,18/07/2026 22:20:54,1784413254421,2,19/07/2026 00:20:54,273725,7,questionnaire-48tg,,57295344,BLINDED,16376235,,complete,,,mobile,Motorola edge,Android 13,Facebook 569.0.0.44.91,388x861,387x727,,,0,LackKontrolne,2,AndLack,continue,,,,,,,,,,,,,,,,,,,,,,,,,,,,,,,,,,,,,,,,,,,,,,,,,,,,,,,,,,,,,,,,,,,info,,BEGIN,,,,,,,NIE,2,,,,,,,,,,,,,,,,,,,,,,,,,,,,,,,,,,,,,,,,,,,,,,,,,,,,,,,,,,,,,,,,,,,,,,,,,,,,,,,,,,,,,,,,,,,,,,,,,,,,,,,,,,,,,,,,,,,,,,,,,,,,,,,,,,,,,,,,,,,,,,,,,,,,,,,,,,,,,,,,,,,,,,,,,,,,,,,,,,,,,,,,,,,,,,,
1,1784413269598,18/07/2026 22:21:09,1784413269598,2,19/07/2026 00:21:09,273725,7,questionnaire-whir,,57295345,BLINDED,16376235,,complete,,,mobile,Motorola edge,Android 13,Facebook 569.0.0.44.91,388x861,387x727,,,0,Pytania demograficzne,4,AndLack,continue,,,,,,,,,,,,,,,,,,,,,,,,,,,,,,,,,,,,,,,,,,,,,,,,,,,,,,,,,,,,,,,,,,,info,,BEGIN,,,,,,,,,,,Mężczyzna,1,22,w trakcie studiów,3,"Bardzo dobrze, język polski jest moim pierwszym językiem (językiem ojczystym)",1,Brak doświadczenia,4,,,,,,,,,,,,,,,,,,,,,,,,,,,,,,,,,,,,,,,,,,,,,,,,,,,,,,,,,,,,,,,,,,,,,,,,,,,,,,,,,,,,,,,,,,,,,,,,,,,,,,,,,,,,,,,,,,,,,,,,,,,,,,,,,,,,,,,,,,,,,,,,,,,,,,,,,,,,,,,,,,,,,,,,,,,,,,,,,,,,
1,1784448493370,19/07/2026 08:08:13,1784448493370,2,19/07/2026 10:08:13,273725,7,questionnaire-2hmd,,57297316,BLINDED,16377500,,complete,,,mobile,Samsung SM-S901B,Android 13,Facebook 570.0.0.34.87,360x780,360x657,,,0,Kwestionariusz poczatkowy,11,AndWith,continue,TAK,1,,,,,,,,,,,,,,,,,,,,,,,,,,,,,,,,,,,,,,,,,,,,,,,,,,,,,,,,,,,,,,,,,info,,BEGIN,,,,,,,,,,,,,,,,,,,,,,,,,,,,,,,,,,,,,,,,,,,,,,,,,,,,,,,,,,,,,,,,,,,,,,,,,,,,,,,,,,,,,,,,,,,,,,,,,,,,,,,,,,,,,,,,,,,,,,,,,,,,,,,,,,,,,,,,,,,,,,,,,,,,,,,,,,,,,,,,,,,,,,,,,,,,,,,,,,,,,,,,,,,,,,,,,,,,,,,
1,1784448519116,19/07/2026 08:08:39,1784448519116,2,19/07/2026 10:08:39,273725,7,questionnaire-u8vu,,57297319,BLINDED,16377500,,complete,,,mobile,Samsung SM-S901B,Android 13,Facebook 570.0.0.34.87,360x780,360x657,,,0,Informacja do badania,4,AndWith,continue,,,,,,,,,,,,,,,,,,,,,,,,,,,,,,,,,,,,,,,,,,,,,,,,,,,,,,,,,,,,,,,,,,,info,,BEGIN,,,,,,,,,,,,,,,,,,,,,,,,,,,,,,,,,,,,,,,,,,,,,,,,,,,,,,,,,,,,,,,,,,,,,,,,,,,,,,,,,,,,,,,,,,,,,,,,,,,,,,,,,,,,,,,,,,,,,,,,,,,,,,,,,,,,,,,,,,,,,,,,,,,,,,,,,,,,,,,,,,,,,,,,,,,,,,,,,,,,,,,,,,,,,,,,,,,,,,,
1,1784448536774,19/07/2026 08:08:56,1784448536774,2,19/07/2026 10:08:56,273725,7,questionnaire-nrov,,57297321,BLINDED,16377500,,complete,,,mobile,Samsung SM-S901B,Android 13,Facebook 570.0.0.34.87,360x780,360x657,,,0,4 AndWith version,5,AndWith,continue,,,,,,,,,,,,,,,,,,,,,,,,,,,,,,,,,,,,,,,,,,,,,,,,,,,,,,,,,,,,,,,,,,,info,,BEGIN,,,,,,,,,,,,,,,,,,,,,,,,,,,,,,,,,,,,,,,,,,,,,,,,,,,,,,,,,,,,,,,,,,,,,,,,,,,,,,,,,,,,,,,,,,,,,,,,,,,,,,,,,,,,,,,,,,,,,,,,,,,,,,,,,,,,,,,,,,,,5,5,5,5,5,5,6,6,6,6,6,6,6,6,7,7,5,5,6,6,4,4,5,5,4,4,4,4,4,4,3,3,4,4,3,3,3,3,3,3,2,2,2,2,3,3,4,4,2,2,2,2,2,2,1,1,2,2,2,2
1,1784448734432,19/07/2026 08:12:14,1784448734432,2,19/07/2026 10:12:14,273725,7,questionnaire-knkh,,57297335,BLINDED,16377500,,complete,,,mobile,Samsung SM-S901B,Android 13,Facebook 570.0.0.34.87,360x780,360x657,,,0,WithKontrolne,2,AndWith,continue,,,,,,,,,,,,,,,,,,,,,,,,,,,,,,,,,,,,,,,,,,,,,,,,,,,,,,,,,,,,,,,,,,,info,,BEGIN,,,,,,,,,TAK,1,,,,,,,,,,,,,,,,,,,,,,,,,,,,,,,,,,,,,,,,,,,,,,,,,,,,,,,,,,,,,,,,,,,,,,,,,,,,,,,,,,,,,,,,,,,,,,,,,,,,,,,,,,,,,,,,,,,,,,,,,,,,,,,,,,,,,,,,,,,,,,,,,,,,,,,,,,,,,,,,,,,,,,,,,,,,,,,,,,,,,,,,,,,,,
1,1784448741882,19/07/2026 08:12:21,1784448741882,2,19/07/2026 10:12:21,273725,7,questionnaire-whir,,57297336,BLINDED,16377500,,complete,,,mobile,Samsung SM-S901B,Android 13,Facebook 570.0.0.34.87,360x780,360x657,,,0,Pytania demograficzne,4,AndWith,continue,,,,,,,,,,,,,,,,,,,,,,,,,,,,,,,,,,,,,,,,,,,,,,,,,,,,,,,,,,,,,,,,,,,info,,BEGIN,,,,,,,,,,,Kobieta,2,20,w trakcie studiów,3,"Bardzo dobrze, język polski jest moim pierwszym językiem (językiem ojczystym)",1,Logika w szkole średniej ,3,,,,,,,,,,,,,,,,,,,,,,,,,,,,,,,,,,,,,,,,,,,,,,,,,,,,,,,,,,,,,,,,,,,,,,,,,,,,,,,,,,,,,,,,,,,,,,,,,,,,,,,,,,,,,,,,,,,,,,,,,,,,,,,,,,,,,,,,,,,,,,,,,,,,,,,,,,,,,,,,,,,,,,,,,,,,,,,,,,,,
1,1784450233995,19/07/2026 08:37:13,1784450233995,2,19/07/2026 10:37:13,273725,7,questionnaire-2hmd,,57297465,BLINDED,16377544,,complete,,,mobile,undefined V2023,Android 12,Facebook 569.0.0.44.91,393x873,392x750,,,0,Kwestionariusz poczatkowy,11,AndLack,continue,TAK,1,,,,,,,,,,,,,,,,,,,,,,,,,,,,,,,,,,,,,,,,,,,,,,,,,,,,,,,,,,,,,,,,,info,,BEGIN,,,,,,,,,,,,,,,,,,,,,,,,,,,,,,,,,,,,,,,,,,,,,,,,,,,,,,,,,,,,,,,,,,,,,,,,,,,,,,,,,,,,,,,,,,,,,,,,,,,,,,,,,,,,,,,,,,,,,,,,,,,,,,,,,,,,,,,,,,,,,,,,,,,,,,,,,,,,,,,,,,,,,,,,,,,,,,,,,,,,,,,,,,,,,,,,,,,,,,,
1,1784450243418,19/07/2026 08:37:23,1784450243418,2,19/07/2026 10:37:23,273725,7,questionnaire-u8vu,,57297467,BLINDED,16377544,,complete,,,mobile,undefined V2023,Android 12,Facebook 569.0.0.44.91,393x873,392x750,,,0,Informacja do badania,4,AndLack,continue,,,,,,,,,,,,,,,,,,,,,,,,,,,,,,,,,,,,,,,,,,,,,,,,,,,,,,,,,,,,,,,,,,,info,,BEGIN,,,,,,,,,,,,,,,,,,,,,,,,,,,,,,,,,,,,,,,,,,,,,,,,,,,,,,,,,,,,,,,,,,,,,,,,,,,,,,,,,,,,,,,,,,,,,,,,,,,,,,,,,,,,,,,,,,,,,,,,,,,,,,,,,,,,,,,,,,,,,,,,,,,,,,,,,,,,,,,,,,,,,,,,,,,,,,,,,,,,,,,,,,,,,,,,,,,,,,,
1,1784450261887,19/07/2026 08:37:41,1784450261887,2,19/07/2026 10:37:41,273725,7,questionnaire-apnj,,57297469,BLINDED,16377544,,complete,,,mobile,undefined V2023,Android 12,Facebook 569.0.0.44.91,393x873,392x750,,,0,3 AndLack version,5,AndLack,continue,,,,,,,,,,,,,,,,,,,,,,,,,,,,,,,,,,,,,,,,,,,,,,,,,,,,,,,,,,,,,,,,,,,info,,BEGIN,,,,,,,,,,,,,,,,,,,,,,,,,,,,,,,,,,,,,,,,,,,,,,,,,,,,,,,,,,,,,,,,,,,,,,,,,,,,,,,,7,7,5,5,7,7,7,7,7,7,7,7,7,7,7,7,7,7,7,7,7,7,4,4,4,4,4,4,7,7,5,5,6,6,2,2,7,7,7,7,3,3,3,3,5,5,3,3,5,5,3,3,3,3,2,2,3,3,3,3,,,,,,,,,,,,,,,,,,,,,,,,,,,,,,,,,,,,,,,,,,,,,,,,,,,,,,,,,,,,
1,1784450414383,19/07/2026 08:40:14,1784450414383,2,19/07/2026 10:40:14,273725,7,questionnaire-48tg,,57297476,BLINDED,16377544,,complete,,,mobile,undefined V2023,Android 12,Facebook 569.0.0.44.91,393x873,392x750,,,0,LackKontrolne,2,AndLack,continue,,,,,,,,,,,,,,,,,,,,,,,,,,,,,,,,,,,,,,,,,,,,,,,,,,,,,,,,,,,,,,,,,,,info,,BEGIN,,,,,,,NIE,2,,,,,,,,,,,,,,,,,,,,,,,,,,,,,,,,,,,,,,,,,,,,,,,,,,,,,,,,,,,,,,,,,,,,,,,,,,,,,,,,,,,,,,,,,,,,,,,,,,,,,,,,,,,,,,,,,,,,,,,,,,,,,,,,,,,,,,,,,,,,,,,,,,,,,,,,,,,,,,,,,,,,,,,,,,,,,,,,,,,,,,,,,,,,,,,
1,1784450423226,19/07/2026 08:40:23,1784450423226,2,19/07/2026 10:40:23,273725,7,questionnaire-whir,,57297478,BLINDED,16377544,,complete,,,mobile,undefined V2023,Android 12,Facebook 569.0.0.44.91,393x873,392x750,,,0,Pytania demograficzne,4,AndLack,continue,,,,,,,,,,,,,,,,,,,,,,,,,,,,,,,,,,,,,,,,,,,,,,,,,,,,,,,,,,,,,,,,,,,info,,BEGIN,,,,,,,,,,,Kobieta,2,21,w trakcie studiów,3,"Bardzo dobrze, język polski jest moim pierwszym językiem (językiem ojczystym)",1,Brak doświadczenia,4,,,,,,,,,,,,,,,,,,,,,,,,,,,,,,,,,,,,,,,,,,,,,,,,,,,,,,,,,,,,,,,,,,,,,,,,,,,,,,,,,,,,,,,,,,,,,,,,,,,,,,,,,,,,,,,,,,,,,,,,,,,,,,,,,,,,,,,,,,,,,,,,,,,,,,,,,,,,,,,,,,,,,,,,,,,,,,,,,,,,
1,1784452604164,19/07/2026 09:16:44,1784452604164,2,19/07/2026 11:16:44,273725,7,questionnaire-2hmd,,57297655,BLINDED,16377609,,complete,,,mobile,TECNO Mobile,Android 13,Facebook 568.0.0.46.89,360x820,360x696,,,0,Kwestionariusz poczatkowy,11,CondWith,continue,TAK,1,,,,,,,,,,,,,,,,,,,,,,,,,,,,,,,,,,,,,,,,,,,,,,,,,,,,,,,,,,,,,,,,,info,,BEGIN,,,,,,,,,,,,,,,,,,,,,,,,,,,,,,,,,,,,,,,,,,,,,,,,,,,,,,,,,,,,,,,,,,,,,,,,,,,,,,,,,,,,,,,,,,,,,,,,,,,,,,,,,,,,,,,,,,,,,,,,,,,,,,,,,,,,,,,,,,,,,,,,,,,,,,,,,,,,,,,,,,,,,,,,,,,,,,,,,,,,,,,,,,,,,,,,,,,,,,,
1,1784452614730,19/07/2026 09:16:54,1784452614730,2,19/07/2026 11:16:54,273725,7,questionnaire-u8vu,,57297657,BLINDED,16377609,,complete,,,mobile,TECNO Mobile,Android 13,Facebook 568.0.0.46.89,360x820,360x696,,,0,Informacja do badania,4,CondWith,continue,,,,,,,,,,,,,,,,,,,,,,,,,,,,,,,,,,,,,,,,,,,,,,,,,,,,,,,,,,,,,,,,,,,info,,BEGIN,,,,,,,,,,,,,,,,,,,,,,,,,,,,,,,,,,,,,,,,,,,,,,,,,,,,,,,,,,,,,,,,,,,,,,,,,,,,,,,,,,,,,,,,,,,,,,,,,,,,,,,,,,,,,,,,,,,,,,,,,,,,,,,,,,,,,,,,,,,,,,,,,,,,,,,,,,,,,,,,,,,,,,,,,,,,,,,,,,,,,,,,,,,,,,,,,,,,,,,
1,1784452636179,19/07/2026 09:17:16,1784452636179,2,19/07/2026 11:17:16,273725,7,questionnaire-84x1,,57297660,BLINDED,16377609,,complete,,,mobile,TECNO Mobile,Android 13,Facebook 568.0.0.46.89,360x820,360x696,,,0,2 CondWith version,5,CondWith,continue,,,,,,,,,,,,,,,,,,,,,,,,,,,,,,,,,,,,,,,,,,,,,,,,,,,,,,,,,,,,,,,,,,,info,,BEGIN,,,,,,,,,,,,,,,,,,,,5,5,2,2,7,7,5,5,6,6,5,5,7,7,6,6,6,6,1,1,1,1,1,1,1,1,2,2,1,1,1,1,1,1,1,1,2,2,2,2,1,1,3,3,1,1,4,4,1,1,2,2,1,1,2,2,1,1,1,1,,,,,,,,,,,,,,,,,,,,,,,,,,,,,,,,,,,,,,,,,,,,,,,,,,,,,,,,,,,,,,,,,,,,,,,,,,,,,,,,,,,,,,,,,,,,,,,,,,,,,,,,,,,,,,,,,,,,,,,,
1,1784452843859,19/07/2026 09:20:43,1784452843859,2,19/07/2026 11:20:43,273725,7,questionnaire-knkh,,57297690,BLINDED,16377609,,complete,,,mobile,TECNO Mobile,Android 13,Facebook 568.0.0.46.89,360x820,360x696,,,0,WithKontrolne,2,CondWith,continue,,,,,,,,,,,,,,,,,,,,,,,,,,,,,,,,,,,,,,,,,,,,,,,,,,,,,,,,,,,,,,,,,,,info,,BEGIN,,,,,,,,,TAK,1,,,,,,,,,,,,,,,,,,,,,,,,,,,,,,,,,,,,,,,,,,,,,,,,,,,,,,,,,,,,,,,,,,,,,,,,,,,,,,,,,,,,,,,,,,,,,,,,,,,,,,,,,,,,,,,,,,,,,,,,,,,,,,,,,,,,,,,,,,,,,,,,,,,,,,,,,,,,,,,,,,,,,,,,,,,,,,,,,,,,,,,,,,,,,
1,1784452860758,19/07/2026 09:21:00,1784452860758,2,19/07/2026 11:21:00,273725,7,questionnaire-whir,,57297692,BLINDED,16377609,,complete,,,mobile,TECNO Mobile,Android 13,Facebook 568.0.0.46.89,360x820,360x696,,,0,Pytania demograficzne,4,CondWith,continue,,,,,,,,,,,,,,,,,,,,,,,,,,,,,,,,,,,,,,,,,,,,,,,,,,,,,,,,,,,,,,,,,,,info,,BEGIN,,,,,,,,,,,Kobieta,2,21,w trakcie studiów,3,"Bardzo dobrze, język polski jest moim pierwszym językiem (językiem ojczystym)",1,Logika w szkole średniej ,3,,,,,,,,,,,,,,,,,,,,,,,,,,,,,,,,,,,,,,,,,,,,,,,,,,,,,,,,,,,,,,,,,,,,,,,,,,,,,,,,,,,,,,,,,,,,,,,,,,,,,,,,,,,,,,,,,,,,,,,,,,,,,,,,,,,,,,,,,,,,,,,,,,,,,,,,,,,,,,,,,,,,,,,,,,,,,,,,,,,,
1,1784457559064,19/07/2026 10:39:19,1784457559064,2,19/07/2026 12:39:19,273725,7,questionnaire-2hmd,,57298132,BLINDED,16377795,,complete,,,mobile,Apple iPhone,iOS 18.4.1,Facebook 561.0.0.38.103,390x844,390x653,,,0,Kwestionariusz poczatkowy,11,AndLack,continue,TAK,1,,,,,,,,,,,,,,,,,,,,,,,,,,,,,,,,,,,,,,,,,,,,,,,,,,,,,,,,,,,,,,,,,info,,BEGIN,,,,,,,,,,,,,,,,,,,,,,,,,,,,,,,,,,,,,,,,,,,,,,,,,,,,,,,,,,,,,,,,,,,,,,,,,,,,,,,,,,,,,,,,,,,,,,,,,,,,,,,,,,,,,,,,,,,,,,,,,,,,,,,,,,,,,,,,,,,,,,,,,,,,,,,,,,,,,,,,,,,,,,,,,,,,,,,,,,,,,,,,,,,,,,,,,,,,,,,
1,1784457568469,19/07/2026 10:39:28,1784457568469,2,19/07/2026 12:39:28,273725,7,questionnaire-u8vu,,57298133,BLINDED,16377795,,complete,,,mobile,Apple iPhone,iOS 18.4.1,Facebook 561.0.0.38.103,390x844,390x653,,,0,Informacja do badania,4,AndLack,continue,,,,,,,,,,,,,,,,,,,,,,,,,,,,,,,,,,,,,,,,,,,,,,,,,,,,,,,,,,,,,,,,,,,info,,BEGIN,,,,,,,,,,,,,,,,,,,,,,,,,,,,,,,,,,,,,,,,,,,,,,,,,,,,,,,,,,,,,,,,,,,,,,,,,,,,,,,,,,,,,,,,,,,,,,,,,,,,,,,,,,,,,,,,,,,,,,,,,,,,,,,,,,,,,,,,,,,,,,,,,,,,,,,,,,,,,,,,,,,,,,,,,,,,,,,,,,,,,,,,,,,,,,,,,,,,,,,
1,1784457586031,19/07/2026 10:39:46,1784457586031,2,19/07/2026 12:39:46,273725,7,questionnaire-apnj,,57298137,BLINDED,16377795,,complete,,,mobile,Apple iPhone,iOS 18.4.1,Facebook 561.0.0.38.103,390x844,390x653,,,0,3 AndLack version,5,AndLack,continue,,,,,,,,,,,,,,,,,,,,,,,,,,,,,,,,,,,,,,,,,,,,,,,,,,,,,,,,,,,,,,,,,,,info,,BEGIN,,,,,,,,,,,,,,,,,,,,,,,,,,,,,,,,,,,,,,,,,,,,,,,,,,,,,,,,,,,,,,,,,,,,,,,,,,,,,,,,7,7,7,7,7,7,5,5,7,7,6,6,7,7,6,6,7,7,7,7,7,7,7,7,7,7,6,6,7,7,7,7,7,7,6,6,7,7,7,7,6,6,4,4,6,6,5,5,6,6,4,4,7,7,5,5,6,6,5,5,,,,,,,,,,,,,,,,,,,,,,,,,,,,,,,,,,,,,,,,,,,,,,,,,,,,,,,,,,,,
1,1784457738340,19/07/2026 10:42:18,1784457738340,2,19/07/2026 12:42:18,273725,7,questionnaire-48tg,,57298157,BLINDED,16377795,,complete,,,mobile,Apple iPhone,iOS 18.4.1,Facebook 561.0.0.38.103,390x844,390x653,,,0,LackKontrolne,2,AndLack,continue,,,,,,,,,,,,,,,,,,,,,,,,,,,,,,,,,,,,,,,,,,,,,,,,,,,,,,,,,,,,,,,,,,,info,,BEGIN,,,,,,,NIE,2,,,,,,,,,,,,,,,,,,,,,,,,,,,,,,,,,,,,,,,,,,,,,,,,,,,,,,,,,,,,,,,,,,,,,,,,,,,,,,,,,,,,,,,,,,,,,,,,,,,,,,,,,,,,,,,,,,,,,,,,,,,,,,,,,,,,,,,,,,,,,,,,,,,,,,,,,,,,,,,,,,,,,,,,,,,,,,,,,,,,,,,,,,,,,,,
1,1784457751398,19/07/2026 10:42:31,1784457751398,2,19/07/2026 12:42:31,273725,7,questionnaire-whir,,57298160,BLINDED,16377795,,complete,,,mobile,Apple iPhone,iOS 18.4.1,Facebook 561.0.0.38.103,390x844,390x653,,,0,Pytania demograficzne,4,AndLack,continue,,,,,,,,,,,,,,,,,,,,,,,,,,,,,,,,,,,,,,,,,,,,,,,,,,,,,,,,,,,,,,,,,,,info,,BEGIN,,,,,,,,,,,Kobieta,2,22,w trakcie studiów,3,"Bardzo dobrze, język polski jest moim pierwszym językiem (językiem ojczystym)",1,Logika w szkole średniej ,3,,,,,,,,,,,,,,,,,,,,,,,,,,,,,,,,,,,,,,,,,,,,,,,,,,,,,,,,,,,,,,,,,,,,,,,,,,,,,,,,,,,,,,,,,,,,,,,,,,,,,,,,,,,,,,,,,,,,,,,,,,,,,,,,,,,,,,,,,,,,,,,,,,,,,,,,,,,,,,,,,,,,,,,,,,,,,,,,,,,,
1,1784473534091,19/07/2026 15:05:34,1784473534091,2,19/07/2026 17:05:34,273725,7,questionnaire-2hmd,,57300342,BLINDED,16378462,,complete,,,mobile,Samsung SM-M346B1,Android 14,Facebook 570.0.0.34.87,384x832,384x708,,,0,Kwestionariusz poczatkowy,11,AndWith,continue,TAK,1,,,,,,,,,,,,,,,,,,,,,,,,,,,,,,,,,,,,,,,,,,,,,,,,,,,,,,,,,,,,,,,,,info,,BEGIN,,,,,,,,,,,,,,,,,,,,,,,,,,,,,,,,,,,,,,,,,,,,,,,,,,,,,,,,,,,,,,,,,,,,,,,,,,,,,,,,,,,,,,,,,,,,,,,,,,,,,,,,,,,,,,,,,,,,,,,,,,,,,,,,,,,,,,,,,,,,,,,,,,,,,,,,,,,,,,,,,,,,,,,,,,,,,,,,,,,,,,,,,,,,,,,,,,,,,,,
1,1784473540733,19/07/2026 15:05:40,1784473540733,2,19/07/2026 17:05:40,273725,7,questionnaire-u8vu,,57300345,BLINDED,16378462,,complete,,,mobile,Samsung SM-M346B1,Android 14,Facebook 570.0.0.34.87,384x832,384x708,,,0,Informacja do badania,4,AndWith,continue,,,,,,,,,,,,,,,,,,,,,,,,,,,,,,,,,,,,,,,,,,,,,,,,,,,,,,,,,,,,,,,,,,,info,,BEGIN,,,,,,,,,,,,,,,,,,,,,,,,,,,,,,,,,,,,,,,,,,,,,,,,,,,,,,,,,,,,,,,,,,,,,,,,,,,,,,,,,,,,,,,,,,,,,,,,,,,,,,,,,,,,,,,,,,,,,,,,,,,,,,,,,,,,,,,,,,,,,,,,,,,,,,,,,,,,,,,,,,,,,,,,,,,,,,,,,,,,,,,,,,,,,,,,,,,,,,,
1,1784473547156,19/07/2026 15:05:47,1784473547156,2,19/07/2026 17:05:47,273725,7,questionnaire-nrov,,57300347,BLINDED,16378462,,complete,,,mobile,Samsung SM-M346B1,Android 14,Facebook 570.0.0.34.87,384x832,384x708,,,0,4 AndWith version,5,AndWith,continue,,,,,,,,,,,,,,,,,,,,,,,,,,,,,,,,,,,,,,,,,,,,,,,,,,,,,,,,,,,,,,,,,,,info,,BEGIN,,,,,,,,,,,,,,,,,,,,,,,,,,,,,,,,,,,,,,,,,,,,,,,,,,,,,,,,,,,,,,,,,,,,,,,,,,,,,,,,,,,,,,,,,,,,,,,,,,,,,,,,,,,,,,,,,,,,,,,,,,,,,,,,,,,,,,,,,,,,7,7,7,7,7,7,7,7,4,4,7,7,7,7,7,7,5,5,1,1,1,1,1,1,1,1,1,1,1,1,1,1,1,1,1,1,5,5,2,2,1,1,1,1,1,1,1,1,1,1,1,1,1,1,1,1,1,1,1,1
1,1784473883892,19/07/2026 15:11:23,1784473883892,2,19/07/2026 17:11:23,273725,7,questionnaire-knkh,,57300396,BLINDED,16378462,,complete,,,mobile,Samsung SM-M346B1,Android 14,Facebook 570.0.0.34.87,384x832,384x708,,,0,WithKontrolne,2,AndWith,continue,,,,,,,,,,,,,,,,,,,,,,,,,,,,,,,,,,,,,,,,,,,,,,,,,,,,,,,,,,,,,,,,,,,info,,BEGIN,,,,,,,,,TAK,1,,,,,,,,,,,,,,,,,,,,,,,,,,,,,,,,,,,,,,,,,,,,,,,,,,,,,,,,,,,,,,,,,,,,,,,,,,,,,,,,,,,,,,,,,,,,,,,,,,,,,,,,,,,,,,,,,,,,,,,,,,,,,,,,,,,,,,,,,,,,,,,,,,,,,,,,,,,,,,,,,,,,,,,,,,,,,,,,,,,,,,,,,,,,,
1,1784473897490,19/07/2026 15:11:37,1784473897490,2,19/07/2026 17:11:37,273725,7,questionnaire-whir,,57300397,BLINDED,16378462,,complete,,,mobile,Samsung SM-M346B1,Android 14,Facebook 570.0.0.34.87,384x832,384x708,,,0,Pytania demograficzne,4,AndWith,continue,,,,,,,,,,,,,,,,,,,,,,,,,,,,,,,,,,,,,,,,,,,,,,,,,,,,,,,,,,,,,,,,,,,info,,BEGIN,,,,,,,,,,,Kobieta,2,24,w trakcie studiów,3,"Bardzo dobrze, posługuję się nim na co dzień",2,Więcej niż dwa semestry logiki na studiach,1,,,,,,,,,,,,,,,,,,,,,,,,,,,,,,,,,,,,,,,,,,,,,,,,,,,,,,,,,,,,,,,,,,,,,,,,,,,,,,,,,,,,,,,,,,,,,,,,,,,,,,,,,,,,,,,,,,,,,,,,,,,,,,,,,,,,,,,,,,,,,,,,,,,,,,,,,,,,,,,,,,,,,,,,,,,,,,,,,,,,
1,1784489311070,19/07/2026 19:28:31,1784489311070,2,19/07/2026 21:28:31,273725,7,questionnaire-2hmd,,57302862,BLINDED,16379147,,complete,,,computer,Desktop or Laptop,Windows 10,Opera 133.0.0.0,1920x1080,1875x958,,,0,Kwestionariusz poczatkowy,11,CondWith,continue,TAK,1,,,,,,,,,,,,,,,,,,,,,,,,,,,,,,,,,,,,,,,,,,,,,,,,,,,,,,,,,,,,,,,,,info,,BEGIN,,,,,,,,,,,,,,,,,,,,,,,,,,,,,,,,,,,,,,,,,,,,,,,,,,,,,,,,,,,,,,,,,,,,,,,,,,,,,,,,,,,,,,,,,,,,,,,,,,,,,,,,,,,,,,,,,,,,,,,,,,,,,,,,,,,,,,,,,,,,,,,,,,,,,,,,,,,,,,,,,,,,,,,,,,,,,,,,,,,,,,,,,,,,,,,,,,,,,,,
1,1784489317388,19/07/2026 19:28:37,1784489317388,2,19/07/2026 21:28:37,273725,7,questionnaire-u8vu,,57302865,BLINDED,16379147,,complete,,,computer,Desktop or Laptop,Windows 10,Opera 133.0.0.0,1920x1080,1875x958,,,0,Informacja do badania,4,CondWith,continue,,,,,,,,,,,,,,,,,,,,,,,,,,,,,,,,,,,,,,,,,,,,,,,,,,,,,,,,,,,,,,,,,,,info,,BEGIN,,,,,,,,,,,,,,,,,,,,,,,,,,,,,,,,,,,,,,,,,,,,,,,,,,,,,,,,,,,,,,,,,,,,,,,,,,,,,,,,,,,,,,,,,,,,,,,,,,,,,,,,,,,,,,,,,,,,,,,,,,,,,,,,,,,,,,,,,,,,,,,,,,,,,,,,,,,,,,,,,,,,,,,,,,,,,,,,,,,,,,,,,,,,,,,,,,,,,,,
1,1784489322759,19/07/2026 19:28:42,1784489322759,2,19/07/2026 21:28:42,273725,7,questionnaire-84x1,,57302866,BLINDED,16379147,,complete,,,computer,Desktop or Laptop,Windows 10,Opera 133.0.0.0,1920x1080,1875x958,,,0,2 CondWith version,5,CondWith,continue,,,,,,,,,,,,,,,,,,,,,,,,,,,,,,,,,,,,,,,,,,,,,,,,,,,,,,,,,,,,,,,,,,,info,,BEGIN,,,,,,,,,,,,,,,,,,,,5,5,4,4,7,7,4,4,6,6,4,4,7,7,6,6,5,5,4,4,4,4,3,3,2,2,2,2,1,1,1,1,2,2,2,2,1,1,1,1,1,1,2,2,1,1,2,2,1,1,2,2,1,1,1,1,3,3,3,3,,,,,,,,,,,,,,,,,,,,,,,,,,,,,,,,,,,,,,,,,,,,,,,,,,,,,,,,,,,,,,,,,,,,,,,,,,,,,,,,,,,,,,,,,,,,,,,,,,,,,,,,,,,,,,,,,,,,,,,,
1,1784489551407,19/07/2026 19:32:31,1784489551407,2,19/07/2026 21:32:31,273725,7,questionnaire-knkh,,57302895,BLINDED,16379147,,complete,,,computer,Desktop or Laptop,Windows 10,Opera 133.0.0.0,1920x1080,1875x958,,,0,WithKontrolne,2,CondWith,continue,,,,,,,,,,,,,,,,,,,,,,,,,,,,,,,,,,,,,,,,,,,,,,,,,,,,,,,,,,,,,,,,,,,info,,BEGIN,,,,,,,,,TAK,1,,,,,,,,,,,,,,,,,,,,,,,,,,,,,,,,,,,,,,,,,,,,,,,,,,,,,,,,,,,,,,,,,,,,,,,,,,,,,,,,,,,,,,,,,,,,,,,,,,,,,,,,,,,,,,,,,,,,,,,,,,,,,,,,,,,,,,,,,,,,,,,,,,,,,,,,,,,,,,,,,,,,,,,,,,,,,,,,,,,,,,,,,,,,,
1,1784489562931,19/07/2026 19:32:42,1784489562931,2,19/07/2026 21:32:42,273725,7,questionnaire-whir,,57302897,BLINDED,16379147,,complete,,,computer,Desktop or Laptop,Windows 10,Opera 133.0.0.0,1920x1080,1875x958,,,0,Pytania demograficzne,4,CondWith,continue,,,,,,,,,,,,,,,,,,,,,,,,,,,,,,,,,,,,,,,,,,,,,,,,,,,,,,,,,,,,,,,,,,,info,,BEGIN,,,,,,,,,,,Kobieta,2,22,w trakcie studiów,3,"Bardzo dobrze, język polski jest moim pierwszym językiem (językiem ojczystym)",1,Brak doświadczenia,4,,,,,,,,,,,,,,,,,,,,,,,,,,,,,,,,,,,,,,,,,,,,,,,,,,,,,,,,,,,,,,,,,,,,,,,,,,,,,,,,,,,,,,,,,,,,,,,,,,,,,,,,,,,,,,,,,,,,,,,,,,,,,,,,,,,,,,,,,,,,,,,,,,,,,,,,,,,,,,,,,,,,,,,,,,,,,,,,,,,,
1,1784490649162,19/07/2026 19:50:49,1784490649162,2,19/07/2026 21:50:49,273725,7,questionnaire-2hmd,,57303313,BLINDED,16379235,,complete,,,mobile,Samsung SM-S911B,Android 13,Facebook 570.0.0.34.87,360x780,360x690,,,0,Kwestionariusz poczatkowy,11,CondWith,continue,TAK,1,,,,,,,,,,,,,,,,,,,,,,,,,,,,,,,,,,,,,,,,,,,,,,,,,,,,,,,,,,,,,,,,,info,,BEGIN,,,,,,,,,,,,,,,,,,,,,,,,,,,,,,,,,,,,,,,,,,,,,,,,,,,,,,,,,,,,,,,,,,,,,,,,,,,,,,,,,,,,,,,,,,,,,,,,,,,,,,,,,,,,,,,,,,,,,,,,,,,,,,,,,,,,,,,,,,,,,,,,,,,,,,,,,,,,,,,,,,,,,,,,,,,,,,,,,,,,,,,,,,,,,,,,,,,,,,,
1,1784490666274,19/07/2026 19:51:06,1784490666274,2,19/07/2026 21:51:06,273725,7,questionnaire-u8vu,,57303316,BLINDED,16379235,,complete,,,mobile,Samsung SM-S911B,Android 13,Facebook 570.0.0.34.87,360x780,360x690,,,0,Informacja do badania,4,CondWith,continue,,,,,,,,,,,,,,,,,,,,,,,,,,,,,,,,,,,,,,,,,,,,,,,,,,,,,,,,,,,,,,,,,,,info,,BEGIN,,,,,,,,,,,,,,,,,,,,,,,,,,,,,,,,,,,,,,,,,,,,,,,,,,,,,,,,,,,,,,,,,,,,,,,,,,,,,,,,,,,,,,,,,,,,,,,,,,,,,,,,,,,,,,,,,,,,,,,,,,,,,,,,,,,,,,,,,,,,,,,,,,,,,,,,,,,,,,,,,,,,,,,,,,,,,,,,,,,,,,,,,,,,,,,,,,,,,,,
1,1784490694973,19/07/2026 19:51:34,1784490694973,2,19/07/2026 21:51:34,273725,7,questionnaire-84x1,,57303326,BLINDED,16379235,,complete,,,mobile,Samsung SM-S911B,Android 13,Facebook 570.0.0.34.87,360x780,360x690,,,0,2 CondWith version,5,CondWith,continue,,,,,,,,,,,,,,,,,,,,,,,,,,,,,,,,,,,,,,,,,,,,,,,,,,,,,,,,,,,,,,,,,,,info,,BEGIN,,,,,,,,,,,,,,,,,,,,6,6,7,7,7,7,7,7,7,7,7,7,6,6,7,7,3,3,4,4,4,4,5,5,4,4,5,5,5,5,6,6,2,2,2,2,5,5,6,6,1,1,1,1,2,2,2,2,2,2,3,3,1,1,1,1,1,1,2,2,,,,,,,,,,,,,,,,,,,,,,,,,,,,,,,,,,,,,,,,,,,,,,,,,,,,,,,,,,,,,,,,,,,,,,,,,,,,,,,,,,,,,,,,,,,,,,,,,,,,,,,,,,,,,,,,,,,,,,,,
1,1784491028199,19/07/2026 19:57:08,1784491028199,2,19/07/2026 21:57:08,273725,7,questionnaire-knkh,,57303400,BLINDED,16379235,,complete,,,mobile,Samsung SM-S911B,Android 13,Facebook 570.0.0.34.87,360x780,360x690,,,0,WithKontrolne,2,CondWith,continue,,,,,,,,,,,,,,,,,,,,,,,,,,,,,,,,,,,,,,,,,,,,,,,,,,,,,,,,,,,,,,,,,,,info,,BEGIN,,,,,,,,,TAK,1,,,,,,,,,,,,,,,,,,,,,,,,,,,,,,,,,,,,,,,,,,,,,,,,,,,,,,,,,,,,,,,,,,,,,,,,,,,,,,,,,,,,,,,,,,,,,,,,,,,,,,,,,,,,,,,,,,,,,,,,,,,,,,,,,,,,,,,,,,,,,,,,,,,,,,,,,,,,,,,,,,,,,,,,,,,,,,,,,,,,,,,,,,,,,
1,1784491035700,19/07/2026 19:57:15,1784491035700,2,19/07/2026 21:57:15,273725,7,questionnaire-whir,,57303402,BLINDED,16379235,,complete,,,mobile,Samsung SM-S911B,Android 13,Facebook 570.0.0.34.87,360x780,360x690,,,0,Pytania demograficzne,4,CondWith,continue,,,,,,,,,,,,,,,,,,,,,,,,,,,,,,,,,,,,,,,,,,,,,,,,,,,,,,,,,,,,,,,,,,,info,,BEGIN,,,,,,,,,,,Kobieta,2,23,w trakcie studiów,3,"Bardzo dobrze, język polski jest moim pierwszym językiem (językiem ojczystym)",1,Więcej niż dwa semestry logiki na studiach,1,,,,,,,,,,,,,,,,,,,,,,,,,,,,,,,,,,,,,,,,,,,,,,,,,,,,,,,,,,,,,,,,,,,,,,,,,,,,,,,,,,,,,,,,,,,,,,,,,,,,,,,,,,,,,,,,,,,,,,,,,,,,,,,,,,,,,,,,,,,,,,,,,,,,,,,,,,,,,,,,,,,,,,,,,,,,,,,,,,,,
1,1784534516427,20/07/2026 08:01:56,1784534516427,2,20/07/2026 10:01:56,273725,7,questionnaire-2hmd,,57306858,BLINDED,16380389,,complete,,,mobile,Apple iPhone,iOS 18.7,Facebook 570.0.0.20.108,430x932,430x736,,,0,Kwestionariusz poczatkowy,11,AndLack,continue,TAK,1,,,,,,,,,,,,,,,,,,,,,,,,,,,,,,,,,,,,,,,,,,,,,,,,,,,,,,,,,,,,,,,,,info,,BEGIN,,,,,,,,,,,,,,,,,,,,,,,,,,,,,,,,,,,,,,,,,,,,,,,,,,,,,,,,,,,,,,,,,,,,,,,,,,,,,,,,,,,,,,,,,,,,,,,,,,,,,,,,,,,,,,,,,,,,,,,,,,,,,,,,,,,,,,,,,,,,,,,,,,,,,,,,,,,,,,,,,,,,,,,,,,,,,,,,,,,,,,,,,,,,,,,,,,,,,,,
1,1784534522819,20/07/2026 08:02:02,1784534522819,2,20/07/2026 10:02:02,273725,7,questionnaire-u8vu,,57306860,BLINDED,16380389,,complete,,,mobile,Apple iPhone,iOS 18.7,Facebook 570.0.0.20.108,430x932,430x736,,,0,Informacja do badania,4,AndLack,continue,,,,,,,,,,,,,,,,,,,,,,,,,,,,,,,,,,,,,,,,,,,,,,,,,,,,,,,,,,,,,,,,,,,info,,BEGIN,,,,,,,,,,,,,,,,,,,,,,,,,,,,,,,,,,,,,,,,,,,,,,,,,,,,,,,,,,,,,,,,,,,,,,,,,,,,,,,,,,,,,,,,,,,,,,,,,,,,,,,,,,,,,,,,,,,,,,,,,,,,,,,,,,,,,,,,,,,,,,,,,,,,,,,,,,,,,,,,,,,,,,,,,,,,,,,,,,,,,,,,,,,,,,,,,,,,,,,
1,1784534531199,20/07/2026 08:02:11,1784534531199,2,20/07/2026 10:02:11,273725,7,questionnaire-apnj,,57306864,BLINDED,16380389,,complete,,,mobile,Apple iPhone,iOS 18.7,Facebook 570.0.0.20.108,430x932,430x736,,,0,3 AndLack version,5,AndLack,continue,,,,,,,,,,,,,,,,,,,,,,,,,,,,,,,,,,,,,,,,,,,,,,,,,,,,,,,,,,,,,,,,,,,info,,BEGIN,,,,,,,,,,,,,,,,,,,,,,,,,,,,,,,,,,,,,,,,,,,,,,,,,,,,,,,,,,,,,,,,,,,,,,,,,,,,,,,,6,6,6,6,3,3,2,2,6,6,6,6,2,2,1,1,3,3,3,3,2,2,2,2,3,3,2,2,4,4,4,4,2,2,1,1,5,5,5,5,2,2,1,1,1,1,1,1,1,1,1,1,1,1,1,1,1,1,1,1,,,,,,,,,,,,,,,,,,,,,,,,,,,,,,,,,,,,,,,,,,,,,,,,,,,,,,,,,,,,
1,1784534837293,20/07/2026 08:07:17,1784534837293,2,20/07/2026 10:07:17,273725,7,questionnaire-48tg,,57306914,BLINDED,16380389,,complete,,,mobile,Apple iPhone,iOS 18.7,Facebook 570.0.0.20.108,430x932,430x736,,,0,LackKontrolne,2,AndLack,continue,,,,,,,,,,,,,,,,,,,,,,,,,,,,,,,,,,,,,,,,,,,,,,,,,,,,,,,,,,,,,,,,,,,info,,BEGIN,,,,,,,TAK,1,,,,,,,,,,,,,,,,,,,,,,,,,,,,,,,,,,,,,,,,,,,,,,,,,,,,,,,,,,,,,,,,,,,,,,,,,,,,,,,,,,,,,,,,,,,,,,,,,,,,,,,,,,,,,,,,,,,,,,,,,,,,,,,,,,,,,,,,,,,,,,,,,,,,,,,,,,,,,,,,,,,,,,,,,,,,,,,,,,,,,,,,,,,,,,,
1,1784534851155,20/07/2026 08:07:31,1784534851155,2,20/07/2026 10:07:31,273725,7,questionnaire-whir,,57306920,BLINDED,16380389,,complete,,,mobile,Apple iPhone,iOS 18.7,Facebook 570.0.0.20.108,430x932,430x736,,,0,Pytania demograficzne,4,AndLack,continue,,,,,,,,,,,,,,,,,,,,,,,,,,,,,,,,,,,,,,,,,,,,,,,,,,,,,,,,,,,,,,,,,,,info,,BEGIN,,,,,,,,,,,Mężczyzna,1,23,w trakcie studiów,3,"Bardzo dobrze, język polski jest moim pierwszym językiem (językiem ojczystym)",1,Brak doświadczenia,4,,,,,,,,,,,,,,,,,,,,,,,,,,,,,,,,,,,,,,,,,,,,,,,,,,,,,,,,,,,,,,,,,,,,,,,,,,,,,,,,,,,,,,,,,,,,,,,,,,,,,,,,,,,,,,,,,,,,,,,,,,,,,,,,,,,,,,,,,,,,,,,,,,,,,,,,,,,,,,,,,,,,,,,,,,,,,,,,,,,,
1,1784539653864,20/07/2026 09:27:33,1784539653864,2,20/07/2026 11:27:33,273725,7,questionnaire-2hmd,,57308074,BLINDED,16380736,,complete,,,mobile,Samsung SM-G965N,Android 10,Facebook 570.0.0.34.87,412x846,411x758,,,0,Kwestionariusz poczatkowy,11,CondWith,continue,TAK,1,,,,,,,,,,,,,,,,,,,,,,,,,,,,,,,,,,,,,,,,,,,,,,,,,,,,,,,,,,,,,,,,,info,,BEGIN,,,,,,,,,,,,,,,,,,,,,,,,,,,,,,,,,,,,,,,,,,,,,,,,,,,,,,,,,,,,,,,,,,,,,,,,,,,,,,,,,,,,,,,,,,,,,,,,,,,,,,,,,,,,,,,,,,,,,,,,,,,,,,,,,,,,,,,,,,,,,,,,,,,,,,,,,,,,,,,,,,,,,,,,,,,,,,,,,,,,,,,,,,,,,,,,,,,,,,,
1,1784539659620,20/07/2026 09:27:39,1784539659620,2,20/07/2026 11:27:39,273725,7,questionnaire-u8vu,,57308076,BLINDED,16380736,,complete,,,mobile,Samsung SM-G965N,Android 10,Facebook 570.0.0.34.87,412x846,411x758,,,0,Informacja do badania,4,CondWith,continue,,,,,,,,,,,,,,,,,,,,,,,,,,,,,,,,,,,,,,,,,,,,,,,,,,,,,,,,,,,,,,,,,,,info,,BEGIN,,,,,,,,,,,,,,,,,,,,,,,,,,,,,,,,,,,,,,,,,,,,,,,,,,,,,,,,,,,,,,,,,,,,,,,,,,,,,,,,,,,,,,,,,,,,,,,,,,,,,,,,,,,,,,,,,,,,,,,,,,,,,,,,,,,,,,,,,,,,,,,,,,,,,,,,,,,,,,,,,,,,,,,,,,,,,,,,,,,,,,,,,,,,,,,,,,,,,,,
1,1784539664276,20/07/2026 09:27:44,1784539664276,2,20/07/2026 11:27:44,273725,7,questionnaire-84x1,,57308079,BLINDED,16380736,,complete,,,mobile,Samsung SM-G965N,Android 10,Facebook 570.0.0.34.87,412x846,411x758,,,0,2 CondWith version,5,CondWith,continue,,,,,,,,,,,,,,,,,,,,,,,,,,,,,,,,,,,,,,,,,,,,,,,,,,,,,,,,,,,,,,,,,,,info,,BEGIN,,,,,,,,,,,,,,,,,,,,3,3,7,7,3,3,6,6,4,4,7,7,4,4,7,7,7,7,7,7,1,1,1,1,1,1,1,1,1,1,1,1,1,1,1,1,1,1,1,1,1,1,1,1,1,1,1,1,1,1,1,1,1,1,1,1,1,1,1,1,,,,,,,,,,,,,,,,,,,,,,,,,,,,,,,,,,,,,,,,,,,,,,,,,,,,,,,,,,,,,,,,,,,,,,,,,,,,,,,,,,,,,,,,,,,,,,,,,,,,,,,,,,,,,,,,,,,,,,,,
1,1784539839035,20/07/2026 09:30:39,1784539839035,2,20/07/2026 11:30:39,273725,7,questionnaire-knkh,,57308131,BLINDED,16380736,,complete,,,mobile,Samsung SM-G965N,Android 10,Facebook 570.0.0.34.87,412x846,411x758,,,0,WithKontrolne,2,CondWith,continue,,,,,,,,,,,,,,,,,,,,,,,,,,,,,,,,,,,,,,,,,,,,,,,,,,,,,,,,,,,,,,,,,,,info,,BEGIN,,,,,,,,,TAK,1,,,,,,,,,,,,,,,,,,,,,,,,,,,,,,,,,,,,,,,,,,,,,,,,,,,,,,,,,,,,,,,,,,,,,,,,,,,,,,,,,,,,,,,,,,,,,,,,,,,,,,,,,,,,,,,,,,,,,,,,,,,,,,,,,,,,,,,,,,,,,,,,,,,,,,,,,,,,,,,,,,,,,,,,,,,,,,,,,,,,,,,,,,,,,
1,1784539854375,20/07/2026 09:30:54,1784539854375,2,20/07/2026 11:30:54,273725,7,questionnaire-whir,,57308135,BLINDED,16380736,,complete,,,mobile,Samsung SM-G965N,Android 10,Facebook 570.0.0.34.87,412x846,411x758,,,0,Pytania demograficzne,4,CondWith,continue,,,,,,,,,,,,,,,,,,,,,,,,,,,,,,,,,,,,,,,,,,,,,,,,,,,,,,,,,,,,,,,,,,,info,,BEGIN,,,,,,,,,,,Mężczyzna,1,22,wykształcenie średnie,2,"Bardzo dobrze, język polski jest moim pierwszym językiem (językiem ojczystym)",1,Logika w szkole średniej ,3,,,,,,,,,,,,,,,,,,,,,,,,,,,,,,,,,,,,,,,,,,,,,,,,,,,,,,,,,,,,,,,,,,,,,,,,,,,,,,,,,,,,,,,,,,,,,,,,,,,,,,,,,,,,,,,,,,,,,,,,,,,,,,,,,,,,,,,,,,,,,,,,,,,,,,,,,,,,,,,,,,,,,,,,,,,,,,,,,,,,
1,1784546160803,20/07/2026 11:16:00,1784546160803,2,20/07/2026 13:16:00,273725,7,questionnaire-2hmd,,57309721,BLINDED,16381453,,complete,,,mobile,Apple iPhone,iOS 18.7,Facebook 570.0.0.20.108,390x844,390x659,,,0,Kwestionariusz poczatkowy,11,CondLack,continue,TAK,1,,,,,,,,,,,,,,,,,,,,,,,,,,,,,,,,,,,,,,,,,,,,,,,,,,,,,,,,,,,,,,,,,info,,BEGIN,,,,,,,,,,,,,,,,,,,,,,,,,,,,,,,,,,,,,,,,,,,,,,,,,,,,,,,,,,,,,,,,,,,,,,,,,,,,,,,,,,,,,,,,,,,,,,,,,,,,,,,,,,,,,,,,,,,,,,,,,,,,,,,,,,,,,,,,,,,,,,,,,,,,,,,,,,,,,,,,,,,,,,,,,,,,,,,,,,,,,,,,,,,,,,,,,,,,,,,
1,1784546172609,20/07/2026 11:16:12,1784546172609,2,20/07/2026 13:16:12,273725,7,questionnaire-u8vu,,57309725,BLINDED,16381453,,complete,,,mobile,Apple iPhone,iOS 18.7,Facebook 570.0.0.20.108,390x844,390x659,,,0,Informacja do badania,4,CondLack,continue,,,,,,,,,,,,,,,,,,,,,,,,,,,,,,,,,,,,,,,,,,,,,,,,,,,,,,,,,,,,,,,,,,,info,,BEGIN,,,,,,,,,,,,,,,,,,,,,,,,,,,,,,,,,,,,,,,,,,,,,,,,,,,,,,,,,,,,,,,,,,,,,,,,,,,,,,,,,,,,,,,,,,,,,,,,,,,,,,,,,,,,,,,,,,,,,,,,,,,,,,,,,,,,,,,,,,,,,,,,,,,,,,,,,,,,,,,,,,,,,,,,,,,,,,,,,,,,,,,,,,,,,,,,,,,,,,,
1,1784546205381,20/07/2026 11:16:45,1784546205381,2,20/07/2026 13:16:45,273725,7,questionnaire-mxn9,,57309727,BLINDED,16381453,,complete,,,mobile,Apple iPhone,iOS 18.7,Facebook 570.0.0.20.108,390x844,390x659,,,0,1 CondLack version,8,CondLack,continue,,,5,5,6,6,4,4,7,7,5,5,7,7,5,5,7,7,6,6,7,7,2,2,6,6,1,1,1,1,1,1,1,1,1,1,1,1,1,1,1,1,1,1,1,1,1,1,1,1,1,1,1,1,1,1,1,1,1,1,1,1,,,,,info,,BEGIN,,,,,,,,,,,,,,,,,,,,,,,,,,,,,,,,,,,,,,,,,,,,,,,,,,,,,,,,,,,,,,,,,,,,,,,,,,,,,,,,,,,,,,,,,,,,,,,,,,,,,,,,,,,,,,,,,,,,,,,,,,,,,,,,,,,,,,,,,,,,,,,,,,,,,,,,,,,,,,,,,,,,,,,,,,,,,,,,,,,,,,,,,,,,,,,,,,,,,,,
1,1784546406425,20/07/2026 11:20:06,1784546406425,2,20/07/2026 13:20:06,273725,7,questionnaire-48tg,,57309784,BLINDED,16381453,,complete,,,mobile,Apple iPhone,iOS 18.7,Facebook 570.0.0.20.108,390x844,390x659,,,0,LackKontrolne,2,CondLack,continue,,,,,,,,,,,,,,,,,,,,,,,,,,,,,,,,,,,,,,,,,,,,,,,,,,,,,,,,,,,,,,,,,,,info,,BEGIN,,,,,,,NIE,2,,,,,,,,,,,,,,,,,,,,,,,,,,,,,,,,,,,,,,,,,,,,,,,,,,,,,,,,,,,,,,,,,,,,,,,,,,,,,,,,,,,,,,,,,,,,,,,,,,,,,,,,,,,,,,,,,,,,,,,,,,,,,,,,,,,,,,,,,,,,,,,,,,,,,,,,,,,,,,,,,,,,,,,,,,,,,,,,,,,,,,,,,,,,,,,
1,1784546420616,20/07/2026 11:20:20,1784546420616,2,20/07/2026 13:20:20,273725,7,questionnaire-whir,,57309788,BLINDED,16381453,,complete,,,mobile,Apple iPhone,iOS 18.7,Facebook 570.0.0.20.108,390x844,390x659,,,0,Pytania demograficzne,4,CondLack,continue,,,,,,,,,,,,,,,,,,,,,,,,,,,,,,,,,,,,,,,,,,,,,,,,,,,,,,,,,,,,,,,,,,,info,,BEGIN,,,,,,,,,,,Kobieta,2,20,w trakcie studiów,3,"Bardzo dobrze, język polski jest moim pierwszym językiem (językiem ojczystym)",1,Brak doświadczenia,4,,,,,,,,,,,,,,,,,,,,,,,,,,,,,,,,,,,,,,,,,,,,,,,,,,,,,,,,,,,,,,,,,,,,,,,,,,,,,,,,,,,,,,,,,,,,,,,,,,,,,,,,,,,,,,,,,,,,,,,,,,,,,,,,,,,,,,,,,,,,,,,,,,,,,,,,,,,,,,,,,,,,,,,,,,,,,,,,,,,,
1,1784546548641,20/07/2026 11:22:28,1784546548641,2,20/07/2026 13:22:28,273725,7,questionnaire-2hmd,,57309845,BLINDED,16381498,,complete,,,mobile,Apple iPhone,iOS 17.6.1,Facebook 567.0.0.27.106,414x896,414x710,,,0,Kwestionariusz poczatkowy,11,CondLack,continue,TAK,1,,,,,,,,,,,,,,,,,,,,,,,,,,,,,,,,,,,,,,,,,,,,,,,,,,,,,,,,,,,,,,,,,info,,BEGIN,,,,,,,,,,,,,,,,,,,,,,,,,,,,,,,,,,,,,,,,,,,,,,,,,,,,,,,,,,,,,,,,,,,,,,,,,,,,,,,,,,,,,,,,,,,,,,,,,,,,,,,,,,,,,,,,,,,,,,,,,,,,,,,,,,,,,,,,,,,,,,,,,,,,,,,,,,,,,,,,,,,,,,,,,,,,,,,,,,,,,,,,,,,,,,,,,,,,,,,
1,1784546573388,20/07/2026 11:22:53,1784546573388,2,20/07/2026 13:22:53,273725,7,questionnaire-u8vu,,57309856,BLINDED,16381498,,complete,,,mobile,Apple iPhone,iOS 17.6.1,Facebook 567.0.0.27.106,414x896,414x710,,,0,Informacja do badania,4,CondLack,continue,,,,,,,,,,,,,,,,,,,,,,,,,,,,,,,,,,,,,,,,,,,,,,,,,,,,,,,,,,,,,,,,,,,info,,BEGIN,,,,,,,,,,,,,,,,,,,,,,,,,,,,,,,,,,,,,,,,,,,,,,,,,,,,,,,,,,,,,,,,,,,,,,,,,,,,,,,,,,,,,,,,,,,,,,,,,,,,,,,,,,,,,,,,,,,,,,,,,,,,,,,,,,,,,,,,,,,,,,,,,,,,,,,,,,,,,,,,,,,,,,,,,,,,,,,,,,,,,,,,,,,,,,,,,,,,,,,
1,1784546628239,20/07/2026 11:23:48,1784546628239,2,20/07/2026 13:23:48,273725,7,questionnaire-mxn9,,57309873,BLINDED,16381498,,complete,,,mobile,Apple iPhone,iOS 17.6.1,Facebook 567.0.0.27.106,414x896,414x710,,,0,1 CondLack version,8,CondLack,continue,,,6,6,7,7,6,6,7,7,7,7,7,7,5,5,7,7,5,5,6,6,1,1,5,5,2,2,5,5,4,4,6,6,2,2,4,4,2,2,6,6,1,1,5,5,2,2,3,3,1,1,3,3,1,1,4,4,1,1,3,3,,,,,info,,BEGIN,,,,,,,,,,,,,,,,,,,,,,,,,,,,,,,,,,,,,,,,,,,,,,,,,,,,,,,,,,,,,,,,,,,,,,,,,,,,,,,,,,,,,,,,,,,,,,,,,,,,,,,,,,,,,,,,,,,,,,,,,,,,,,,,,,,,,,,,,,,,,,,,,,,,,,,,,,,,,,,,,,,,,,,,,,,,,,,,,,,,,,,,,,,,,,,,,,,,,,,
1,1784546978709,20/07/2026 11:29:38,1784546978709,2,20/07/2026 13:29:38,273725,7,questionnaire-48tg,,57309940,BLINDED,16381498,,complete,,,mobile,Apple iPhone,iOS 17.6.1,Facebook 567.0.0.27.106,414x896,414x710,,,0,LackKontrolne,2,CondLack,continue,,,,,,,,,,,,,,,,,,,,,,,,,,,,,,,,,,,,,,,,,,,,,,,,,,,,,,,,,,,,,,,,,,,info,,BEGIN,,,,,,,NIE,2,,,,,,,,,,,,,,,,,,,,,,,,,,,,,,,,,,,,,,,,,,,,,,,,,,,,,,,,,,,,,,,,,,,,,,,,,,,,,,,,,,,,,,,,,,,,,,,,,,,,,,,,,,,,,,,,,,,,,,,,,,,,,,,,,,,,,,,,,,,,,,,,,,,,,,,,,,,,,,,,,,,,,,,,,,,,,,,,,,,,,,,,,,,,,,,
1,1784546992812,20/07/2026 11:29:52,1784546992812,2,20/07/2026 13:29:52,273725,7,questionnaire-whir,,57309949,BLINDED,16381498,,complete,,,mobile,Apple iPhone,iOS 17.6.1,Facebook 567.0.0.27.106,414x896,414x710,,,0,Pytania demograficzne,4,CondLack,continue,,,,,,,,,,,,,,,,,,,,,,,,,,,,,,,,,,,,,,,,,,,,,,,,,,,,,,,,,,,,,,,,,,,info,,BEGIN,,,,,,,,,,,Kobieta,2,19,w trakcie studiów,3,"Bardzo dobrze, język polski jest moim pierwszym językiem (językiem ojczystym)",1,1-2 semestry na studiach,2,,,,,,,,,,,,,,,,,,,,,,,,,,,,,,,,,,,,,,,,,,,,,,,,,,,,,,,,,,,,,,,,,,,,,,,,,,,,,,,,,,,,,,,,,,,,,,,,,,,,,,,,,,,,,,,,,,,,,,,,,,,,,,,,,,,,,,,,,,,,,,,,,,,,,,,,,,,,,,,,,,,,,,,,,,,,,,,,,,,,
1,1784546830350,20/07/2026 11:27:10,1784546830350,2,20/07/2026 13:27:10,273725,7,questionnaire-2hmd,,57309911,BLINDED,16381517,,complete,,,mobile,Apple iPhone,iOS 18.7,Mobile Safari 26.5.2,390x844,390x699,,,0,Kwestionariusz poczatkowy,11,AndLack,continue,TAK,1,,,,,,,,,,,,,,,,,,,,,,,,,,,,,,,,,,,,,,,,,,,,,,,,,,,,,,,,,,,,,,,,,info,,BEGIN,,,,,,,,,,,,,,,,,,,,,,,,,,,,,,,,,,,,,,,,,,,,,,,,,,,,,,,,,,,,,,,,,,,,,,,,,,,,,,,,,,,,,,,,,,,,,,,,,,,,,,,,,,,,,,,,,,,,,,,,,,,,,,,,,,,,,,,,,,,,,,,,,,,,,,,,,,,,,,,,,,,,,,,,,,,,,,,,,,,,,,,,,,,,,,,,,,,,,,,
1,1784546836505,20/07/2026 11:27:16,1784546836505,2,20/07/2026 13:27:16,273725,7,questionnaire-u8vu,,57309914,BLINDED,16381517,,complete,,,mobile,Apple iPhone,iOS 18.7,Mobile Safari 26.5.2,390x844,390x699,,,0,Informacja do badania,4,AndLack,continue,,,,,,,,,,,,,,,,,,,,,,,,,,,,,,,,,,,,,,,,,,,,,,,,,,,,,,,,,,,,,,,,,,,info,,BEGIN,,,,,,,,,,,,,,,,,,,,,,,,,,,,,,,,,,,,,,,,,,,,,,,,,,,,,,,,,,,,,,,,,,,,,,,,,,,,,,,,,,,,,,,,,,,,,,,,,,,,,,,,,,,,,,,,,,,,,,,,,,,,,,,,,,,,,,,,,,,,,,,,,,,,,,,,,,,,,,,,,,,,,,,,,,,,,,,,,,,,,,,,,,,,,,,,,,,,,,,
1,1784546856336,20/07/2026 11:27:36,1784546856336,2,20/07/2026 13:27:36,273725,7,questionnaire-apnj,,57309916,BLINDED,16381517,,complete,,,mobile,Apple iPhone,iOS 18.7,Mobile Safari 26.5.2,390x844,390x699,,,0,3 AndLack version,5,AndLack,continue,,,,,,,,,,,,,,,,,,,,,,,,,,,,,,,,,,,,,,,,,,,,,,,,,,,,,,,,,,,,,,,,,,,info,,BEGIN,,,,,,,,,,,,,,,,,,,,,,,,,,,,,,,,,,,,,,,,,,,,,,,,,,,,,,,,,,,,,,,,,,,,,,,,,,,,,,,,7,7,7,7,4,4,4,4,7,7,7,7,5,5,4,4,7,7,6,6,3,3,2,2,5,5,1,1,6,6,3,3,6,6,3,3,7,7,5,5,1,1,1,1,1,1,1,1,2,2,1,1,1,1,1,1,3,3,1,1,,,,,,,,,,,,,,,,,,,,,,,,,,,,,,,,,,,,,,,,,,,,,,,,,,,,,,,,,,,,
1,1784547097757,20/07/2026 11:31:37,1784547097757,2,20/07/2026 13:31:37,273725,7,questionnaire-48tg,,57309981,BLINDED,16381517,,complete,,,mobile,Apple iPhone,iOS 18.7,Mobile Safari 26.5.2,390x844,390x699,,,0,LackKontrolne,2,AndLack,continue,,,,,,,,,,,,,,,,,,,,,,,,,,,,,,,,,,,,,,,,,,,,,,,,,,,,,,,,,,,,,,,,,,,info,,BEGIN,,,,,,,NIE,2,,,,,,,,,,,,,,,,,,,,,,,,,,,,,,,,,,,,,,,,,,,,,,,,,,,,,,,,,,,,,,,,,,,,,,,,,,,,,,,,,,,,,,,,,,,,,,,,,,,,,,,,,,,,,,,,,,,,,,,,,,,,,,,,,,,,,,,,,,,,,,,,,,,,,,,,,,,,,,,,,,,,,,,,,,,,,,,,,,,,,,,,,,,,,,,
1,1784547114731,20/07/2026 11:31:54,1784547114731,2,20/07/2026 13:31:54,273725,7,questionnaire-whir,,57309990,BLINDED,16381517,,complete,,,mobile,Apple iPhone,iOS 18.7,Mobile Safari 26.5.2,390x844,390x699,,,0,Pytania demograficzne,4,AndLack,continue,,,,,,,,,,,,,,,,,,,,,,,,,,,,,,,,,,,,,,,,,,,,,,,,,,,,,,,,,,,,,,,,,,,info,,BEGIN,,,,,,,,,,,Kobieta,2,19,w trakcie studiów,3,Dobrze,3,Brak doświadczenia,4,,,,,,,,,,,,,,,,,,,,,,,,,,,,,,,,,,,,,,,,,,,,,,,,,,,,,,,,,,,,,,,,,,,,,,,,,,,,,,,,,,,,,,,,,,,,,,,,,,,,,,,,,,,,,,,,,,,,,,,,,,,,,,,,,,,,,,,,,,,,,,,,,,,,,,,,,,,,,,,,,,,,,,,,,,,,,,,,,,,,
1,1784570562828,20/07/2026 18:02:42,1784570562828,2,20/07/2026 20:02:42,273725,7,questionnaire-2hmd,,57319409,BLINDED,16384111,,complete,,,mobile,Apple iPhone,iOS 18.7,Mobile Safari 26.5,393x852,393x655,,,0,Kwestionariusz poczatkowy,11,AndLack,continue,TAK,1,,,,,,,,,,,,,,,,,,,,,,,,,,,,,,,,,,,,,,,,,,,,,,,,,,,,,,,,,,,,,,,,,info,,BEGIN,,,,,,,,,,,,,,,,,,,,,,,,,,,,,,,,,,,,,,,,,,,,,,,,,,,,,,,,,,,,,,,,,,,,,,,,,,,,,,,,,,,,,,,,,,,,,,,,,,,,,,,,,,,,,,,,,,,,,,,,,,,,,,,,,,,,,,,,,,,,,,,,,,,,,,,,,,,,,,,,,,,,,,,,,,,,,,,,,,,,,,,,,,,,,,,,,,,,,,,
1,1784570573860,20/07/2026 18:02:53,1784570573860,2,20/07/2026 20:02:53,273725,7,questionnaire-u8vu,,57319411,BLINDED,16384111,,complete,,,mobile,Apple iPhone,iOS 18.7,Mobile Safari 26.5,393x852,393x695,,,0,Informacja do badania,4,AndLack,continue,,,,,,,,,,,,,,,,,,,,,,,,,,,,,,,,,,,,,,,,,,,,,,,,,,,,,,,,,,,,,,,,,,,info,,BEGIN,,,,,,,,,,,,,,,,,,,,,,,,,,,,,,,,,,,,,,,,,,,,,,,,,,,,,,,,,,,,,,,,,,,,,,,,,,,,,,,,,,,,,,,,,,,,,,,,,,,,,,,,,,,,,,,,,,,,,,,,,,,,,,,,,,,,,,,,,,,,,,,,,,,,,,,,,,,,,,,,,,,,,,,,,,,,,,,,,,,,,,,,,,,,,,,,,,,,,,,
1,1784570599013,20/07/2026 18:03:19,1784570599013,2,20/07/2026 20:03:19,273725,7,questionnaire-apnj,,57319413,BLINDED,16384111,,complete,,,mobile,Apple iPhone,iOS 18.7,Mobile Safari 26.5,393x852,393x695,,,0,3 AndLack version,5,AndLack,continue,,,,,,,,,,,,,,,,,,,,,,,,,,,,,,,,,,,,,,,,,,,,,,,,,,,,,,,,,,,,,,,,,,,info,,BEGIN,,,,,,,,,,,,,,,,,,,,,,,,,,,,,,,,,,,,,,,,,,,,,,,,,,,,,,,,,,,,,,,,,,,,,,,,,,,,,,,,6,6,6,6,7,7,6,6,7,7,7,7,7,7,4,4,6,6,5,5,7,7,7,7,7,7,6,6,6,6,5,5,7,7,5,5,7,7,7,7,2,2,1,1,4,4,1,1,5,5,3,3,3,3,2,2,4,4,2,2,,,,,,,,,,,,,,,,,,,,,,,,,,,,,,,,,,,,,,,,,,,,,,,,,,,,,,,,,,,,
1,1784570807712,20/07/2026 18:06:47,1784570807712,2,20/07/2026 20:06:47,273725,7,questionnaire-48tg,,57319469,BLINDED,16384111,,complete,,,mobile,Apple iPhone,iOS 18.7,Mobile Safari 26.5,393x852,393x695,,,0,LackKontrolne,2,AndLack,continue,,,,,,,,,,,,,,,,,,,,,,,,,,,,,,,,,,,,,,,,,,,,,,,,,,,,,,,,,,,,,,,,,,,info,,BEGIN,,,,,,,TAK,1,,,,,,,,,,,,,,,,,,,,,,,,,,,,,,,,,,,,,,,,,,,,,,,,,,,,,,,,,,,,,,,,,,,,,,,,,,,,,,,,,,,,,,,,,,,,,,,,,,,,,,,,,,,,,,,,,,,,,,,,,,,,,,,,,,,,,,,,,,,,,,,,,,,,,,,,,,,,,,,,,,,,,,,,,,,,,,,,,,,,,,,,,,,,,,,
1,1784570823347,20/07/2026 18:07:03,1784570823347,2,20/07/2026 20:07:03,273725,7,questionnaire-whir,,57319474,BLINDED,16384111,,complete,,,mobile,Apple iPhone,iOS 18.7,Mobile Safari 26.5,393x852,393x695,,,0,Pytania demograficzne,4,AndLack,continue,,,,,,,,,,,,,,,,,,,,,,,,,,,,,,,,,,,,,,,,,,,,,,,,,,,,,,,,,,,,,,,,,,,info,,BEGIN,,,,,,,,,,,Kobieta,2,28,wykształcenie wyższe,4,"Bardzo dobrze, język polski jest moim pierwszym językiem (językiem ojczystym)",1,Brak doświadczenia,4,,,,,,,,,,,,,,,,,,,,,,,,,,,,,,,,,,,,,,,,,,,,,,,,,,,,,,,,,,,,,,,,,,,,,,,,,,,,,,,,,,,,,,,,,,,,,,,,,,,,,,,,,,,,,,,,,,,,,,,,,,,,,,,,,,,,,,,,,,,,,,,,,,,,,,,,,,,,,,,,,,,,,,,,,,,,,,,,,,,,
1,1784571038390,20/07/2026 18:10:38,1784571038390,2,20/07/2026 20:10:38,273725,7,questionnaire-2hmd,,57319527,BLINDED,16384140,,complete,,,mobile,Apple iPhone,iOS 18.7,Facebook 570.0.0.20.108,393x852,393x655,,,0,Kwestionariusz poczatkowy,11,CondWith,continue,TAK,1,,,,,,,,,,,,,,,,,,,,,,,,,,,,,,,,,,,,,,,,,,,,,,,,,,,,,,,,,,,,,,,,,info,,BEGIN,,,,,,,,,,,,,,,,,,,,,,,,,,,,,,,,,,,,,,,,,,,,,,,,,,,,,,,,,,,,,,,,,,,,,,,,,,,,,,,,,,,,,,,,,,,,,,,,,,,,,,,,,,,,,,,,,,,,,,,,,,,,,,,,,,,,,,,,,,,,,,,,,,,,,,,,,,,,,,,,,,,,,,,,,,,,,,,,,,,,,,,,,,,,,,,,,,,,,,,
1,1784571049285,20/07/2026 18:10:49,1784571049285,2,20/07/2026 20:10:49,273725,7,questionnaire-u8vu,,57319535,BLINDED,16384140,,complete,,,mobile,Apple iPhone,iOS 18.7,Facebook 570.0.0.20.108,393x852,393x655,,,0,Informacja do badania,4,CondWith,continue,,,,,,,,,,,,,,,,,,,,,,,,,,,,,,,,,,,,,,,,,,,,,,,,,,,,,,,,,,,,,,,,,,,info,,BEGIN,,,,,,,,,,,,,,,,,,,,,,,,,,,,,,,,,,,,,,,,,,,,,,,,,,,,,,,,,,,,,,,,,,,,,,,,,,,,,,,,,,,,,,,,,,,,,,,,,,,,,,,,,,,,,,,,,,,,,,,,,,,,,,,,,,,,,,,,,,,,,,,,,,,,,,,,,,,,,,,,,,,,,,,,,,,,,,,,,,,,,,,,,,,,,,,,,,,,,,,
1,1784571058844,20/07/2026 18:10:58,1784571058844,2,20/07/2026 20:10:58,273725,7,questionnaire-84x1,,57319537,BLINDED,16384140,,complete,,,mobile,Apple iPhone,iOS 18.7,Facebook 570.0.0.20.108,393x852,393x655,,,0,2 CondWith version,5,CondWith,continue,,,,,,,,,,,,,,,,,,,,,,,,,,,,,,,,,,,,,,,,,,,,,,,,,,,,,,,,,,,,,,,,,,,info,,BEGIN,,,,,,,,,,,,,,,,,,,,6,6,6,6,6,6,6,6,5,5,6,6,7,7,7,7,5,5,5,5,3,3,3,3,3,3,2,2,3,3,2,2,3,3,3,3,3,3,2,2,2,2,2,2,1,1,1,1,2,2,2,2,1,1,1,1,2,2,2,2,,,,,,,,,,,,,,,,,,,,,,,,,,,,,,,,,,,,,,,,,,,,,,,,,,,,,,,,,,,,,,,,,,,,,,,,,,,,,,,,,,,,,,,,,,,,,,,,,,,,,,,,,,,,,,,,,,,,,,,,
1,1784571236069,20/07/2026 18:13:56,1784571236069,2,20/07/2026 20:13:56,273725,7,questionnaire-knkh,,57319571,BLINDED,16384140,,complete,,,mobile,Apple iPhone,iOS 18.7,Facebook 570.0.0.20.108,393x852,393x655,,,0,WithKontrolne,2,CondWith,continue,,,,,,,,,,,,,,,,,,,,,,,,,,,,,,,,,,,,,,,,,,,,,,,,,,,,,,,,,,,,,,,,,,,info,,BEGIN,,,,,,,,,TAK,1,,,,,,,,,,,,,,,,,,,,,,,,,,,,,,,,,,,,,,,,,,,,,,,,,,,,,,,,,,,,,,,,,,,,,,,,,,,,,,,,,,,,,,,,,,,,,,,,,,,,,,,,,,,,,,,,,,,,,,,,,,,,,,,,,,,,,,,,,,,,,,,,,,,,,,,,,,,,,,,,,,,,,,,,,,,,,,,,,,,,,,,,,,,,,
1,1784571249416,20/07/2026 18:14:09,1784571249416,2,20/07/2026 20:14:09,273725,7,questionnaire-whir,,57319574,BLINDED,16384140,,complete,,,mobile,Apple iPhone,iOS 18.7,Facebook 570.0.0.20.108,393x852,393x655,,,0,Pytania demograficzne,4,CondWith,continue,,,,,,,,,,,,,,,,,,,,,,,,,,,,,,,,,,,,,,,,,,,,,,,,,,,,,,,,,,,,,,,,,,,info,,BEGIN,,,,,,,,,,,Kobieta,2,27,wykształcenie wyższe,4,"Bardzo dobrze, język polski jest moim pierwszym językiem (językiem ojczystym)",1,Brak doświadczenia,4,,,,,,,,,,,,,,,,,,,,,,,,,,,,,,,,,,,,,,,,,,,,,,,,,,,,,,,,,,,,,,,,,,,,,,,,,,,,,,,,,,,,,,,,,,,,,,,,,,,,,,,,,,,,,,,,,,,,,,,,,,,,,,,,,,,,,,,,,,,,,,,,,,,,,,,,,,,,,,,,,,,,,,,,,,,,,,,,,,,,
1,1784572704277,20/07/2026 18:38:24,1784572704277,2,20/07/2026 20:38:24,273725,7,questionnaire-2hmd,,57320258,BLINDED,16384401,,complete,,,mobile,Apple iPhone,iOS 18.7,Mobile Safari 26.5.2,402x874,402x714,,,0,Kwestionariusz poczatkowy,11,CondWith,continue,TAK,1,,,,,,,,,,,,,,,,,,,,,,,,,,,,,,,,,,,,,,,,,,,,,,,,,,,,,,,,,,,,,,,,,info,,BEGIN,,,,,,,,,,,,,,,,,,,,,,,,,,,,,,,,,,,,,,,,,,,,,,,,,,,,,,,,,,,,,,,,,,,,,,,,,,,,,,,,,,,,,,,,,,,,,,,,,,,,,,,,,,,,,,,,,,,,,,,,,,,,,,,,,,,,,,,,,,,,,,,,,,,,,,,,,,,,,,,,,,,,,,,,,,,,,,,,,,,,,,,,,,,,,,,,,,,,,,,
1,1784572724664,20/07/2026 18:38:44,1784572724664,2,20/07/2026 20:38:44,273725,7,questionnaire-u8vu,,57320264,BLINDED,16384401,,complete,,,mobile,Apple iPhone,iOS 18.7,Mobile Safari 26.5.2,402x874,402x714,,,0,Informacja do badania,4,CondWith,continue,,,,,,,,,,,,,,,,,,,,,,,,,,,,,,,,,,,,,,,,,,,,,,,,,,,,,,,,,,,,,,,,,,,info,,BEGIN,,,,,,,,,,,,,,,,,,,,,,,,,,,,,,,,,,,,,,,,,,,,,,,,,,,,,,,,,,,,,,,,,,,,,,,,,,,,,,,,,,,,,,,,,,,,,,,,,,,,,,,,,,,,,,,,,,,,,,,,,,,,,,,,,,,,,,,,,,,,,,,,,,,,,,,,,,,,,,,,,,,,,,,,,,,,,,,,,,,,,,,,,,,,,,,,,,,,,,,
1,1784572738726,20/07/2026 18:38:58,1784572738726,2,20/07/2026 20:38:58,273725,7,questionnaire-84x1,,57320272,BLINDED,16384401,,complete,,,mobile,Apple iPhone,iOS 18.7,Mobile Safari 26.5.2,402x874,402x714,,,0,2 CondWith version,5,CondWith,continue,,,,,,,,,,,,,,,,,,,,,,,,,,,,,,,,,,,,,,,,,,,,,,,,,,,,,,,,,,,,,,,,,,,info,,BEGIN,,,,,,,,,,,,,,,,,,,,7,7,7,7,7,7,7,7,7,7,7,7,7,7,7,7,6,6,4,4,3,3,5,5,3,3,1,1,2,2,2,2,3,3,1,1,2,2,2,2,3,3,3,3,3,3,1,1,3,3,3,3,3,3,1,1,2,2,1,1,,,,,,,,,,,,,,,,,,,,,,,,,,,,,,,,,,,,,,,,,,,,,,,,,,,,,,,,,,,,,,,,,,,,,,,,,,,,,,,,,,,,,,,,,,,,,,,,,,,,,,,,,,,,,,,,,,,,,,,,
1,1784572891445,20/07/2026 18:41:31,1784572891445,2,20/07/2026 20:41:31,273725,7,questionnaire-knkh,,57320331,BLINDED,16384401,,complete,,,mobile,Apple iPhone,iOS 18.7,Mobile Safari 26.5.2,402x874,402x714,,,0,WithKontrolne,2,CondWith,continue,,,,,,,,,,,,,,,,,,,,,,,,,,,,,,,,,,,,,,,,,,,,,,,,,,,,,,,,,,,,,,,,,,,info,,BEGIN,,,,,,,,,TAK,1,,,,,,,,,,,,,,,,,,,,,,,,,,,,,,,,,,,,,,,,,,,,,,,,,,,,,,,,,,,,,,,,,,,,,,,,,,,,,,,,,,,,,,,,,,,,,,,,,,,,,,,,,,,,,,,,,,,,,,,,,,,,,,,,,,,,,,,,,,,,,,,,,,,,,,,,,,,,,,,,,,,,,,,,,,,,,,,,,,,,,,,,,,,,,
1,1784572903077,20/07/2026 18:41:43,1784572903077,2,20/07/2026 20:41:43,273725,7,questionnaire-whir,,57320339,BLINDED,16384401,,complete,,,mobile,Apple iPhone,iOS 18.7,Mobile Safari 26.5.2,402x874,402x714,,,0,Pytania demograficzne,4,CondWith,continue,,,,,,,,,,,,,,,,,,,,,,,,,,,,,,,,,,,,,,,,,,,,,,,,,,,,,,,,,,,,,,,,,,,info,,BEGIN,,,,,,,,,,,Kobieta,2,28,wykształcenie wyższe,4,"Bardzo dobrze, język polski jest moim pierwszym językiem (językiem ojczystym)",1,Brak doświadczenia,4,,,,,,,,,,,,,,,,,,,,,,,,,,,,,,,,,,,,,,,,,,,,,,,,,,,,,,,,,,,,,,,,,,,,,,,,,,,,,,,,,,,,,,,,,,,,,,,,,,,,,,,,,,,,,,,,,,,,,,,,,,,,,,,,,,,,,,,,,,,,,,,,,,,,,,,,,,,,,,,,,,,,,,,,,,,,,,,,,,,,
1,1784575056413,20/07/2026 19:17:36,1784575056413,2,20/07/2026 21:17:36,273725,7,questionnaire-2hmd,,57321089,BLINDED,16384659,,complete,,,mobile,Apple iPhone,iOS 18.7,Facebook 570.0.0.20.108,390x844,390x659,,,0,Kwestionariusz poczatkowy,11,CondWith,continue,TAK,1,,,,,,,,,,,,,,,,,,,,,,,,,,,,,,,,,,,,,,,,,,,,,,,,,,,,,,,,,,,,,,,,,info,,BEGIN,,,,,,,,,,,,,,,,,,,,,,,,,,,,,,,,,,,,,,,,,,,,,,,,,,,,,,,,,,,,,,,,,,,,,,,,,,,,,,,,,,,,,,,,,,,,,,,,,,,,,,,,,,,,,,,,,,,,,,,,,,,,,,,,,,,,,,,,,,,,,,,,,,,,,,,,,,,,,,,,,,,,,,,,,,,,,,,,,,,,,,,,,,,,,,,,,,,,,,,
1,1784575068229,20/07/2026 19:17:48,1784575068229,2,20/07/2026 21:17:48,273725,7,questionnaire-u8vu,,57321092,BLINDED,16384659,,complete,,,mobile,Apple iPhone,iOS 18.7,Facebook 570.0.0.20.108,390x844,390x659,,,0,Informacja do badania,4,CondWith,continue,,,,,,,,,,,,,,,,,,,,,,,,,,,,,,,,,,,,,,,,,,,,,,,,,,,,,,,,,,,,,,,,,,,info,,BEGIN,,,,,,,,,,,,,,,,,,,,,,,,,,,,,,,,,,,,,,,,,,,,,,,,,,,,,,,,,,,,,,,,,,,,,,,,,,,,,,,,,,,,,,,,,,,,,,,,,,,,,,,,,,,,,,,,,,,,,,,,,,,,,,,,,,,,,,,,,,,,,,,,,,,,,,,,,,,,,,,,,,,,,,,,,,,,,,,,,,,,,,,,,,,,,,,,,,,,,,,
1,1784575076963,20/07/2026 19:17:56,1784575076963,2,20/07/2026 21:17:56,273725,7,questionnaire-84x1,,57321094,BLINDED,16384659,,complete,,,mobile,Apple iPhone,iOS 18.7,Facebook 570.0.0.20.108,390x844,390x659,,,0,2 CondWith version,5,CondWith,continue,,,,,,,,,,,,,,,,,,,,,,,,,,,,,,,,,,,,,,,,,,,,,,,,,,,,,,,,,,,,,,,,,,,info,,BEGIN,,,,,,,,,,,,,,,,,,,,4,4,2,2,4,4,4,4,1,1,7,7,7,7,4,4,3,3,2,2,2,2,2,2,2,2,2,2,1,1,1,1,2,2,2,2,4,4,4,4,1,1,1,1,1,1,1,1,1,1,1,1,1,1,1,1,1,1,1,1,,,,,,,,,,,,,,,,,,,,,,,,,,,,,,,,,,,,,,,,,,,,,,,,,,,,,,,,,,,,,,,,,,,,,,,,,,,,,,,,,,,,,,,,,,,,,,,,,,,,,,,,,,,,,,,,,,,,,,,,
1,1784575343803,20/07/2026 19:22:23,1784575343803,2,20/07/2026 21:22:23,273725,7,questionnaire-knkh,,57321200,BLINDED,16384659,,complete,,,mobile,Apple iPhone,iOS 18.7,Facebook 570.0.0.20.108,390x844,390x659,,,0,WithKontrolne,2,CondWith,continue,,,,,,,,,,,,,,,,,,,,,,,,,,,,,,,,,,,,,,,,,,,,,,,,,,,,,,,,,,,,,,,,,,,info,,BEGIN,,,,,,,,,TAK,1,,,,,,,,,,,,,,,,,,,,,,,,,,,,,,,,,,,,,,,,,,,,,,,,,,,,,,,,,,,,,,,,,,,,,,,,,,,,,,,,,,,,,,,,,,,,,,,,,,,,,,,,,,,,,,,,,,,,,,,,,,,,,,,,,,,,,,,,,,,,,,,,,,,,,,,,,,,,,,,,,,,,,,,,,,,,,,,,,,,,,,,,,,,,,
1,1784575354631,20/07/2026 19:22:34,1784575354631,2,20/07/2026 21:22:34,273725,7,questionnaire-whir,,57321208,BLINDED,16384659,,complete,,,mobile,Apple iPhone,iOS 18.7,Facebook 570.0.0.20.108,390x844,390x659,,,0,Pytania demograficzne,4,CondWith,continue,,,,,,,,,,,,,,,,,,,,,,,,,,,,,,,,,,,,,,,,,,,,,,,,,,,,,,,,,,,,,,,,,,,info,,BEGIN,,,,,,,,,,,Kobieta,2,29,wykształcenie wyższe,4,"Bardzo dobrze, język polski jest moim pierwszym językiem (językiem ojczystym)",1,Brak doświadczenia,4,,,,,,,,,,,,,,,,,,,,,,,,,,,,,,,,,,,,,,,,,,,,,,,,,,,,,,,,,,,,,,,,,,,,,,,,,,,,,,,,,,,,,,,,,,,,,,,,,,,,,,,,,,,,,,,,,,,,,,,,,,,,,,,,,,,,,,,,,,,,,,,,,,,,,,,,,,,,,,,,,,,,,,,,,,,,,,,,,,,,
1,1784611681284,21/07/2026 05:28:01,1784611681284,2,21/07/2026 07:28:01,273725,7,questionnaire-2hmd,,57325317,BLINDED,16386238,,complete,,,mobile,Apple iPhone,iOS 18.7,Facebook 570.0.0.20.108,393x852,393x655,,,0,Kwestionariusz poczatkowy,11,AndWith,continue,TAK,1,,,,,,,,,,,,,,,,,,,,,,,,,,,,,,,,,,,,,,,,,,,,,,,,,,,,,,,,,,,,,,,,,info,,BEGIN,,,,,,,,,,,,,,,,,,,,,,,,,,,,,,,,,,,,,,,,,,,,,,,,,,,,,,,,,,,,,,,,,,,,,,,,,,,,,,,,,,,,,,,,,,,,,,,,,,,,,,,,,,,,,,,,,,,,,,,,,,,,,,,,,,,,,,,,,,,,,,,,,,,,,,,,,,,,,,,,,,,,,,,,,,,,,,,,,,,,,,,,,,,,,,,,,,,,,,,
1,1784611769885,21/07/2026 05:29:29,1784611769885,2,21/07/2026 07:29:29,273725,7,questionnaire-u8vu,,57325333,BLINDED,16386238,,complete,,,mobile,Apple iPhone,iOS 18.7,Facebook 570.0.0.20.108,393x852,393x655,,,0,Informacja do badania,4,AndWith,continue,,,,,,,,,,,,,,,,,,,,,,,,,,,,,,,,,,,,,,,,,,,,,,,,,,,,,,,,,,,,,,,,,,,info,,BEGIN,,,,,,,,,,,,,,,,,,,,,,,,,,,,,,,,,,,,,,,,,,,,,,,,,,,,,,,,,,,,,,,,,,,,,,,,,,,,,,,,,,,,,,,,,,,,,,,,,,,,,,,,,,,,,,,,,,,,,,,,,,,,,,,,,,,,,,,,,,,,,,,,,,,,,,,,,,,,,,,,,,,,,,,,,,,,,,,,,,,,,,,,,,,,,,,,,,,,,,,
1,1784611776093,21/07/2026 05:29:36,1784611776093,2,21/07/2026 07:29:36,273725,7,questionnaire-nrov,,57325336,BLINDED,16386238,,complete,,,mobile,Apple iPhone,iOS 18.7,Facebook 570.0.0.20.108,393x852,393x655,,,0,4 AndWith version,5,AndWith,continue,,,,,,,,,,,,,,,,,,,,,,,,,,,,,,,,,,,,,,,,,,,,,,,,,,,,,,,,,,,,,,,,,,,info,,BEGIN,,,,,,,,,,,,,,,,,,,,,,,,,,,,,,,,,,,,,,,,,,,,,,,,,,,,,,,,,,,,,,,,,,,,,,,,,,,,,,,,,,,,,,,,,,,,,,,,,,,,,,,,,,,,,,,,,,,,,,,,,,,,,,,,,,,,,,,,,,,,4,4,3,3,7,7,5,5,3,3,3,3,7,7,7,7,2,2,1,1,1,1,1,1,1,1,2,2,2,2,1,1,1,1,1,1,1,1,1,1,1,1,1,1,1,1,1,1,1,1,1,1,1,1,1,1,1,1,1,1
1,1784611962982,21/07/2026 05:32:42,1784611962982,2,21/07/2026 07:32:42,273725,7,questionnaire-knkh,,57325375,BLINDED,16386238,,complete,,,mobile,Apple iPhone,iOS 18.7,Facebook 570.0.0.20.108,393x852,393x655,,,0,WithKontrolne,2,AndWith,continue,,,,,,,,,,,,,,,,,,,,,,,,,,,,,,,,,,,,,,,,,,,,,,,,,,,,,,,,,,,,,,,,,,,info,,BEGIN,,,,,,,,,TAK,1,,,,,,,,,,,,,,,,,,,,,,,,,,,,,,,,,,,,,,,,,,,,,,,,,,,,,,,,,,,,,,,,,,,,,,,,,,,,,,,,,,,,,,,,,,,,,,,,,,,,,,,,,,,,,,,,,,,,,,,,,,,,,,,,,,,,,,,,,,,,,,,,,,,,,,,,,,,,,,,,,,,,,,,,,,,,,,,,,,,,,,,,,,,,,
1,1784611975210,21/07/2026 05:32:55,1784611975210,2,21/07/2026 07:32:55,273725,7,questionnaire-whir,,57325378,BLINDED,16386238,,complete,,,mobile,Apple iPhone,iOS 18.7,Facebook 570.0.0.20.108,393x852,393x655,,,0,Pytania demograficzne,4,AndWith,continue,,,,,,,,,,,,,,,,,,,,,,,,,,,,,,,,,,,,,,,,,,,,,,,,,,,,,,,,,,,,,,,,,,,info,,BEGIN,,,,,,,,,,,Kobieta,2,29,wykształcenie wyższe,4,"Bardzo dobrze, język polski jest moim pierwszym językiem (językiem ojczystym)",1,Brak doświadczenia,4,,,,,,,,,,,,,,,,,,,,,,,,,,,,,,,,,,,,,,,,,,,,,,,,,,,,,,,,,,,,,,,,,,,,,,,,,,,,,,,,,,,,,,,,,,,,,,,,,,,,,,,,,,,,,,,,,,,,,,,,,,,,,,,,,,,,,,,,,,,,,,,,,,,,,,,,,,,,,,,,,,,,,,,,,,,,,,,,,,,,
1,1784698770135,22/07/2026 05:39:30,1784698770135,2,22/07/2026 07:39:30,273725,7,questionnaire-2hmd,,57346238,BLINDED,16392173,,complete,,,computer,Desktop or Laptop,Mac OS 10.15.7,Opera 133.0.0.0,1440x900,1388x785,,,0,Kwestionariusz poczatkowy,11,CondLack,continue,TAK,1,,,,,,,,,,,,,,,,,,,,,,,,,,,,,,,,,,,,,,,,,,,,,,,,,,,,,,,,,,,,,,,,,info,,BEGIN,,,,,,,,,,,,,,,,,,,,,,,,,,,,,,,,,,,,,,,,,,,,,,,,,,,,,,,,,,,,,,,,,,,,,,,,,,,,,,,,,,,,,,,,,,,,,,,,,,,,,,,,,,,,,,,,,,,,,,,,,,,,,,,,,,,,,,,,,,,,,,,,,,,,,,,,,,,,,,,,,,,,,,,,,,,,,,,,,,,,,,,,,,,,,,,,,,,,,,,
1,1784698777294,22/07/2026 05:39:37,1784698777294,2,22/07/2026 07:39:37,273725,7,questionnaire-u8vu,,57346242,BLINDED,16392173,,complete,,,computer,Desktop or Laptop,Mac OS 10.15.7,Opera 133.0.0.0,1440x900,1388x785,,,0,Informacja do badania,4,CondLack,continue,,,,,,,,,,,,,,,,,,,,,,,,,,,,,,,,,,,,,,,,,,,,,,,,,,,,,,,,,,,,,,,,,,,info,,BEGIN,,,,,,,,,,,,,,,,,,,,,,,,,,,,,,,,,,,,,,,,,,,,,,,,,,,,,,,,,,,,,,,,,,,,,,,,,,,,,,,,,,,,,,,,,,,,,,,,,,,,,,,,,,,,,,,,,,,,,,,,,,,,,,,,,,,,,,,,,,,,,,,,,,,,,,,,,,,,,,,,,,,,,,,,,,,,,,,,,,,,,,,,,,,,,,,,,,,,,,,
1,1784698796719,22/07/2026 05:39:56,1784698796719,2,22/07/2026 07:39:56,273725,7,questionnaire-mxn9,,57346247,BLINDED,16392173,,complete,,,computer,Desktop or Laptop,Mac OS 10.15.7,Opera 133.0.0.0,1440x900,1388x785,,,0,1 CondLack version,8,CondLack,continue,,,7,7,7,7,6,6,2,2,7,7,6,6,7,7,7,7,7,7,7,7,4,4,3,3,3,3,1,1,2,2,2,2,5,5,2,2,6,6,2,2,3,3,1,1,2,2,1,1,1,1,1,1,2,2,1,1,4,4,1,1,,,,,info,,BEGIN,,,,,,,,,,,,,,,,,,,,,,,,,,,,,,,,,,,,,,,,,,,,,,,,,,,,,,,,,,,,,,,,,,,,,,,,,,,,,,,,,,,,,,,,,,,,,,,,,,,,,,,,,,,,,,,,,,,,,,,,,,,,,,,,,,,,,,,,,,,,,,,,,,,,,,,,,,,,,,,,,,,,,,,,,,,,,,,,,,,,,,,,,,,,,,,,,,,,,,,
1,1784698976576,22/07/2026 05:42:56,1784698976576,2,22/07/2026 07:42:56,273725,7,questionnaire-48tg,,57346269,BLINDED,16392173,,complete,,,computer,Desktop or Laptop,Mac OS 10.15.7,Opera 133.0.0.0,1440x900,1388x785,,,0,LackKontrolne,2,CondLack,continue,,,,,,,,,,,,,,,,,,,,,,,,,,,,,,,,,,,,,,,,,,,,,,,,,,,,,,,,,,,,,,,,,,,info,,BEGIN,,,,,,,NIE,2,,,,,,,,,,,,,,,,,,,,,,,,,,,,,,,,,,,,,,,,,,,,,,,,,,,,,,,,,,,,,,,,,,,,,,,,,,,,,,,,,,,,,,,,,,,,,,,,,,,,,,,,,,,,,,,,,,,,,,,,,,,,,,,,,,,,,,,,,,,,,,,,,,,,,,,,,,,,,,,,,,,,,,,,,,,,,,,,,,,,,,,,,,,,,,,
1,1784698986229,22/07/2026 05:43:06,1784698986229,2,22/07/2026 07:43:06,273725,7,questionnaire-whir,,57346272,BLINDED,16392173,,complete,,,computer,Desktop or Laptop,Mac OS 10.15.7,Opera 133.0.0.0,1440x900,1388x785,,,0,Pytania demograficzne,4,CondLack,continue,,,,,,,,,,,,,,,,,,,,,,,,,,,,,,,,,,,,,,,,,,,,,,,,,,,,,,,,,,,,,,,,,,,info,,BEGIN,,,,,,,,,,,Kobieta,2,24,w trakcie studiów,3,"Bardzo dobrze, język polski jest moim pierwszym językiem (językiem ojczystym)",1,1-2 semestry na studiach,2,,,,,,,,,,,,,,,,,,,,,,,,,,,,,,,,,,,,,,,,,,,,,,,,,,,,,,,,,,,,,,,,,,,,,,,,,,,,,,,,,,,,,,,,,,,,,,,,,,,,,,,,,,,,,,,,,,,,,,,,,,,,,,,,,,,,,,,,,,,,,,,,,,,,,,,,,,,,,,,,,,,,,,,,,,,,,,,,,,,,
1,1784716026346,22/07/2026 10:27:06,1784716026346,2,22/07/2026 12:27:06,273725,7,questionnaire-2hmd,,57352533,BLINDED,16393819,,complete,,,mobile,Apple iPhone,iOS 18.7,Facebook 570.0.0.20.108,402x874,402x674,,,0,Kwestionariusz poczatkowy,11,CondWith,continue,TAK,1,,,,,,,,,,,,,,,,,,,,,,,,,,,,,,,,,,,,,,,,,,,,,,,,,,,,,,,,,,,,,,,,,info,,BEGIN,,,,,,,,,,,,,,,,,,,,,,,,,,,,,,,,,,,,,,,,,,,,,,,,,,,,,,,,,,,,,,,,,,,,,,,,,,,,,,,,,,,,,,,,,,,,,,,,,,,,,,,,,,,,,,,,,,,,,,,,,,,,,,,,,,,,,,,,,,,,,,,,,,,,,,,,,,,,,,,,,,,,,,,,,,,,,,,,,,,,,,,,,,,,,,,,,,,,,,,
1,1784716032239,22/07/2026 10:27:12,1784716032239,2,22/07/2026 12:27:12,273725,7,questionnaire-u8vu,,57352535,BLINDED,16393819,,complete,,,mobile,Apple iPhone,iOS 18.7,Facebook 570.0.0.20.108,402x874,402x674,,,0,Informacja do badania,4,CondWith,continue,,,,,,,,,,,,,,,,,,,,,,,,,,,,,,,,,,,,,,,,,,,,,,,,,,,,,,,,,,,,,,,,,,,info,,BEGIN,,,,,,,,,,,,,,,,,,,,,,,,,,,,,,,,,,,,,,,,,,,,,,,,,,,,,,,,,,,,,,,,,,,,,,,,,,,,,,,,,,,,,,,,,,,,,,,,,,,,,,,,,,,,,,,,,,,,,,,,,,,,,,,,,,,,,,,,,,,,,,,,,,,,,,,,,,,,,,,,,,,,,,,,,,,,,,,,,,,,,,,,,,,,,,,,,,,,,,,
1,1784716047836,22/07/2026 10:27:27,1784716047836,2,22/07/2026 12:27:27,273725,7,questionnaire-84x1,,57352540,BLINDED,16393819,,complete,,,mobile,Apple iPhone,iOS 18.7,Facebook 570.0.0.20.108,402x874,402x674,,,0,2 CondWith version,5,CondWith,continue,,,,,,,,,,,,,,,,,,,,,,,,,,,,,,,,,,,,,,,,,,,,,,,,,,,,,,,,,,,,,,,,,,,info,,BEGIN,,,,,,,,,,,,,,,,,,,,4,4,5,5,7,7,5,5,4,4,4,4,7,7,5,5,7,7,5,5,4,4,4,4,1,1,4,4,1,1,5,5,1,1,1,1,1,1,1,1,1,1,1,1,1,1,1,1,1,1,1,1,1,1,1,1,4,4,3,3,,,,,,,,,,,,,,,,,,,,,,,,,,,,,,,,,,,,,,,,,,,,,,,,,,,,,,,,,,,,,,,,,,,,,,,,,,,,,,,,,,,,,,,,,,,,,,,,,,,,,,,,,,,,,,,,,,,,,,,,
1,1784716195140,22/07/2026 10:29:55,1784716195140,2,22/07/2026 12:29:55,273725,7,questionnaire-knkh,,57352655,BLINDED,16393819,,complete,,,mobile,Apple iPhone,iOS 18.7,Facebook 570.0.0.20.108,402x874,402x674,,,0,WithKontrolne,2,CondWith,continue,,,,,,,,,,,,,,,,,,,,,,,,,,,,,,,,,,,,,,,,,,,,,,,,,,,,,,,,,,,,,,,,,,,info,,BEGIN,,,,,,,,,NIE,2,,,,,,,,,,,,,,,,,,,,,,,,,,,,,,,,,,,,,,,,,,,,,,,,,,,,,,,,,,,,,,,,,,,,,,,,,,,,,,,,,,,,,,,,,,,,,,,,,,,,,,,,,,,,,,,,,,,,,,,,,,,,,,,,,,,,,,,,,,,,,,,,,,,,,,,,,,,,,,,,,,,,,,,,,,,,,,,,,,,,,,,,,,,,,
1,1784716206304,22/07/2026 10:30:06,1784716206304,2,22/07/2026 12:30:06,273725,7,questionnaire-whir,,57352661,BLINDED,16393819,,complete,,,mobile,Apple iPhone,iOS 18.7,Facebook 570.0.0.20.108,402x874,402x674,,,0,Pytania demograficzne,4,CondWith,continue,,,,,,,,,,,,,,,,,,,,,,,,,,,,,,,,,,,,,,,,,,,,,,,,,,,,,,,,,,,,,,,,,,,info,,BEGIN,,,,,,,,,,,Kobieta,2,20,w trakcie studiów,3,Dobrze,3,Brak doświadczenia,4,,,,,,,,,,,,,,,,,,,,,,,,,,,,,,,,,,,,,,,,,,,,,,,,,,,,,,,,,,,,,,,,,,,,,,,,,,,,,,,,,,,,,,,,,,,,,,,,,,,,,,,,,,,,,,,,,,,,,,,,,,,,,,,,,,,,,,,,,,,,,,,,,,,,,,,,,,,,,,,,,,,,,,,,,,,,,,,,,,,,
1,1784753586870,22/07/2026 20:53:06,1784753586870,2,22/07/2026 22:53:06,273725,7,questionnaire-2hmd,,57364203,BLINDED,16396920,,complete,,,mobile,Apple iPhone,iOS 18.7,Facebook 568.1.0.22.103,375x667,375x561,,,0,Kwestionariusz poczatkowy,11,AndWith,continue,TAK,1,,,,,,,,,,,,,,,,,,,,,,,,,,,,,,,,,,,,,,,,,,,,,,,,,,,,,,,,,,,,,,,,,info,,BEGIN,,,,,,,,,,,,,,,,,,,,,,,,,,,,,,,,,,,,,,,,,,,,,,,,,,,,,,,,,,,,,,,,,,,,,,,,,,,,,,,,,,,,,,,,,,,,,,,,,,,,,,,,,,,,,,,,,,,,,,,,,,,,,,,,,,,,,,,,,,,,,,,,,,,,,,,,,,,,,,,,,,,,,,,,,,,,,,,,,,,,,,,,,,,,,,,,,,,,,,,
1,1784753609001,22/07/2026 20:53:29,1784753609001,2,22/07/2026 22:53:29,273725,7,questionnaire-u8vu,,57364207,BLINDED,16396920,,complete,,,mobile,Apple iPhone,iOS 18.7,Facebook 568.1.0.22.103,375x667,375x561,,,0,Informacja do badania,4,AndWith,continue,,,,,,,,,,,,,,,,,,,,,,,,,,,,,,,,,,,,,,,,,,,,,,,,,,,,,,,,,,,,,,,,,,,info,,BEGIN,,,,,,,,,,,,,,,,,,,,,,,,,,,,,,,,,,,,,,,,,,,,,,,,,,,,,,,,,,,,,,,,,,,,,,,,,,,,,,,,,,,,,,,,,,,,,,,,,,,,,,,,,,,,,,,,,,,,,,,,,,,,,,,,,,,,,,,,,,,,,,,,,,,,,,,,,,,,,,,,,,,,,,,,,,,,,,,,,,,,,,,,,,,,,,,,,,,,,,,
1,1784753642932,22/07/2026 20:54:02,1784753642932,2,22/07/2026 22:54:02,273725,7,questionnaire-nrov,,57364212,BLINDED,16396920,,complete,,,mobile,Apple iPhone,iOS 18.7,Facebook 568.1.0.22.103,375x667,375x561,,,0,4 AndWith version,5,AndWith,continue,,,,,,,,,,,,,,,,,,,,,,,,,,,,,,,,,,,,,,,,,,,,,,,,,,,,,,,,,,,,,,,,,,,info,,BEGIN,,,,,,,,,,,,,,,,,,,,,,,,,,,,,,,,,,,,,,,,,,,,,,,,,,,,,,,,,,,,,,,,,,,,,,,,,,,,,,,,,,,,,,,,,,,,,,,,,,,,,,,,,,,,,,,,,,,,,,,,,,,,,,,,,,,,,,,,,,,,7,7,6,6,7,7,7,7,7,7,5,5,7,7,4,4,7,7,5,5,3,3,4,4,4,4,3,3,3,3,3,3,1,1,1,1,5,5,2,2,1,1,1,1,1,1,5,5,1,1,5,5,1,1,1,1,6,6,3,3
1,1784754095207,22/07/2026 21:01:35,1784754095207,2,22/07/2026 23:01:35,273725,7,questionnaire-knkh,,57364272,BLINDED,16396920,,complete,,,mobile,Apple iPhone,iOS 18.7,Facebook 568.1.0.22.103,375x667,375x561,,,0,WithKontrolne,2,AndWith,continue,,,,,,,,,,,,,,,,,,,,,,,,,,,,,,,,,,,,,,,,,,,,,,,,,,,,,,,,,,,,,,,,,,,info,,BEGIN,,,,,,,,,NIE,2,,,,,,,,,,,,,,,,,,,,,,,,,,,,,,,,,,,,,,,,,,,,,,,,,,,,,,,,,,,,,,,,,,,,,,,,,,,,,,,,,,,,,,,,,,,,,,,,,,,,,,,,,,,,,,,,,,,,,,,,,,,,,,,,,,,,,,,,,,,,,,,,,,,,,,,,,,,,,,,,,,,,,,,,,,,,,,,,,,,,,,,,,,,,,
1,1784754113736,22/07/2026 21:01:53,1784754113736,2,22/07/2026 23:01:53,273725,7,questionnaire-whir,,57364275,BLINDED,16396920,,complete,,,mobile,Apple iPhone,iOS 18.7,Facebook 568.1.0.22.103,375x667,375x561,,,0,Pytania demograficzne,4,AndWith,continue,,,,,,,,,,,,,,,,,,,,,,,,,,,,,,,,,,,,,,,,,,,,,,,,,,,,,,,,,,,,,,,,,,,info,,BEGIN,,,,,,,,,,,Kobieta,2,23,w trakcie studiów,3,"Bardzo dobrze, posługuję się nim na co dzień",2,Logika w szkole średniej ,3,,,,,,,,,,,,,,,,,,,,,,,,,,,,,,,,,,,,,,,,,,,,,,,,,,,,,,,,,,,,,,,,,,,,,,,,,,,,,,,,,,,,,,,,,,,,,,,,,,,,,,,,,,,,,,,,,,,,,,,,,,,,,,,,,,,,,,,,,,,,,,,,,,,,,,,,,,,,,,,,,,,,,,,,,,,,,,,,,,,,
1,1784810717017,23/07/2026 12:45:17,1784810717017,2,23/07/2026 14:45:17,273725,7,questionnaire-2hmd,,57373595,BLINDED,16399754,,complete,,,computer,Desktop or Laptop,Windows 10,Edge 150.0.0.0,1536x864,1528x732,,,0,Kwestionariusz poczatkowy,11,AndLack,continue,TAK,1,,,,,,,,,,,,,,,,,,,,,,,,,,,,,,,,,,,,,,,,,,,,,,,,,,,,,,,,,,,,,,,,,info,,BEGIN,,,,,,,,,,,,,,,,,,,,,,,,,,,,,,,,,,,,,,,,,,,,,,,,,,,,,,,,,,,,,,,,,,,,,,,,,,,,,,,,,,,,,,,,,,,,,,,,,,,,,,,,,,,,,,,,,,,,,,,,,,,,,,,,,,,,,,,,,,,,,,,,,,,,,,,,,,,,,,,,,,,,,,,,,,,,,,,,,,,,,,,,,,,,,,,,,,,,,,,
1,1784810740665,23/07/2026 12:45:40,1784810740665,2,23/07/2026 14:45:40,273725,7,questionnaire-u8vu,,57373605,BLINDED,16399754,,complete,,,computer,Desktop or Laptop,Windows 10,Edge 150.0.0.0,1536x864,1528x732,,,0,Informacja do badania,4,AndLack,continue,,,,,,,,,,,,,,,,,,,,,,,,,,,,,,,,,,,,,,,,,,,,,,,,,,,,,,,,,,,,,,,,,,,info,,BEGIN,,,,,,,,,,,,,,,,,,,,,,,,,,,,,,,,,,,,,,,,,,,,,,,,,,,,,,,,,,,,,,,,,,,,,,,,,,,,,,,,,,,,,,,,,,,,,,,,,,,,,,,,,,,,,,,,,,,,,,,,,,,,,,,,,,,,,,,,,,,,,,,,,,,,,,,,,,,,,,,,,,,,,,,,,,,,,,,,,,,,,,,,,,,,,,,,,,,,,,,
1,1784810774950,23/07/2026 12:46:14,1784810774950,2,23/07/2026 14:46:14,273725,7,questionnaire-apnj,,57373621,BLINDED,16399754,,complete,,,computer,Desktop or Laptop,Windows 10,Edge 150.0.0.0,1536x864,1528x732,,,0,3 AndLack version,5,AndLack,continue,,,,,,,,,,,,,,,,,,,,,,,,,,,,,,,,,,,,,,,,,,,,,,,,,,,,,,,,,,,,,,,,,,,info,,BEGIN,,,,,,,,,,,,,,,,,,,,,,,,,,,,,,,,,,,,,,,,,,,,,,,,,,,,,,,,,,,,,,,,,,,,,,,,,,,,,,,,7,7,7,7,7,7,7,7,7,7,7,7,7,7,4,4,7,7,7,7,7,7,6,6,7,7,3,3,7,7,6,6,5,5,3,3,7,7,7,7,1,1,1,1,1,1,1,1,2,2,2,2,1,1,1,1,2,2,1,1,,,,,,,,,,,,,,,,,,,,,,,,,,,,,,,,,,,,,,,,,,,,,,,,,,,,,,,,,,,,
1,1784811135575,23/07/2026 12:52:15,1784811135575,2,23/07/2026 14:52:15,273725,7,questionnaire-48tg,,57373790,BLINDED,16399754,,complete,,,computer,Desktop or Laptop,Windows 10,Edge 150.0.0.0,1536x864,1528x732,,,0,LackKontrolne,2,AndLack,continue,,,,,,,,,,,,,,,,,,,,,,,,,,,,,,,,,,,,,,,,,,,,,,,,,,,,,,,,,,,,,,,,,,,info,,BEGIN,,,,,,,NIE,2,,,,,,,,,,,,,,,,,,,,,,,,,,,,,,,,,,,,,,,,,,,,,,,,,,,,,,,,,,,,,,,,,,,,,,,,,,,,,,,,,,,,,,,,,,,,,,,,,,,,,,,,,,,,,,,,,,,,,,,,,,,,,,,,,,,,,,,,,,,,,,,,,,,,,,,,,,,,,,,,,,,,,,,,,,,,,,,,,,,,,,,,,,,,,,,
1,1784811149651,23/07/2026 12:52:29,1784811149651,2,23/07/2026 14:52:29,273725,7,questionnaire-whir,,57373794,BLINDED,16399754,,complete,,,computer,Desktop or Laptop,Windows 10,Edge 150.0.0.0,1536x864,1528x732,,,0,Pytania demograficzne,4,AndLack,continue,,,,,,,,,,,,,,,,,,,,,,,,,,,,,,,,,,,,,,,,,,,,,,,,,,,,,,,,,,,,,,,,,,,info,,BEGIN,,,,,,,,,,,Kobieta,2,23,w trakcie studiów,3,"Bardzo dobrze, język polski jest moim pierwszym językiem (językiem ojczystym)",1,Logika w szkole średniej ,3,,,,,,,,,,,,,,,,,,,,,,,,,,,,,,,,,,,,,,,,,,,,,,,,,,,,,,,,,,,,,,,,,,,,,,,,,,,,,,,,,,,,,,,,,,,,,,,,,,,,,,,,,,,,,,,,,,,,,,,,,,,,,,,,,,,,,,,,,,,,,,,,,,,,,,,,,,,,,,,,,,,,,,,,,,,,,,,,,,,,
1,1784826315280,23/07/2026 17:05:15,1784826315280,2,23/07/2026 19:05:15,273725,7,questionnaire-2hmd,,57379132,BLINDED,16401481,,complete,,,mobile,Apple iPhone,iOS 18.7,Mobile Safari 26.5.2,393x852,393x601,,,0,Kwestionariusz poczatkowy,11,CondLack,continue,TAK,1,,,,,,,,,,,,,,,,,,,,,,,,,,,,,,,,,,,,,,,,,,,,,,,,,,,,,,,,,,,,,,,,,info,,BEGIN,,,,,,,,,,,,,,,,,,,,,,,,,,,,,,,,,,,,,,,,,,,,,,,,,,,,,,,,,,,,,,,,,,,,,,,,,,,,,,,,,,,,,,,,,,,,,,,,,,,,,,,,,,,,,,,,,,,,,,,,,,,,,,,,,,,,,,,,,,,,,,,,,,,,,,,,,,,,,,,,,,,,,,,,,,,,,,,,,,,,,,,,,,,,,,,,,,,,,,,
1,1784826341076,23/07/2026 17:05:41,1784826341076,2,23/07/2026 19:05:41,273725,7,questionnaire-u8vu,,57379139,BLINDED,16401481,,complete,,,mobile,Apple iPhone,iOS 18.7,Mobile Safari 26.5.2,393x852,393x641,,,0,Informacja do badania,4,CondLack,continue,,,,,,,,,,,,,,,,,,,,,,,,,,,,,,,,,,,,,,,,,,,,,,,,,,,,,,,,,,,,,,,,,,,info,,BEGIN,,,,,,,,,,,,,,,,,,,,,,,,,,,,,,,,,,,,,,,,,,,,,,,,,,,,,,,,,,,,,,,,,,,,,,,,,,,,,,,,,,,,,,,,,,,,,,,,,,,,,,,,,,,,,,,,,,,,,,,,,,,,,,,,,,,,,,,,,,,,,,,,,,,,,,,,,,,,,,,,,,,,,,,,,,,,,,,,,,,,,,,,,,,,,,,,,,,,,,,
1,1784826364814,23/07/2026 17:06:04,1784826364814,2,23/07/2026 19:06:04,273725,7,questionnaire-mxn9,,57379142,BLINDED,16401481,,complete,,,mobile,Apple iPhone,iOS 18.7,Mobile Safari 26.5.2,393x852,393x641,,,0,1 CondLack version,8,CondLack,continue,,,7,7,7,7,7,7,6,6,6,6,7,7,7,7,7,7,7,7,5,5,1,1,1,1,2,2,1,1,1,1,1,1,1,1,2,2,1,1,2,2,1,1,1,1,1,1,1,1,1,1,1,1,1,1,1,1,1,1,1,1,,,,,info,,BEGIN,,,,,,,,,,,,,,,,,,,,,,,,,,,,,,,,,,,,,,,,,,,,,,,,,,,,,,,,,,,,,,,,,,,,,,,,,,,,,,,,,,,,,,,,,,,,,,,,,,,,,,,,,,,,,,,,,,,,,,,,,,,,,,,,,,,,,,,,,,,,,,,,,,,,,,,,,,,,,,,,,,,,,,,,,,,,,,,,,,,,,,,,,,,,,,,,,,,,,,,
1,1784826728432,23/07/2026 17:12:08,1784826728432,2,23/07/2026 19:12:08,273725,7,questionnaire-48tg,,57379190,BLINDED,16401481,,complete,,,mobile,Apple iPhone,iOS 18.7,Mobile Safari 26.5.2,393x852,393x641,,,0,LackKontrolne,2,CondLack,continue,,,,,,,,,,,,,,,,,,,,,,,,,,,,,,,,,,,,,,,,,,,,,,,,,,,,,,,,,,,,,,,,,,,info,,BEGIN,,,,,,,NIE,2,,,,,,,,,,,,,,,,,,,,,,,,,,,,,,,,,,,,,,,,,,,,,,,,,,,,,,,,,,,,,,,,,,,,,,,,,,,,,,,,,,,,,,,,,,,,,,,,,,,,,,,,,,,,,,,,,,,,,,,,,,,,,,,,,,,,,,,,,,,,,,,,,,,,,,,,,,,,,,,,,,,,,,,,,,,,,,,,,,,,,,,,,,,,,,,
1,1784826760875,23/07/2026 17:12:40,1784826760875,2,23/07/2026 19:12:40,273725,7,questionnaire-whir,,57379197,BLINDED,16401481,,complete,,,mobile,Apple iPhone,iOS 18.7,Mobile Safari 26.5.2,393x852,393x641,,,0,Pytania demograficzne,4,CondLack,continue,,,,,,,,,,,,,,,,,,,,,,,,,,,,,,,,,,,,,,,,,,,,,,,,,,,,,,,,,,,,,,,,,,,info,,BEGIN,,,,,,,,,,,Kobieta,2,52,wykształcenie wyższe,4,"Bardzo dobrze, język polski jest moim pierwszym językiem (językiem ojczystym)",1,Logika w szkole średniej ,3,,,,,,,,,,,,,,,,,,,,,,,,,,,,,,,,,,,,,,,,,,,,,,,,,,,,,,,,,,,,,,,,,,,,,,,,,,,,,,,,,,,,,,,,,,,,,,,,,,,,,,,,,,,,,,,,,,,,,,,,,,,,,,,,,,,,,,,,,,,,,,,,,,,,,,,,,,,,,,,,,,,,,,,,,,,,,,,,,,,,
1,1784839528448,23/07/2026 20:45:28,1784839528448,2,23/07/2026 22:45:28,273725,7,questionnaire-2hmd,,57381864,BLINDED,16402207,,complete,,,computer,Desktop or Laptop,Mac OS 10.15.7,Safari 26.5.2,1032x1376,1376x860,,,0,Kwestionariusz poczatkowy,11,AndLack,continue,TAK,1,,,,,,,,,,,,,,,,,,,,,,,,,,,,,,,,,,,,,,,,,,,,,,,,,,,,,,,,,,,,,,,,,info,,BEGIN,,,,,,,,,,,,,,,,,,,,,,,,,,,,,,,,,,,,,,,,,,,,,,,,,,,,,,,,,,,,,,,,,,,,,,,,,,,,,,,,,,,,,,,,,,,,,,,,,,,,,,,,,,,,,,,,,,,,,,,,,,,,,,,,,,,,,,,,,,,,,,,,,,,,,,,,,,,,,,,,,,,,,,,,,,,,,,,,,,,,,,,,,,,,,,,,,,,,,,,
1,1784839568144,23/07/2026 20:46:08,1784839568144,2,23/07/2026 22:46:08,273725,7,questionnaire-u8vu,,57381874,BLINDED,16402207,,complete,,,computer,Desktop or Laptop,Mac OS 10.15.7,Safari 26.5.2,1032x1376,1376x900,,,0,Informacja do badania,4,AndLack,continue,,,,,,,,,,,,,,,,,,,,,,,,,,,,,,,,,,,,,,,,,,,,,,,,,,,,,,,,,,,,,,,,,,,info,,BEGIN,,,,,,,,,,,,,,,,,,,,,,,,,,,,,,,,,,,,,,,,,,,,,,,,,,,,,,,,,,,,,,,,,,,,,,,,,,,,,,,,,,,,,,,,,,,,,,,,,,,,,,,,,,,,,,,,,,,,,,,,,,,,,,,,,,,,,,,,,,,,,,,,,,,,,,,,,,,,,,,,,,,,,,,,,,,,,,,,,,,,,,,,,,,,,,,,,,,,,,,
1,1784839647094,23/07/2026 20:47:27,1784839647094,2,23/07/2026 22:47:27,273725,7,questionnaire-apnj,,57381898,BLINDED,16402207,,complete,,,computer,Desktop or Laptop,Mac OS 10.15.7,Safari 26.5.2,1032x1376,1376x900,,,0,3 AndLack version,5,AndLack,continue,,,,,,,,,,,,,,,,,,,,,,,,,,,,,,,,,,,,,,,,,,,,,,,,,,,,,,,,,,,,,,,,,,,info,,BEGIN,,,,,,,,,,,,,,,,,,,,,,,,,,,,,,,,,,,,,,,,,,,,,,,,,,,,,,,,,,,,,,,,,,,,,,,,,,,,,,,,7,7,7,7,7,7,6,6,6,6,6,6,7,7,5,5,7,7,7,7,7,7,6,6,4,4,4,4,6,6,6,6,4,4,2,2,7,7,7,7,5,5,2,2,3,3,2,2,3,3,1,1,2,2,1,1,4,4,2,2,,,,,,,,,,,,,,,,,,,,,,,,,,,,,,,,,,,,,,,,,,,,,,,,,,,,,,,,,,,,
1,1784839999635,23/07/2026 20:53:19,1784839999635,2,23/07/2026 22:53:19,273725,7,questionnaire-48tg,,57381970,BLINDED,16402207,,complete,,,computer,Desktop or Laptop,Mac OS 10.15.7,Safari 26.5.2,1032x1376,1376x900,,,0,LackKontrolne,2,AndLack,continue,,,,,,,,,,,,,,,,,,,,,,,,,,,,,,,,,,,,,,,,,,,,,,,,,,,,,,,,,,,,,,,,,,,info,,BEGIN,,,,,,,NIE,2,,,,,,,,,,,,,,,,,,,,,,,,,,,,,,,,,,,,,,,,,,,,,,,,,,,,,,,,,,,,,,,,,,,,,,,,,,,,,,,,,,,,,,,,,,,,,,,,,,,,,,,,,,,,,,,,,,,,,,,,,,,,,,,,,,,,,,,,,,,,,,,,,,,,,,,,,,,,,,,,,,,,,,,,,,,,,,,,,,,,,,,,,,,,,,,
1,1784840018874,23/07/2026 20:53:38,1784840018874,2,23/07/2026 22:53:38,273725,7,questionnaire-whir,,57381976,BLINDED,16402207,,complete,,,computer,Desktop or Laptop,Mac OS 10.15.7,Safari 26.5.2,1032x1376,1376x900,,,0,Pytania demograficzne,4,AndLack,continue,,,,,,,,,,,,,,,,,,,,,,,,,,,,,,,,,,,,,,,,,,,,,,,,,,,,,,,,,,,,,,,,,,,info,,BEGIN,,,,,,,,,,,Mężczyzna,1,54,wykształcenie wyższe,4,"Bardzo dobrze, posługuję się nim na co dzień",2,1-2 semestry na studiach,2,,,,,,,,,,,,,,,,,,,,,,,,,,,,,,,,,,,,,,,,,,,,,,,,,,,,,,,,,,,,,,,,,,,,,,,,,,,,,,,,,,,,,,,,,,,,,,,,,,,,,,,,,,,,,,,,,,,,,,,,,,,,,,,,,,,,,,,,,,,,,,,,,,,,,,,,,,,,,,,,,,,,,,,,,,,,,,,,,,,,
1,1784900983081,24/07/2026 13:49:43,1784900983081,2,24/07/2026 15:49:43,273725,7,questionnaire-2hmd,,57390761,BLINDED,16404872,,complete,,,computer,Desktop or Laptop,Windows 10,Opera 133.0.0.0,1536x864,1494x740,,,0,Kwestionariusz poczatkowy,11,AndWith,continue,TAK,1,,,,,,,,,,,,,,,,,,,,,,,,,,,,,,,,,,,,,,,,,,,,,,,,,,,,,,,,,,,,,,,,,info,,BEGIN,,,,,,,,,,,,,,,,,,,,,,,,,,,,,,,,,,,,,,,,,,,,,,,,,,,,,,,,,,,,,,,,,,,,,,,,,,,,,,,,,,,,,,,,,,,,,,,,,,,,,,,,,,,,,,,,,,,,,,,,,,,,,,,,,,,,,,,,,,,,,,,,,,,,,,,,,,,,,,,,,,,,,,,,,,,,,,,,,,,,,,,,,,,,,,,,,,,,,,,
1,1784900995507,24/07/2026 13:49:55,1784900995507,2,24/07/2026 15:49:55,273725,7,questionnaire-u8vu,,57390764,BLINDED,16404872,,complete,,,computer,Desktop or Laptop,Windows 10,Opera 133.0.0.0,1536x864,1494x740,,,0,Informacja do badania,4,AndWith,continue,,,,,,,,,,,,,,,,,,,,,,,,,,,,,,,,,,,,,,,,,,,,,,,,,,,,,,,,,,,,,,,,,,,info,,BEGIN,,,,,,,,,,,,,,,,,,,,,,,,,,,,,,,,,,,,,,,,,,,,,,,,,,,,,,,,,,,,,,,,,,,,,,,,,,,,,,,,,,,,,,,,,,,,,,,,,,,,,,,,,,,,,,,,,,,,,,,,,,,,,,,,,,,,,,,,,,,,,,,,,,,,,,,,,,,,,,,,,,,,,,,,,,,,,,,,,,,,,,,,,,,,,,,,,,,,,,,
1,1784901025673,24/07/2026 13:50:25,1784901025673,2,24/07/2026 15:50:25,273725,7,questionnaire-nrov,,57390780,BLINDED,16404872,,complete,,,computer,Desktop or Laptop,Windows 10,Opera 133.0.0.0,1536x864,1494x740,,,0,4 AndWith version,5,AndWith,continue,,,,,,,,,,,,,,,,,,,,,,,,,,,,,,,,,,,,,,,,,,,,,,,,,,,,,,,,,,,,,,,,,,,info,,BEGIN,,,,,,,,,,,,,,,,,,,,,,,,,,,,,,,,,,,,,,,,,,,,,,,,,,,,,,,,,,,,,,,,,,,,,,,,,,,,,,,,,,,,,,,,,,,,,,,,,,,,,,,,,,,,,,,,,,,,,,,,,,,,,,,,,,,,,,,,,,,,7,7,5,5,7,7,4,4,7,7,6,6,7,7,3,3,5,5,3,3,5,5,2,2,1,1,1,1,1,1,1,1,1,1,1,1,2,2,1,1,1,1,1,1,1,1,1,1,1,1,1,1,1,1,1,1,1,1,1,1
1,1784901240764,24/07/2026 13:54:00,1784901240764,2,24/07/2026 15:54:00,273725,7,questionnaire-knkh,,57390830,BLINDED,16404872,,complete,,,computer,Desktop or Laptop,Windows 10,Opera 133.0.0.0,1536x864,1494x740,,,0,WithKontrolne,2,AndWith,continue,,,,,,,,,,,,,,,,,,,,,,,,,,,,,,,,,,,,,,,,,,,,,,,,,,,,,,,,,,,,,,,,,,,info,,BEGIN,,,,,,,,,TAK,1,,,,,,,,,,,,,,,,,,,,,,,,,,,,,,,,,,,,,,,,,,,,,,,,,,,,,,,,,,,,,,,,,,,,,,,,,,,,,,,,,,,,,,,,,,,,,,,,,,,,,,,,,,,,,,,,,,,,,,,,,,,,,,,,,,,,,,,,,,,,,,,,,,,,,,,,,,,,,,,,,,,,,,,,,,,,,,,,,,,,,,,,,,,,,
1,1784901253473,24/07/2026 13:54:13,1784901253473,2,24/07/2026 15:54:13,273725,7,questionnaire-whir,,57390831,BLINDED,16404872,,complete,,,computer,Desktop or Laptop,Windows 10,Opera 133.0.0.0,1536x864,1494x740,,,0,Pytania demograficzne,4,AndWith,continue,,,,,,,,,,,,,,,,,,,,,,,,,,,,,,,,,,,,,,,,,,,,,,,,,,,,,,,,,,,,,,,,,,,info,,BEGIN,,,,,,,,,,,Kobieta,2,23,wykształcenie wyższe,4,"Bardzo dobrze, język polski jest moim pierwszym językiem (językiem ojczystym)",1,Brak doświadczenia,4,,,,,,,,,,,,,,,,,,,,,,,,,,,,,,,,,,,,,,,,,,,,,,,,,,,,,,,,,,,,,,,,,,,,,,,,,,,,,,,,,,,,,,,,,,,,,,,,,,,,,,,,,,,,,,,,,,,,,,,,,,,,,,,,,,,,,,,,,,,,,,,,,,,,,,,,,,,,,,,,,,,,,,,,,,,,,,,,,,,,
1,1784912986315,24/07/2026 17:09:46,1784912986315,2,24/07/2026 19:09:46,273725,7,questionnaire-2hmd,,57396114,BLINDED,16407063,,complete,,,computer,Desktop or Laptop,Windows 10,Edge 150.0.0.0,1920x1080,1912x948,,,0,Kwestionariusz poczatkowy,11,AndLack,continue,TAK,1,,,,,,,,,,,,,,,,,,,,,,,,,,,,,,,,,,,,,,,,,,,,,,,,,,,,,,,,,,,,,,,,,info,,BEGIN,,,,,,,,,,,,,,,,,,,,,,,,,,,,,,,,,,,,,,,,,,,,,,,,,,,,,,,,,,,,,,,,,,,,,,,,,,,,,,,,,,,,,,,,,,,,,,,,,,,,,,,,,,,,,,,,,,,,,,,,,,,,,,,,,,,,,,,,,,,,,,,,,,,,,,,,,,,,,,,,,,,,,,,,,,,,,,,,,,,,,,,,,,,,,,,,,,,,,,,
1,1784912991274,24/07/2026 17:09:51,1784912991274,2,24/07/2026 19:09:51,273725,7,questionnaire-u8vu,,57396115,BLINDED,16407063,,complete,,,computer,Desktop or Laptop,Windows 10,Edge 150.0.0.0,1920x1080,1912x948,,,0,Informacja do badania,4,AndLack,continue,,,,,,,,,,,,,,,,,,,,,,,,,,,,,,,,,,,,,,,,,,,,,,,,,,,,,,,,,,,,,,,,,,,info,,BEGIN,,,,,,,,,,,,,,,,,,,,,,,,,,,,,,,,,,,,,,,,,,,,,,,,,,,,,,,,,,,,,,,,,,,,,,,,,,,,,,,,,,,,,,,,,,,,,,,,,,,,,,,,,,,,,,,,,,,,,,,,,,,,,,,,,,,,,,,,,,,,,,,,,,,,,,,,,,,,,,,,,,,,,,,,,,,,,,,,,,,,,,,,,,,,,,,,,,,,,,,
1,1784912995642,24/07/2026 17:09:55,1784912995642,2,24/07/2026 19:09:55,273725,7,questionnaire-apnj,,57396116,BLINDED,16407063,,complete,,,computer,Desktop or Laptop,Windows 10,Edge 150.0.0.0,1920x1080,1912x948,,,0,3 AndLack version,5,AndLack,continue,,,,,,,,,,,,,,,,,,,,,,,,,,,,,,,,,,,,,,,,,,,,,,,,,,,,,,,,,,,,,,,,,,,info,,BEGIN,,,,,,,,,,,,,,,,,,,,,,,,,,,,,,,,,,,,,,,,,,,,,,,,,,,,,,,,,,,,,,,,,,,,,,,,,,,,,,,,6,6,6,6,7,7,6,6,6,6,5,5,7,7,7,7,7,7,7,7,7,7,7,7,4,4,4,4,7,7,7,7,5,5,5,5,7,7,7,7,3,3,2,2,2,2,3,3,2,2,3,3,1,1,1,1,1,1,2,2,,,,,,,,,,,,,,,,,,,,,,,,,,,,,,,,,,,,,,,,,,,,,,,,,,,,,,,,,,,,
1,1784913095905,24/07/2026 17:11:35,1784913095905,2,24/07/2026 19:11:35,273725,7,questionnaire-48tg,,57396153,BLINDED,16407063,,complete,,,computer,Desktop or Laptop,Windows 10,Edge 150.0.0.0,1920x1080,1912x948,,,0,LackKontrolne,2,AndLack,continue,,,,,,,,,,,,,,,,,,,,,,,,,,,,,,,,,,,,,,,,,,,,,,,,,,,,,,,,,,,,,,,,,,,info,,BEGIN,,,,,,,NIE,2,,,,,,,,,,,,,,,,,,,,,,,,,,,,,,,,,,,,,,,,,,,,,,,,,,,,,,,,,,,,,,,,,,,,,,,,,,,,,,,,,,,,,,,,,,,,,,,,,,,,,,,,,,,,,,,,,,,,,,,,,,,,,,,,,,,,,,,,,,,,,,,,,,,,,,,,,,,,,,,,,,,,,,,,,,,,,,,,,,,,,,,,,,,,,,,
1,1784913106893,24/07/2026 17:11:46,1784913106893,2,24/07/2026 19:11:46,273725,7,questionnaire-whir,,57396157,BLINDED,16407063,,complete,,,computer,Desktop or Laptop,Windows 10,Edge 150.0.0.0,1920x1080,1912x948,,,0,Pytania demograficzne,4,AndLack,continue,,,,,,,,,,,,,,,,,,,,,,,,,,,,,,,,,,,,,,,,,,,,,,,,,,,,,,,,,,,,,,,,,,,info,,BEGIN,,,,,,,,,,,Kobieta,2,22,w trakcie studiów,3,"Bardzo dobrze, język polski jest moim pierwszym językiem (językiem ojczystym)",1,Logika w szkole średniej ,3,,,,,,,,,,,,,,,,,,,,,,,,,,,,,,,,,,,,,,,,,,,,,,,,,,,,,,,,,,,,,,,,,,,,,,,,,,,,,,,,,,,,,,,,,,,,,,,,,,,,,,,,,,,,,,,,,,,,,,,,,,,,,,,,,,,,,,,,,,,,,,,,,,,,,,,,,,,,,,,,,,,,,,,,,,,,,,,,,,,,
1,1784914988895,24/07/2026 17:43:08,1784914988895,2,24/07/2026 19:43:08,273725,7,questionnaire-2hmd,,57396756,BLINDED,16407184,,complete,,,mobile,Apple iPhone,iOS 26.5.2,Facebook 571.0.0.18.106,390x844,390x677,,,0,Kwestionariusz poczatkowy,11,AndLack,continue,TAK,1,,,,,,,,,,,,,,,,,,,,,,,,,,,,,,,,,,,,,,,,,,,,,,,,,,,,,,,,,,,,,,,,,info,,BEGIN,,,,,,,,,,,,,,,,,,,,,,,,,,,,,,,,,,,,,,,,,,,,,,,,,,,,,,,,,,,,,,,,,,,,,,,,,,,,,,,,,,,,,,,,,,,,,,,,,,,,,,,,,,,,,,,,,,,,,,,,,,,,,,,,,,,,,,,,,,,,,,,,,,,,,,,,,,,,,,,,,,,,,,,,,,,,,,,,,,,,,,,,,,,,,,,,,,,,,,,
1,1784914994872,24/07/2026 17:43:14,1784914994872,2,24/07/2026 19:43:14,273725,7,questionnaire-u8vu,,57396759,BLINDED,16407184,,complete,,,mobile,Apple iPhone,iOS 26.5.2,Facebook 571.0.0.18.106,390x844,390x677,,,0,Informacja do badania,4,AndLack,continue,,,,,,,,,,,,,,,,,,,,,,,,,,,,,,,,,,,,,,,,,,,,,,,,,,,,,,,,,,,,,,,,,,,info,,BEGIN,,,,,,,,,,,,,,,,,,,,,,,,,,,,,,,,,,,,,,,,,,,,,,,,,,,,,,,,,,,,,,,,,,,,,,,,,,,,,,,,,,,,,,,,,,,,,,,,,,,,,,,,,,,,,,,,,,,,,,,,,,,,,,,,,,,,,,,,,,,,,,,,,,,,,,,,,,,,,,,,,,,,,,,,,,,,,,,,,,,,,,,,,,,,,,,,,,,,,,,
1,1784915018029,24/07/2026 17:43:38,1784915018029,2,24/07/2026 19:43:38,273725,7,questionnaire-apnj,,57396764,BLINDED,16407184,,complete,,,mobile,Apple iPhone,iOS 26.5.2,Facebook 571.0.0.18.106,390x844,390x677,,,0,3 AndLack version,5,AndLack,continue,,,,,,,,,,,,,,,,,,,,,,,,,,,,,,,,,,,,,,,,,,,,,,,,,,,,,,,,,,,,,,,,,,,info,,BEGIN,,,,,,,,,,,,,,,,,,,,,,,,,,,,,,,,,,,,,,,,,,,,,,,,,,,,,,,,,,,,,,,,,,,,,,,,,,,,,,,,5,5,5,5,3,3,3,3,4,4,4,4,3,3,3,3,6,6,6,6,6,6,6,6,6,6,5,5,1,1,1,1,5,5,5,5,7,7,7,7,1,1,1,1,1,1,1,1,1,1,1,1,1,1,1,1,1,1,1,1,,,,,,,,,,,,,,,,,,,,,,,,,,,,,,,,,,,,,,,,,,,,,,,,,,,,,,,,,,,,
1,1784915220234,24/07/2026 17:47:00,1784915220234,2,24/07/2026 19:47:00,273725,7,questionnaire-48tg,,57396827,BLINDED,16407184,,complete,,,mobile,Apple iPhone,iOS 26.5.2,Facebook 571.0.0.18.106,390x844,390x677,,,0,LackKontrolne,2,AndLack,continue,,,,,,,,,,,,,,,,,,,,,,,,,,,,,,,,,,,,,,,,,,,,,,,,,,,,,,,,,,,,,,,,,,,info,,BEGIN,,,,,,,NIE,2,,,,,,,,,,,,,,,,,,,,,,,,,,,,,,,,,,,,,,,,,,,,,,,,,,,,,,,,,,,,,,,,,,,,,,,,,,,,,,,,,,,,,,,,,,,,,,,,,,,,,,,,,,,,,,,,,,,,,,,,,,,,,,,,,,,,,,,,,,,,,,,,,,,,,,,,,,,,,,,,,,,,,,,,,,,,,,,,,,,,,,,,,,,,,,,
1,1784915232029,24/07/2026 17:47:12,1784915232029,2,24/07/2026 19:47:12,273725,7,questionnaire-whir,,57396830,BLINDED,16407184,,complete,,,mobile,Apple iPhone,iOS 26.5.2,Facebook 571.0.0.18.106,390x844,390x677,,,0,Pytania demograficzne,4,AndLack,continue,,,,,,,,,,,,,,,,,,,,,,,,,,,,,,,,,,,,,,,,,,,,,,,,,,,,,,,,,,,,,,,,,,,info,,BEGIN,,,,,,,,,,,Kobieta,2,40,wykształcenie wyższe,4,"Bardzo dobrze, posługuję się nim na co dzień",2,Brak doświadczenia,4,,,,,,,,,,,,,,,,,,,,,,,,,,,,,,,,,,,,,,,,,,,,,,,,,,,,,,,,,,,,,,,,,,,,,,,,,,,,,,,,,,,,,,,,,,,,,,,,,,,,,,,,,,,,,,,,,,,,,,,,,,,,,,,,,,,,,,,,,,,,,,,,,,,,,,,,,,,,,,,,,,,,,,,,,,,,,,,,,,,,
1,1784922973577,24/07/2026 19:56:13,1784922973577,2,24/07/2026 21:56:13,273725,7,questionnaire-2hmd,,57398839,BLINDED,16407598,,complete,,,mobile,undefined K,Android 10,Samsung Internet 30.0,384x832,384x654,,,0,Kwestionariusz poczatkowy,11,CondLack,continue,TAK,1,,,,,,,,,,,,,,,,,,,,,,,,,,,,,,,,,,,,,,,,,,,,,,,,,,,,,,,,,,,,,,,,,info,,BEGIN,,,,,,,,,,,,,,,,,,,,,,,,,,,,,,,,,,,,,,,,,,,,,,,,,,,,,,,,,,,,,,,,,,,,,,,,,,,,,,,,,,,,,,,,,,,,,,,,,,,,,,,,,,,,,,,,,,,,,,,,,,,,,,,,,,,,,,,,,,,,,,,,,,,,,,,,,,,,,,,,,,,,,,,,,,,,,,,,,,,,,,,,,,,,,,,,,,,,,,,
1,1784922985408,24/07/2026 19:56:25,1784922985408,2,24/07/2026 21:56:25,273725,7,questionnaire-u8vu,,57398841,BLINDED,16407598,,complete,,,mobile,undefined K,Android 10,Samsung Internet 30.0,384x832,384x654,,,0,Informacja do badania,4,CondLack,continue,,,,,,,,,,,,,,,,,,,,,,,,,,,,,,,,,,,,,,,,,,,,,,,,,,,,,,,,,,,,,,,,,,,info,,BEGIN,,,,,,,,,,,,,,,,,,,,,,,,,,,,,,,,,,,,,,,,,,,,,,,,,,,,,,,,,,,,,,,,,,,,,,,,,,,,,,,,,,,,,,,,,,,,,,,,,,,,,,,,,,,,,,,,,,,,,,,,,,,,,,,,,,,,,,,,,,,,,,,,,,,,,,,,,,,,,,,,,,,,,,,,,,,,,,,,,,,,,,,,,,,,,,,,,,,,,,,
1,1784923010472,24/07/2026 19:56:50,1784923010472,2,24/07/2026 21:56:50,273725,7,questionnaire-mxn9,,57398846,BLINDED,16407598,,complete,,,mobile,undefined K,Android 10,Samsung Internet 30.0,384x832,384x654,,,0,1 CondLack version,8,CondLack,continue,,,7,7,7,7,7,7,7,7,7,7,7,7,7,7,7,7,7,7,7,7,3,3,2,2,1,1,2,2,1,1,1,1,1,1,3,3,1,1,4,4,1,1,1,1,2,2,1,1,1,1,1,1,1,1,1,1,1,1,1,1,,,,,info,,BEGIN,,,,,,,,,,,,,,,,,,,,,,,,,,,,,,,,,,,,,,,,,,,,,,,,,,,,,,,,,,,,,,,,,,,,,,,,,,,,,,,,,,,,,,,,,,,,,,,,,,,,,,,,,,,,,,,,,,,,,,,,,,,,,,,,,,,,,,,,,,,,,,,,,,,,,,,,,,,,,,,,,,,,,,,,,,,,,,,,,,,,,,,,,,,,,,,,,,,,,,,
1,1784923303260,24/07/2026 20:01:43,1784923303260,2,24/07/2026 22:01:43,273725,7,questionnaire-48tg,,57398898,BLINDED,16407598,,complete,,,mobile,undefined K,Android 10,Samsung Internet 30.0,384x832,384x654,,,0,LackKontrolne,2,CondLack,continue,,,,,,,,,,,,,,,,,,,,,,,,,,,,,,,,,,,,,,,,,,,,,,,,,,,,,,,,,,,,,,,,,,,info,,BEGIN,,,,,,,NIE,2,,,,,,,,,,,,,,,,,,,,,,,,,,,,,,,,,,,,,,,,,,,,,,,,,,,,,,,,,,,,,,,,,,,,,,,,,,,,,,,,,,,,,,,,,,,,,,,,,,,,,,,,,,,,,,,,,,,,,,,,,,,,,,,,,,,,,,,,,,,,,,,,,,,,,,,,,,,,,,,,,,,,,,,,,,,,,,,,,,,,,,,,,,,,,,,
1,1784923311095,24/07/2026 20:01:51,1784923311095,2,24/07/2026 22:01:51,273725,7,questionnaire-whir,,57398901,BLINDED,16407598,,complete,,,mobile,undefined K,Android 10,Samsung Internet 30.0,384x832,384x654,,,0,Pytania demograficzne,4,CondLack,continue,,,,,,,,,,,,,,,,,,,,,,,,,,,,,,,,,,,,,,,,,,,,,,,,,,,,,,,,,,,,,,,,,,,info,,BEGIN,,,,,,,,,,,Kobieta,2,22,wykształcenie wyższe,4,"Bardzo dobrze, język polski jest moim pierwszym językiem (językiem ojczystym)",1,Więcej niż dwa semestry logiki na studiach,1,,,,,,,,,,,,,,,,,,,,,,,,,,,,,,,,,,,,,,,,,,,,,,,,,,,,,,,,,,,,,,,,,,,,,,,,,,,,,,,,,,,,,,,,,,,,,,,,,,,,,,,,,,,,,,,,,,,,,,,,,,,,,,,,,,,,,,,,,,,,,,,,,,,,,,,,,,,,,,,,,,,,,,,,,,,,,,,,,,,,
1,1784969564493,25/07/2026 08:52:44,1784969564493,2,25/07/2026 10:52:44,273725,7,questionnaire-2hmd,,57403001,BLINDED,16408891,,complete,,,mobile,Samsung SM-A325F,Android 13,Facebook 570.0.0.34.87,412x915,411x780,,,0,Kwestionariusz poczatkowy,11,AndWith,continue,TAK,1,,,,,,,,,,,,,,,,,,,,,,,,,,,,,,,,,,,,,,,,,,,,,,,,,,,,,,,,,,,,,,,,,info,,BEGIN,,,,,,,,,,,,,,,,,,,,,,,,,,,,,,,,,,,,,,,,,,,,,,,,,,,,,,,,,,,,,,,,,,,,,,,,,,,,,,,,,,,,,,,,,,,,,,,,,,,,,,,,,,,,,,,,,,,,,,,,,,,,,,,,,,,,,,,,,,,,,,,,,,,,,,,,,,,,,,,,,,,,,,,,,,,,,,,,,,,,,,,,,,,,,,,,,,,,,,,
1,1784969575507,25/07/2026 08:52:55,1784969575507,2,25/07/2026 10:52:55,273725,7,questionnaire-u8vu,,57403002,BLINDED,16408891,,complete,,,mobile,Samsung SM-A325F,Android 13,Facebook 570.0.0.34.87,412x915,411x780,,,0,Informacja do badania,4,AndWith,continue,,,,,,,,,,,,,,,,,,,,,,,,,,,,,,,,,,,,,,,,,,,,,,,,,,,,,,,,,,,,,,,,,,,info,,BEGIN,,,,,,,,,,,,,,,,,,,,,,,,,,,,,,,,,,,,,,,,,,,,,,,,,,,,,,,,,,,,,,,,,,,,,,,,,,,,,,,,,,,,,,,,,,,,,,,,,,,,,,,,,,,,,,,,,,,,,,,,,,,,,,,,,,,,,,,,,,,,,,,,,,,,,,,,,,,,,,,,,,,,,,,,,,,,,,,,,,,,,,,,,,,,,,,,,,,,,,,
1,1784969600013,25/07/2026 08:53:20,1784969600013,2,25/07/2026 10:53:20,273725,7,questionnaire-nrov,,57403008,BLINDED,16408891,,complete,,,mobile,Samsung SM-A325F,Android 13,Facebook 570.0.0.34.87,412x915,411x780,,,0,4 AndWith version,5,AndWith,continue,,,,,,,,,,,,,,,,,,,,,,,,,,,,,,,,,,,,,,,,,,,,,,,,,,,,,,,,,,,,,,,,,,,info,,BEGIN,,,,,,,,,,,,,,,,,,,,,,,,,,,,,,,,,,,,,,,,,,,,,,,,,,,,,,,,,,,,,,,,,,,,,,,,,,,,,,,,,,,,,,,,,,,,,,,,,,,,,,,,,,,,,,,,,,,,,,,,,,,,,,,,,,,,,,,,,,,,7,7,5,5,7,7,4,4,7,7,4,4,7,7,5,5,5,5,3,3,1,1,1,1,1,1,1,1,1,1,1,1,1,1,1,1,2,2,1,1,1,1,1,1,1,1,1,1,1,1,1,1,1,1,1,1,1,1,1,1
1,1784969816712,25/07/2026 08:56:56,1784969816712,2,25/07/2026 10:56:56,273725,7,questionnaire-knkh,,57403033,BLINDED,16408891,,complete,,,mobile,Samsung SM-A325F,Android 13,Facebook 570.0.0.34.87,412x915,411x780,,,0,WithKontrolne,2,AndWith,continue,,,,,,,,,,,,,,,,,,,,,,,,,,,,,,,,,,,,,,,,,,,,,,,,,,,,,,,,,,,,,,,,,,,info,,BEGIN,,,,,,,,,NIE,2,,,,,,,,,,,,,,,,,,,,,,,,,,,,,,,,,,,,,,,,,,,,,,,,,,,,,,,,,,,,,,,,,,,,,,,,,,,,,,,,,,,,,,,,,,,,,,,,,,,,,,,,,,,,,,,,,,,,,,,,,,,,,,,,,,,,,,,,,,,,,,,,,,,,,,,,,,,,,,,,,,,,,,,,,,,,,,,,,,,,,,,,,,,,,
1,1784969827025,25/07/2026 08:57:07,1784969827025,2,25/07/2026 10:57:07,273725,7,questionnaire-whir,,57403036,BLINDED,16408891,,complete,,,mobile,Samsung SM-A325F,Android 13,Facebook 570.0.0.34.87,412x915,411x780,,,0,Pytania demograficzne,4,AndWith,continue,,,,,,,,,,,,,,,,,,,,,,,,,,,,,,,,,,,,,,,,,,,,,,,,,,,,,,,,,,,,,,,,,,,info,,BEGIN,,,,,,,,,,,Kobieta,2,24,wykształcenie wyższe,4,"Bardzo dobrze, język polski jest moim pierwszym językiem (językiem ojczystym)",1,1-2 semestry na studiach,2,,,,,,,,,,,,,,,,,,,,,,,,,,,,,,,,,,,,,,,,,,,,,,,,,,,,,,,,,,,,,,,,,,,,,,,,,,,,,,,,,,,,,,,,,,,,,,,,,,,,,,,,,,,,,,,,,,,,,,,,,,,,,,,,,,,,,,,,,,,,,,,,,,,,,,,,,,,,,,,,,,,,,,,,,,,,,,,,,,,,
1,1784986691432,25/07/2026 13:38:11,1784986691432,2,25/07/2026 15:38:11,273725,7,questionnaire-2hmd,,57405821,BLINDED,16409386,,complete,,,mobile,Samsung SM-S901B,Android 13,Facebook 570.0.0.34.87,360x780,360x649,,,0,Kwestionariusz poczatkowy,11,CondLack,continue,TAK,1,,,,,,,,,,,,,,,,,,,,,,,,,,,,,,,,,,,,,,,,,,,,,,,,,,,,,,,,,,,,,,,,,info,,BEGIN,,,,,,,,,,,,,,,,,,,,,,,,,,,,,,,,,,,,,,,,,,,,,,,,,,,,,,,,,,,,,,,,,,,,,,,,,,,,,,,,,,,,,,,,,,,,,,,,,,,,,,,,,,,,,,,,,,,,,,,,,,,,,,,,,,,,,,,,,,,,,,,,,,,,,,,,,,,,,,,,,,,,,,,,,,,,,,,,,,,,,,,,,,,,,,,,,,,,,,,
1,1784986719626,25/07/2026 13:38:39,1784986719626,2,25/07/2026 15:38:39,273725,7,questionnaire-u8vu,,57405833,BLINDED,16409386,,complete,,,mobile,Samsung SM-S901B,Android 13,Facebook 570.0.0.34.87,360x780,360x649,,,0,Informacja do badania,4,CondLack,continue,,,,,,,,,,,,,,,,,,,,,,,,,,,,,,,,,,,,,,,,,,,,,,,,,,,,,,,,,,,,,,,,,,,info,,BEGIN,,,,,,,,,,,,,,,,,,,,,,,,,,,,,,,,,,,,,,,,,,,,,,,,,,,,,,,,,,,,,,,,,,,,,,,,,,,,,,,,,,,,,,,,,,,,,,,,,,,,,,,,,,,,,,,,,,,,,,,,,,,,,,,,,,,,,,,,,,,,,,,,,,,,,,,,,,,,,,,,,,,,,,,,,,,,,,,,,,,,,,,,,,,,,,,,,,,,,,,
1,1784986747208,25/07/2026 13:39:07,1784986747208,2,25/07/2026 15:39:07,273725,7,questionnaire-mxn9,,57405841,BLINDED,16409386,,complete,,,mobile,Samsung SM-S901B,Android 13,Facebook 570.0.0.34.87,360x780,360x649,,,0,1 CondLack version,8,CondLack,continue,,,7,7,7,7,7,7,7,7,7,7,7,7,7,7,7,7,7,7,7,7,3,3,3,3,3,3,3,3,2,2,2,2,2,2,2,2,3,3,3,3,2,2,2,2,2,2,2,2,3,3,3,3,1,1,1,1,3,3,3,3,,,,,info,,BEGIN,,,,,,,,,,,,,,,,,,,,,,,,,,,,,,,,,,,,,,,,,,,,,,,,,,,,,,,,,,,,,,,,,,,,,,,,,,,,,,,,,,,,,,,,,,,,,,,,,,,,,,,,,,,,,,,,,,,,,,,,,,,,,,,,,,,,,,,,,,,,,,,,,,,,,,,,,,,,,,,,,,,,,,,,,,,,,,,,,,,,,,,,,,,,,,,,,,,,,,,
1,1784986926761,25/07/2026 13:42:06,1784986926761,2,25/07/2026 15:42:06,273725,7,questionnaire-48tg,,57405868,BLINDED,16409386,,complete,,,mobile,Samsung SM-S901B,Android 13,Facebook 570.0.0.34.87,360x780,360x649,,,0,LackKontrolne,2,CondLack,continue,,,,,,,,,,,,,,,,,,,,,,,,,,,,,,,,,,,,,,,,,,,,,,,,,,,,,,,,,,,,,,,,,,,info,,BEGIN,,,,,,,TAK,1,,,,,,,,,,,,,,,,,,,,,,,,,,,,,,,,,,,,,,,,,,,,,,,,,,,,,,,,,,,,,,,,,,,,,,,,,,,,,,,,,,,,,,,,,,,,,,,,,,,,,,,,,,,,,,,,,,,,,,,,,,,,,,,,,,,,,,,,,,,,,,,,,,,,,,,,,,,,,,,,,,,,,,,,,,,,,,,,,,,,,,,,,,,,,,,
1,1784986948782,25/07/2026 13:42:28,1784986948782,2,25/07/2026 15:42:28,273725,7,questionnaire-whir,,57405872,BLINDED,16409386,,complete,,,mobile,Samsung SM-S901B,Android 13,Facebook 570.0.0.34.87,360x780,360x649,,,0,Pytania demograficzne,4,CondLack,continue,,,,,,,,,,,,,,,,,,,,,,,,,,,,,,,,,,,,,,,,,,,,,,,,,,,,,,,,,,,,,,,,,,,info,,BEGIN,,,,,,,,,,,Kobieta,2,38,wykształcenie wyższe,4,"Bardzo dobrze, język polski jest moim pierwszym językiem (językiem ojczystym)",1,1-2 semestry na studiach,2,,,,,,,,,,,,,,,,,,,,,,,,,,,,,,,,,,,,,,,,,,,,,,,,,,,,,,,,,,,,,,,,,,,,,,,,,,,,,,,,,,,,,,,,,,,,,,,,,,,,,,,,,,,,,,,,,,,,,,,,,,,,,,,,,,,,,,,,,,,,,,,,,,,,,,,,,,,,,,,,,,,,,,,,,,,,,,,,,,,,
1,1784992778008,25/07/2026 15:19:38,1784992778008,2,25/07/2026 17:19:38,273725,7,questionnaire-2hmd,,57407125,BLINDED,16409671,,complete,,,mobile,Samsung SM-A346B,Android 16,Facebook 570.0.0.34.87,384x832,384x701,,,0,Kwestionariusz poczatkowy,11,AndLack,continue,TAK,1,,,,,,,,,,,,,,,,,,,,,,,,,,,,,,,,,,,,,,,,,,,,,,,,,,,,,,,,,,,,,,,,,info,,BEGIN,,,,,,,,,,,,,,,,,,,,,,,,,,,,,,,,,,,,,,,,,,,,,,,,,,,,,,,,,,,,,,,,,,,,,,,,,,,,,,,,,,,,,,,,,,,,,,,,,,,,,,,,,,,,,,,,,,,,,,,,,,,,,,,,,,,,,,,,,,,,,,,,,,,,,,,,,,,,,,,,,,,,,,,,,,,,,,,,,,,,,,,,,,,,,,,,,,,,,,,
1,1784992788751,25/07/2026 15:19:48,1784992788751,2,25/07/2026 17:19:48,273725,7,questionnaire-u8vu,,57407127,BLINDED,16409671,,complete,,,mobile,Samsung SM-A346B,Android 16,Facebook 570.0.0.34.87,384x832,384x701,,,0,Informacja do badania,4,AndLack,continue,,,,,,,,,,,,,,,,,,,,,,,,,,,,,,,,,,,,,,,,,,,,,,,,,,,,,,,,,,,,,,,,,,,info,,BEGIN,,,,,,,,,,,,,,,,,,,,,,,,,,,,,,,,,,,,,,,,,,,,,,,,,,,,,,,,,,,,,,,,,,,,,,,,,,,,,,,,,,,,,,,,,,,,,,,,,,,,,,,,,,,,,,,,,,,,,,,,,,,,,,,,,,,,,,,,,,,,,,,,,,,,,,,,,,,,,,,,,,,,,,,,,,,,,,,,,,,,,,,,,,,,,,,,,,,,,,,
1,1784992805116,25/07/2026 15:20:05,1784992805116,2,25/07/2026 17:20:05,273725,7,questionnaire-apnj,,57407130,BLINDED,16409671,,complete,,,mobile,Samsung SM-A346B,Android 16,Facebook 570.0.0.34.87,384x832,384x701,,,0,3 AndLack version,5,AndLack,continue,,,,,,,,,,,,,,,,,,,,,,,,,,,,,,,,,,,,,,,,,,,,,,,,,,,,,,,,,,,,,,,,,,,info,,BEGIN,,,,,,,,,,,,,,,,,,,,,,,,,,,,,,,,,,,,,,,,,,,,,,,,,,,,,,,,,,,,,,,,,,,,,,,,,,,,,,,,7,7,6,6,7,7,5,5,7,7,7,7,7,7,7,7,7,7,7,7,7,7,7,7,7,7,5,5,7,7,7,7,7,7,5,5,7,7,7,7,5,5,3,3,5,5,3,3,4,4,4,4,7,7,2,2,7,7,2,2,,,,,,,,,,,,,,,,,,,,,,,,,,,,,,,,,,,,,,,,,,,,,,,,,,,,,,,,,,,,
1,1784992949728,25/07/2026 15:22:29,1784992949728,2,25/07/2026 17:22:29,273725,7,questionnaire-48tg,,57407154,BLINDED,16409671,,complete,,,mobile,Samsung SM-A346B,Android 16,Facebook 570.0.0.34.87,384x832,384x701,,,0,LackKontrolne,2,AndLack,continue,,,,,,,,,,,,,,,,,,,,,,,,,,,,,,,,,,,,,,,,,,,,,,,,,,,,,,,,,,,,,,,,,,,info,,BEGIN,,,,,,,NIE,2,,,,,,,,,,,,,,,,,,,,,,,,,,,,,,,,,,,,,,,,,,,,,,,,,,,,,,,,,,,,,,,,,,,,,,,,,,,,,,,,,,,,,,,,,,,,,,,,,,,,,,,,,,,,,,,,,,,,,,,,,,,,,,,,,,,,,,,,,,,,,,,,,,,,,,,,,,,,,,,,,,,,,,,,,,,,,,,,,,,,,,,,,,,,,,,
1,1784992964688,25/07/2026 15:22:44,1784992964688,2,25/07/2026 17:22:44,273725,7,questionnaire-whir,,57407156,BLINDED,16409671,,complete,,,mobile,Samsung SM-A346B,Android 16,Facebook 570.0.0.34.87,384x832,384x701,,,0,Pytania demograficzne,4,AndLack,continue,,,,,,,,,,,,,,,,,,,,,,,,,,,,,,,,,,,,,,,,,,,,,,,,,,,,,,,,,,,,,,,,,,,info,,BEGIN,,,,,,,,,,,Kobieta,2,21,wykształcenie wyższe,4,"Bardzo dobrze, język polski jest moim pierwszym językiem (językiem ojczystym)",1,1-2 semestry na studiach,2,,,,,,,,,,,,,,,,,,,,,,,,,,,,,,,,,,,,,,,,,,,,,,,,,,,,,,,,,,,,,,,,,,,,,,,,,,,,,,,,,,,,,,,,,,,,,,,,,,,,,,,,,,,,,,,,,,,,,,,,,,,,,,,,,,,,,,,,,,,,,,,,,,,,,,,,,,,,,,,,,,,,,,,,,,,,,,,,,,,,
1,1784993044658,25/07/2026 15:24:04,1784993044658,2,25/07/2026 17:24:04,273725,7,questionnaire-2hmd,,57407165,BLINDED,16409681,,complete,,,mobile,Samsung SM-S901B,Android 16,Facebook 570.0.0.34.87,360x780,360x649,,,0,Kwestionariusz poczatkowy,11,AndLack,continue,TAK,1,,,,,,,,,,,,,,,,,,,,,,,,,,,,,,,,,,,,,,,,,,,,,,,,,,,,,,,,,,,,,,,,,info,,BEGIN,,,,,,,,,,,,,,,,,,,,,,,,,,,,,,,,,,,,,,,,,,,,,,,,,,,,,,,,,,,,,,,,,,,,,,,,,,,,,,,,,,,,,,,,,,,,,,,,,,,,,,,,,,,,,,,,,,,,,,,,,,,,,,,,,,,,,,,,,,,,,,,,,,,,,,,,,,,,,,,,,,,,,,,,,,,,,,,,,,,,,,,,,,,,,,,,,,,,,,,
1,1784993066755,25/07/2026 15:24:26,1784993066755,2,25/07/2026 17:24:26,273725,7,questionnaire-u8vu,,57407168,BLINDED,16409681,,complete,,,mobile,Samsung SM-S901B,Android 16,Facebook 570.0.0.34.87,360x780,360x649,,,0,Informacja do badania,4,AndLack,continue,,,,,,,,,,,,,,,,,,,,,,,,,,,,,,,,,,,,,,,,,,,,,,,,,,,,,,,,,,,,,,,,,,,info,,BEGIN,,,,,,,,,,,,,,,,,,,,,,,,,,,,,,,,,,,,,,,,,,,,,,,,,,,,,,,,,,,,,,,,,,,,,,,,,,,,,,,,,,,,,,,,,,,,,,,,,,,,,,,,,,,,,,,,,,,,,,,,,,,,,,,,,,,,,,,,,,,,,,,,,,,,,,,,,,,,,,,,,,,,,,,,,,,,,,,,,,,,,,,,,,,,,,,,,,,,,,,
1,1784993123849,25/07/2026 15:25:23,1784993123849,2,25/07/2026 17:25:23,273725,7,questionnaire-apnj,,57407181,BLINDED,16409681,,complete,,,mobile,Samsung SM-S901B,Android 16,Facebook 570.0.0.34.87,360x780,360x649,,,0,3 AndLack version,5,AndLack,continue,,,,,,,,,,,,,,,,,,,,,,,,,,,,,,,,,,,,,,,,,,,,,,,,,,,,,,,,,,,,,,,,,,,info,,BEGIN,,,,,,,,,,,,,,,,,,,,,,,,,,,,,,,,,,,,,,,,,,,,,,,,,,,,,,,,,,,,,,,,,,,,,,,,,,,,,,,,7,7,4,4,7,7,7,7,6,6,7,7,7,7,6,6,7,7,7,7,7,7,7,7,7,7,6,6,7,7,7,7,7,7,6,6,7,7,7,7,6,6,3,3,5,5,2,2,6,6,2,2,6,6,3,3,6,6,3,3,,,,,,,,,,,,,,,,,,,,,,,,,,,,,,,,,,,,,,,,,,,,,,,,,,,,,,,,,,,,
1,1784993501056,25/07/2026 15:31:41,1784993501056,2,25/07/2026 17:31:41,273725,7,questionnaire-48tg,,57407249,BLINDED,16409681,,complete,,,mobile,Samsung SM-S901B,Android 16,Facebook 570.0.0.34.87,360x780,360x649,,,0,LackKontrolne,2,AndLack,continue,,,,,,,,,,,,,,,,,,,,,,,,,,,,,,,,,,,,,,,,,,,,,,,,,,,,,,,,,,,,,,,,,,,info,,BEGIN,,,,,,,NIE,2,,,,,,,,,,,,,,,,,,,,,,,,,,,,,,,,,,,,,,,,,,,,,,,,,,,,,,,,,,,,,,,,,,,,,,,,,,,,,,,,,,,,,,,,,,,,,,,,,,,,,,,,,,,,,,,,,,,,,,,,,,,,,,,,,,,,,,,,,,,,,,,,,,,,,,,,,,,,,,,,,,,,,,,,,,,,,,,,,,,,,,,,,,,,,,,
1,1784993518119,25/07/2026 15:31:58,1784993518119,2,25/07/2026 17:31:58,273725,7,questionnaire-whir,,57407252,BLINDED,16409681,,complete,,,mobile,Samsung SM-S901B,Android 16,Facebook 570.0.0.34.87,360x780,360x649,,,0,Pytania demograficzne,4,AndLack,continue,,,,,,,,,,,,,,,,,,,,,,,,,,,,,,,,,,,,,,,,,,,,,,,,,,,,,,,,,,,,,,,,,,,info,,BEGIN,,,,,,,,,,,Kobieta,2,22,w trakcie studiów,3,"Bardzo dobrze, język polski jest moim pierwszym językiem (językiem ojczystym)",1,Więcej niż dwa semestry logiki na studiach,1,,,,,,,,,,,,,,,,,,,,,,,,,,,,,,,,,,,,,,,,,,,,,,,,,,,,,,,,,,,,,,,,,,,,,,,,,,,,,,,,,,,,,,,,,,,,,,,,,,,,,,,,,,,,,,,,,,,,,,,,,,,,,,,,,,,,,,,,,,,,,,,,,,,,,,,,,,,,,,,,,,,,,,,,,,,,,,,,,,,,
1,1784994637813,25/07/2026 15:50:37,1784994637813,2,25/07/2026 17:50:37,273725,7,questionnaire-2hmd,,57407422,BLINDED,16409751,,complete,,,mobile,Samsung SM-A536B,Android 16,Facebook 571.0.0.41.92,384x854,384x766,,,0,Kwestionariusz poczatkowy,11,CondLack,continue,TAK,1,,,,,,,,,,,,,,,,,,,,,,,,,,,,,,,,,,,,,,,,,,,,,,,,,,,,,,,,,,,,,,,,,info,,BEGIN,,,,,,,,,,,,,,,,,,,,,,,,,,,,,,,,,,,,,,,,,,,,,,,,,,,,,,,,,,,,,,,,,,,,,,,,,,,,,,,,,,,,,,,,,,,,,,,,,,,,,,,,,,,,,,,,,,,,,,,,,,,,,,,,,,,,,,,,,,,,,,,,,,,,,,,,,,,,,,,,,,,,,,,,,,,,,,,,,,,,,,,,,,,,,,,,,,,,,,,
1,1784994649226,25/07/2026 15:50:49,1784994649226,2,25/07/2026 17:50:49,273725,7,questionnaire-u8vu,,57407425,BLINDED,16409751,,complete,,,mobile,Samsung SM-A536B,Android 16,Facebook 571.0.0.41.92,384x854,384x766,,,0,Informacja do badania,4,CondLack,continue,,,,,,,,,,,,,,,,,,,,,,,,,,,,,,,,,,,,,,,,,,,,,,,,,,,,,,,,,,,,,,,,,,,info,,BEGIN,,,,,,,,,,,,,,,,,,,,,,,,,,,,,,,,,,,,,,,,,,,,,,,,,,,,,,,,,,,,,,,,,,,,,,,,,,,,,,,,,,,,,,,,,,,,,,,,,,,,,,,,,,,,,,,,,,,,,,,,,,,,,,,,,,,,,,,,,,,,,,,,,,,,,,,,,,,,,,,,,,,,,,,,,,,,,,,,,,,,,,,,,,,,,,,,,,,,,,,
1,1784994672777,25/07/2026 15:51:12,1784994672777,2,25/07/2026 17:51:12,273725,7,questionnaire-mxn9,,57407429,BLINDED,16409751,,complete,,,mobile,Samsung SM-A536B,Android 16,Facebook 571.0.0.41.92,384x854,384x766,,,0,1 CondLack version,8,CondLack,continue,,,7,7,7,7,7,7,7,7,7,7,7,7,7,7,7,7,7,7,7,7,1,1,3,3,1,1,2,2,1,1,3,3,1,1,2,2,3,3,4,4,1,1,1,1,1,1,1,1,1,1,1,1,1,1,1,1,3,3,2,2,,,,,info,,BEGIN,,,,,,,,,,,,,,,,,,,,,,,,,,,,,,,,,,,,,,,,,,,,,,,,,,,,,,,,,,,,,,,,,,,,,,,,,,,,,,,,,,,,,,,,,,,,,,,,,,,,,,,,,,,,,,,,,,,,,,,,,,,,,,,,,,,,,,,,,,,,,,,,,,,,,,,,,,,,,,,,,,,,,,,,,,,,,,,,,,,,,,,,,,,,,,,,,,,,,,,
1,1784994822114,25/07/2026 15:53:42,1784994822114,2,25/07/2026 17:53:42,273725,7,questionnaire-48tg,,57407459,BLINDED,16409751,,complete,,,mobile,Samsung SM-A536B,Android 16,Facebook 571.0.0.41.92,384x854,384x766,,,0,LackKontrolne,2,CondLack,continue,,,,,,,,,,,,,,,,,,,,,,,,,,,,,,,,,,,,,,,,,,,,,,,,,,,,,,,,,,,,,,,,,,,info,,BEGIN,,,,,,,NIE,2,,,,,,,,,,,,,,,,,,,,,,,,,,,,,,,,,,,,,,,,,,,,,,,,,,,,,,,,,,,,,,,,,,,,,,,,,,,,,,,,,,,,,,,,,,,,,,,,,,,,,,,,,,,,,,,,,,,,,,,,,,,,,,,,,,,,,,,,,,,,,,,,,,,,,,,,,,,,,,,,,,,,,,,,,,,,,,,,,,,,,,,,,,,,,,,
1,1784994835323,25/07/2026 15:53:55,1784994835323,2,25/07/2026 17:53:55,273725,7,questionnaire-whir,,57407463,BLINDED,16409751,,complete,,,mobile,Samsung SM-A536B,Android 16,Facebook 571.0.0.41.92,384x854,384x766,,,0,Pytania demograficzne,4,CondLack,continue,,,,,,,,,,,,,,,,,,,,,,,,,,,,,,,,,,,,,,,,,,,,,,,,,,,,,,,,,,,,,,,,,,,info,,BEGIN,,,,,,,,,,,Kobieta,2,19,w trakcie studiów,3,"Bardzo dobrze, język polski jest moim pierwszym językiem (językiem ojczystym)",1,Brak doświadczenia,4,,,,,,,,,,,,,,,,,,,,,,,,,,,,,,,,,,,,,,,,,,,,,,,,,,,,,,,,,,,,,,,,,,,,,,,,,,,,,,,,,,,,,,,,,,,,,,,,,,,,,,,,,,,,,,,,,,,,,,,,,,,,,,,,,,,,,,,,,,,,,,,,,,,,,,,,,,,,,,,,,,,,,,,,,,,,,,,,,,,,
1,1784995640607,25/07/2026 16:07:20,1784995640607,2,25/07/2026 18:07:20,273725,7,questionnaire-2hmd,,57407615,BLINDED,16409790,,complete,,,mobile,Apple iPhone,iOS 26.5,Facebook 571.0.0.18.106,393x852,393x673,,,0,Kwestionariusz poczatkowy,11,CondWith,continue,TAK,1,,,,,,,,,,,,,,,,,,,,,,,,,,,,,,,,,,,,,,,,,,,,,,,,,,,,,,,,,,,,,,,,,info,,BEGIN,,,,,,,,,,,,,,,,,,,,,,,,,,,,,,,,,,,,,,,,,,,,,,,,,,,,,,,,,,,,,,,,,,,,,,,,,,,,,,,,,,,,,,,,,,,,,,,,,,,,,,,,,,,,,,,,,,,,,,,,,,,,,,,,,,,,,,,,,,,,,,,,,,,,,,,,,,,,,,,,,,,,,,,,,,,,,,,,,,,,,,,,,,,,,,,,,,,,,,,
1,1784995650192,25/07/2026 16:07:30,1784995650192,2,25/07/2026 18:07:30,273725,7,questionnaire-u8vu,,57407618,BLINDED,16409790,,complete,,,mobile,Apple iPhone,iOS 26.5,Facebook 571.0.0.18.106,393x852,393x673,,,0,Informacja do badania,4,CondWith,continue,,,,,,,,,,,,,,,,,,,,,,,,,,,,,,,,,,,,,,,,,,,,,,,,,,,,,,,,,,,,,,,,,,,info,,BEGIN,,,,,,,,,,,,,,,,,,,,,,,,,,,,,,,,,,,,,,,,,,,,,,,,,,,,,,,,,,,,,,,,,,,,,,,,,,,,,,,,,,,,,,,,,,,,,,,,,,,,,,,,,,,,,,,,,,,,,,,,,,,,,,,,,,,,,,,,,,,,,,,,,,,,,,,,,,,,,,,,,,,,,,,,,,,,,,,,,,,,,,,,,,,,,,,,,,,,,,,
1,1784995671827,25/07/2026 16:07:51,1784995671827,2,25/07/2026 18:07:51,273725,7,questionnaire-84x1,,57407622,BLINDED,16409790,,complete,,,mobile,Apple iPhone,iOS 26.5,Facebook 571.0.0.18.106,393x852,393x673,,,0,2 CondWith version,5,CondWith,continue,,,,,,,,,,,,,,,,,,,,,,,,,,,,,,,,,,,,,,,,,,,,,,,,,,,,,,,,,,,,,,,,,,,info,,BEGIN,,,,,,,,,,,,,,,,,,,,7,7,7,7,7,7,7,7,7,7,7,7,7,7,7,7,7,7,7,7,2,2,2,2,1,1,1,1,1,1,7,7,1,1,1,1,1,1,1,1,1,1,1,1,1,1,1,1,1,1,1,1,1,1,1,1,1,1,1,1,,,,,,,,,,,,,,,,,,,,,,,,,,,,,,,,,,,,,,,,,,,,,,,,,,,,,,,,,,,,,,,,,,,,,,,,,,,,,,,,,,,,,,,,,,,,,,,,,,,,,,,,,,,,,,,,,,,,,,,,
1,1784995871856,25/07/2026 16:11:11,1784995871856,2,25/07/2026 18:11:11,273725,7,questionnaire-knkh,,57407652,BLINDED,16409790,,complete,,,mobile,Apple iPhone,iOS 26.5,Facebook 571.0.0.18.106,393x852,393x673,,,0,WithKontrolne,2,CondWith,continue,,,,,,,,,,,,,,,,,,,,,,,,,,,,,,,,,,,,,,,,,,,,,,,,,,,,,,,,,,,,,,,,,,,info,,BEGIN,,,,,,,,,TAK,1,,,,,,,,,,,,,,,,,,,,,,,,,,,,,,,,,,,,,,,,,,,,,,,,,,,,,,,,,,,,,,,,,,,,,,,,,,,,,,,,,,,,,,,,,,,,,,,,,,,,,,,,,,,,,,,,,,,,,,,,,,,,,,,,,,,,,,,,,,,,,,,,,,,,,,,,,,,,,,,,,,,,,,,,,,,,,,,,,,,,,,,,,,,,,
1,1784995895289,25/07/2026 16:11:35,1784995895289,2,25/07/2026 18:11:35,273725,7,questionnaire-whir,,57407657,BLINDED,16409790,,complete,,,mobile,Apple iPhone,iOS 26.5,Facebook 571.0.0.18.106,393x852,393x673,,,0,Pytania demograficzne,4,CondWith,continue,,,,,,,,,,,,,,,,,,,,,,,,,,,,,,,,,,,,,,,,,,,,,,,,,,,,,,,,,,,,,,,,,,,info,,BEGIN,,,,,,,,,,,Kobieta,2,23,wykształcenie wyższe,4,"Bardzo dobrze, język polski jest moim pierwszym językiem (językiem ojczystym)",1,Logika w szkole średniej ,3,,,,,,,,,,,,,,,,,,,,,,,,,,,,,,,,,,,,,,,,,,,,,,,,,,,,,,,,,,,,,,,,,,,,,,,,,,,,,,,,,,,,,,,,,,,,,,,,,,,,,,,,,,,,,,,,,,,,,,,,,,,,,,,,,,,,,,,,,,,,,,,,,,,,,,,,,,,,,,,,,,,,,,,,,,,,,,,,,,,,
1,1784998073905,25/07/2026 16:47:53,1784998073905,2,25/07/2026 18:47:53,273725,7,questionnaire-2hmd,,57408038,BLINDED,16409891,,complete,,,mobile,Apple iPhone,iOS 26.5.2,Facebook 571.0.0.18.106,390x844,390x677,,,0,Kwestionariusz poczatkowy,11,AndWith,continue,TAK,1,,,,,,,,,,,,,,,,,,,,,,,,,,,,,,,,,,,,,,,,,,,,,,,,,,,,,,,,,,,,,,,,,info,,BEGIN,,,,,,,,,,,,,,,,,,,,,,,,,,,,,,,,,,,,,,,,,,,,,,,,,,,,,,,,,,,,,,,,,,,,,,,,,,,,,,,,,,,,,,,,,,,,,,,,,,,,,,,,,,,,,,,,,,,,,,,,,,,,,,,,,,,,,,,,,,,,,,,,,,,,,,,,,,,,,,,,,,,,,,,,,,,,,,,,,,,,,,,,,,,,,,,,,,,,,,,
1,1784998089730,25/07/2026 16:48:09,1784998089730,2,25/07/2026 18:48:09,273725,7,questionnaire-u8vu,,57408046,BLINDED,16409891,,complete,,,mobile,Apple iPhone,iOS 26.5.2,Facebook 571.0.0.18.106,390x844,390x677,,,0,Informacja do badania,4,AndWith,continue,,,,,,,,,,,,,,,,,,,,,,,,,,,,,,,,,,,,,,,,,,,,,,,,,,,,,,,,,,,,,,,,,,,info,,BEGIN,,,,,,,,,,,,,,,,,,,,,,,,,,,,,,,,,,,,,,,,,,,,,,,,,,,,,,,,,,,,,,,,,,,,,,,,,,,,,,,,,,,,,,,,,,,,,,,,,,,,,,,,,,,,,,,,,,,,,,,,,,,,,,,,,,,,,,,,,,,,,,,,,,,,,,,,,,,,,,,,,,,,,,,,,,,,,,,,,,,,,,,,,,,,,,,,,,,,,,,
1,1784998117774,25/07/2026 16:48:37,1784998117774,2,25/07/2026 18:48:37,273725,7,questionnaire-nrov,,57408052,BLINDED,16409891,,complete,,,mobile,Apple iPhone,iOS 26.5.2,Facebook 571.0.0.18.106,390x844,390x677,,,0,4 AndWith version,5,AndWith,continue,,,,,,,,,,,,,,,,,,,,,,,,,,,,,,,,,,,,,,,,,,,,,,,,,,,,,,,,,,,,,,,,,,,info,,BEGIN,,,,,,,,,,,,,,,,,,,,,,,,,,,,,,,,,,,,,,,,,,,,,,,,,,,,,,,,,,,,,,,,,,,,,,,,,,,,,,,,,,,,,,,,,,,,,,,,,,,,,,,,,,,,,,,,,,,,,,,,,,,,,,,,,,,,,,,,,,,,7,7,6,6,7,7,7,7,7,7,7,7,7,7,7,7,5,5,5,5,3,3,2,2,1,1,1,1,1,1,1,1,1,1,1,1,1,1,1,1,1,1,1,1,1,1,1,1,1,1,1,1,1,1,1,1,1,1,1,1
1,1784998266009,25/07/2026 16:51:06,1784998266009,2,25/07/2026 18:51:06,273725,7,questionnaire-knkh,,57408071,BLINDED,16409891,,complete,,,mobile,Apple iPhone,iOS 26.5.2,Facebook 571.0.0.18.106,390x844,390x677,,,0,WithKontrolne,2,AndWith,continue,,,,,,,,,,,,,,,,,,,,,,,,,,,,,,,,,,,,,,,,,,,,,,,,,,,,,,,,,,,,,,,,,,,info,,BEGIN,,,,,,,,,NIE,2,,,,,,,,,,,,,,,,,,,,,,,,,,,,,,,,,,,,,,,,,,,,,,,,,,,,,,,,,,,,,,,,,,,,,,,,,,,,,,,,,,,,,,,,,,,,,,,,,,,,,,,,,,,,,,,,,,,,,,,,,,,,,,,,,,,,,,,,,,,,,,,,,,,,,,,,,,,,,,,,,,,,,,,,,,,,,,,,,,,,,,,,,,,,,
1,1784998304164,25/07/2026 16:51:44,1784998304164,2,25/07/2026 18:51:44,273725,7,questionnaire-whir,,57408076,BLINDED,16409891,,complete,,,mobile,Apple iPhone,iOS 26.5.2,Facebook 571.0.0.18.106,390x844,390x677,,,0,Pytania demograficzne,4,AndWith,continue,,,,,,,,,,,,,,,,,,,,,,,,,,,,,,,,,,,,,,,,,,,,,,,,,,,,,,,,,,,,,,,,,,,info,,BEGIN,,,,,,,,,,,Kobieta,2,23,wykształcenie wyższe,4,"Bardzo dobrze, język polski jest moim pierwszym językiem (językiem ojczystym)",1,Brak doświadczenia,4,,,,,,,,,,,,,,,,,,,,,,,,,,,,,,,,,,,,,,,,,,,,,,,,,,,,,,,,,,,,,,,,,,,,,,,,,,,,,,,,,,,,,,,,,,,,,,,,,,,,,,,,,,,,,,,,,,,,,,,,,,,,,,,,,,,,,,,,,,,,,,,,,,,,,,,,,,,,,,,,,,,,,,,,,,,,,,,,,,,,
1,1784999165340,25/07/2026 17:06:05,1784999165340,2,25/07/2026 19:06:05,273725,7,questionnaire-2hmd,,57408156,BLINDED,16409913,,complete,,,mobile,Motorola edge,Android 16,Facebook 570.0.0.34.87,453x986,452x854,,,0,Kwestionariusz poczatkowy,11,CondLack,continue,TAK,1,,,,,,,,,,,,,,,,,,,,,,,,,,,,,,,,,,,,,,,,,,,,,,,,,,,,,,,,,,,,,,,,,info,,BEGIN,,,,,,,,,,,,,,,,,,,,,,,,,,,,,,,,,,,,,,,,,,,,,,,,,,,,,,,,,,,,,,,,,,,,,,,,,,,,,,,,,,,,,,,,,,,,,,,,,,,,,,,,,,,,,,,,,,,,,,,,,,,,,,,,,,,,,,,,,,,,,,,,,,,,,,,,,,,,,,,,,,,,,,,,,,,,,,,,,,,,,,,,,,,,,,,,,,,,,,,
1,1784999483877,25/07/2026 17:11:23,1784999483877,2,25/07/2026 19:11:23,273725,7,questionnaire-u8vu,,57408207,BLINDED,16409913,,complete,,,mobile,Motorola edge,Android 16,Facebook 570.0.0.34.87,453x986,452x854,,,0,Informacja do badania,4,CondLack,continue,,,,,,,,,,,,,,,,,,,,,,,,,,,,,,,,,,,,,,,,,,,,,,,,,,,,,,,,,,,,,,,,,,,info,,BEGIN,,,,,,,,,,,,,,,,,,,,,,,,,,,,,,,,,,,,,,,,,,,,,,,,,,,,,,,,,,,,,,,,,,,,,,,,,,,,,,,,,,,,,,,,,,,,,,,,,,,,,,,,,,,,,,,,,,,,,,,,,,,,,,,,,,,,,,,,,,,,,,,,,,,,,,,,,,,,,,,,,,,,,,,,,,,,,,,,,,,,,,,,,,,,,,,,,,,,,,,
1,1784999519415,25/07/2026 17:11:59,1784999519415,2,25/07/2026 19:11:59,273725,7,questionnaire-mxn9,,57408212,BLINDED,16409913,,complete,,,mobile,Motorola edge,Android 16,Facebook 570.0.0.34.87,453x986,452x854,,,0,1 CondLack version,8,CondLack,continue,,,7,7,5,5,7,7,6,6,7,7,6,6,7,7,7,7,7,7,6,6,1,1,1,1,1,1,1,1,1,1,1,1,1,1,1,1,1,1,1,1,3,3,1,1,1,1,1,1,1,1,1,1,3,3,1,1,1,1,1,1,,,,,info,,BEGIN,,,,,,,,,,,,,,,,,,,,,,,,,,,,,,,,,,,,,,,,,,,,,,,,,,,,,,,,,,,,,,,,,,,,,,,,,,,,,,,,,,,,,,,,,,,,,,,,,,,,,,,,,,,,,,,,,,,,,,,,,,,,,,,,,,,,,,,,,,,,,,,,,,,,,,,,,,,,,,,,,,,,,,,,,,,,,,,,,,,,,,,,,,,,,,,,,,,,,,,
1,1784999820019,25/07/2026 17:17:00,1784999820019,2,25/07/2026 19:17:00,273725,7,questionnaire-48tg,,57408244,BLINDED,16409913,,complete,,,mobile,Motorola edge,Android 16,Facebook 570.0.0.34.87,453x986,452x854,,,0,LackKontrolne,2,CondLack,continue,,,,,,,,,,,,,,,,,,,,,,,,,,,,,,,,,,,,,,,,,,,,,,,,,,,,,,,,,,,,,,,,,,,info,,BEGIN,,,,,,,NIE,2,,,,,,,,,,,,,,,,,,,,,,,,,,,,,,,,,,,,,,,,,,,,,,,,,,,,,,,,,,,,,,,,,,,,,,,,,,,,,,,,,,,,,,,,,,,,,,,,,,,,,,,,,,,,,,,,,,,,,,,,,,,,,,,,,,,,,,,,,,,,,,,,,,,,,,,,,,,,,,,,,,,,,,,,,,,,,,,,,,,,,,,,,,,,,,,
1,1784999832691,25/07/2026 17:17:12,1784999832691,2,25/07/2026 19:17:12,273725,7,questionnaire-whir,,57408245,BLINDED,16409913,,complete,,,mobile,Motorola edge,Android 16,Facebook 570.0.0.34.87,453x986,452x854,,,0,Pytania demograficzne,4,CondLack,continue,,,,,,,,,,,,,,,,,,,,,,,,,,,,,,,,,,,,,,,,,,,,,,,,,,,,,,,,,,,,,,,,,,,info,,BEGIN,,,,,,,,,,,Kobieta,2,21,w trakcie studiów,3,"Bardzo dobrze, język polski jest moim pierwszym językiem (językiem ojczystym)",1,1-2 semestry na studiach,2,,,,,,,,,,,,,,,,,,,,,,,,,,,,,,,,,,,,,,,,,,,,,,,,,,,,,,,,,,,,,,,,,,,,,,,,,,,,,,,,,,,,,,,,,,,,,,,,,,,,,,,,,,,,,,,,,,,,,,,,,,,,,,,,,,,,,,,,,,,,,,,,,,,,,,,,,,,,,,,,,,,,,,,,,,,,,,,,,,,,
1,1785005363007,25/07/2026 18:49:23,1785005363007,2,25/07/2026 20:49:23,273725,7,questionnaire-2hmd,,57408960,BLINDED,16410103,,complete,,,mobile,Samsung SM-M346B1,Android 16,Facebook 571.0.0.41.92,384x832,384x700,,,0,Kwestionariusz poczatkowy,11,AndLack,continue,TAK,1,,,,,,,,,,,,,,,,,,,,,,,,,,,,,,,,,,,,,,,,,,,,,,,,,,,,,,,,,,,,,,,,,info,,BEGIN,,,,,,,,,,,,,,,,,,,,,,,,,,,,,,,,,,,,,,,,,,,,,,,,,,,,,,,,,,,,,,,,,,,,,,,,,,,,,,,,,,,,,,,,,,,,,,,,,,,,,,,,,,,,,,,,,,,,,,,,,,,,,,,,,,,,,,,,,,,,,,,,,,,,,,,,,,,,,,,,,,,,,,,,,,,,,,,,,,,,,,,,,,,,,,,,,,,,,,,
1,1785005672749,25/07/2026 18:54:32,1785005672749,2,25/07/2026 20:54:32,273725,7,questionnaire-u8vu,,57409144,BLINDED,16410103,,complete,,,mobile,Samsung SM-M346B1,Android 16,Facebook 571.0.0.41.92,384x832,384x700,,,0,Informacja do badania,4,AndLack,continue,,,,,,,,,,,,,,,,,,,,,,,,,,,,,,,,,,,,,,,,,,,,,,,,,,,,,,,,,,,,,,,,,,,info,,BEGIN,,,,,,,,,,,,,,,,,,,,,,,,,,,,,,,,,,,,,,,,,,,,,,,,,,,,,,,,,,,,,,,,,,,,,,,,,,,,,,,,,,,,,,,,,,,,,,,,,,,,,,,,,,,,,,,,,,,,,,,,,,,,,,,,,,,,,,,,,,,,,,,,,,,,,,,,,,,,,,,,,,,,,,,,,,,,,,,,,,,,,,,,,,,,,,,,,,,,,,,
1,1785005684801,25/07/2026 18:54:44,1785005684801,2,25/07/2026 20:54:44,273725,7,questionnaire-apnj,,57409151,BLINDED,16410103,,complete,,,mobile,Samsung SM-M346B1,Android 16,Facebook 571.0.0.41.92,384x832,384x700,,,0,3 AndLack version,5,AndLack,continue,,,,,,,,,,,,,,,,,,,,,,,,,,,,,,,,,,,,,,,,,,,,,,,,,,,,,,,,,,,,,,,,,,,info,,BEGIN,,,,,,,,,,,,,,,,,,,,,,,,,,,,,,,,,,,,,,,,,,,,,,,,,,,,,,,,,,,,,,,,,,,,,,,,,,,,,,,,7,7,7,7,7,7,7,7,6,6,3,3,7,7,5,5,7,7,6,6,7,7,7,7,6,6,2,2,7,7,6,6,7,7,5,5,7,7,7,7,6,6,2,2,6,6,2,2,6,6,2,2,7,7,2,2,7,7,2,2,,,,,,,,,,,,,,,,,,,,,,,,,,,,,,,,,,,,,,,,,,,,,,,,,,,,,,,,,,,,
1,1785005886889,25/07/2026 18:58:06,1785005886889,2,25/07/2026 20:58:06,273725,7,questionnaire-48tg,,57409254,BLINDED,16410103,,complete,,,mobile,Samsung SM-M346B1,Android 16,Facebook 571.0.0.41.92,384x832,384x700,,,0,LackKontrolne,2,AndLack,continue,,,,,,,,,,,,,,,,,,,,,,,,,,,,,,,,,,,,,,,,,,,,,,,,,,,,,,,,,,,,,,,,,,,info,,BEGIN,,,,,,,NIE,2,,,,,,,,,,,,,,,,,,,,,,,,,,,,,,,,,,,,,,,,,,,,,,,,,,,,,,,,,,,,,,,,,,,,,,,,,,,,,,,,,,,,,,,,,,,,,,,,,,,,,,,,,,,,,,,,,,,,,,,,,,,,,,,,,,,,,,,,,,,,,,,,,,,,,,,,,,,,,,,,,,,,,,,,,,,,,,,,,,,,,,,,,,,,,,,
1,1785005895951,25/07/2026 18:58:15,1785005895951,2,25/07/2026 20:58:15,273725,7,questionnaire-whir,,57409268,BLINDED,16410103,,complete,,,mobile,Samsung SM-M346B1,Android 16,Facebook 571.0.0.41.92,384x832,384x700,,,0,Pytania demograficzne,4,AndLack,continue,,,,,,,,,,,,,,,,,,,,,,,,,,,,,,,,,,,,,,,,,,,,,,,,,,,,,,,,,,,,,,,,,,,info,,BEGIN,,,,,,,,,,,Mężczyzna,1,22,wykształcenie wyższe,4,"Bardzo dobrze, język polski jest moim pierwszym językiem (językiem ojczystym)",1,Więcej niż dwa semestry logiki na studiach,1,,,,,,,,,,,,,,,,,,,,,,,,,,,,,,,,,,,,,,,,,,,,,,,,,,,,,,,,,,,,,,,,,,,,,,,,,,,,,,,,,,,,,,,,,,,,,,,,,,,,,,,,,,,,,,,,,,,,,,,,,,,,,,,,,,,,,,,,,,,,,,,,,,,,,,,,,,,,,,,,,,,,,,,,,,,,,,,,,,,,
1,1785007495889,25/07/2026 19:24:55,1785007495889,2,25/07/2026 21:24:55,273725,7,questionnaire-2hmd,,57409606,BLINDED,16410169,,complete,,,mobile,Google Pixel 9a,Android 17,Facebook 570.0.0.34.87,412x924,411x761,,,0,Kwestionariusz poczatkowy,11,CondWith,continue,TAK,1,,,,,,,,,,,,,,,,,,,,,,,,,,,,,,,,,,,,,,,,,,,,,,,,,,,,,,,,,,,,,,,,,info,,BEGIN,,,,,,,,,,,,,,,,,,,,,,,,,,,,,,,,,,,,,,,,,,,,,,,,,,,,,,,,,,,,,,,,,,,,,,,,,,,,,,,,,,,,,,,,,,,,,,,,,,,,,,,,,,,,,,,,,,,,,,,,,,,,,,,,,,,,,,,,,,,,,,,,,,,,,,,,,,,,,,,,,,,,,,,,,,,,,,,,,,,,,,,,,,,,,,,,,,,,,,,
1,1785007516097,25/07/2026 19:25:16,1785007516097,2,25/07/2026 21:25:16,273725,7,questionnaire-u8vu,,57409614,BLINDED,16410169,,complete,,,mobile,Google Pixel 9a,Android 17,Facebook 570.0.0.34.87,412x924,411x761,,,0,Informacja do badania,4,CondWith,continue,,,,,,,,,,,,,,,,,,,,,,,,,,,,,,,,,,,,,,,,,,,,,,,,,,,,,,,,,,,,,,,,,,,info,,BEGIN,,,,,,,,,,,,,,,,,,,,,,,,,,,,,,,,,,,,,,,,,,,,,,,,,,,,,,,,,,,,,,,,,,,,,,,,,,,,,,,,,,,,,,,,,,,,,,,,,,,,,,,,,,,,,,,,,,,,,,,,,,,,,,,,,,,,,,,,,,,,,,,,,,,,,,,,,,,,,,,,,,,,,,,,,,,,,,,,,,,,,,,,,,,,,,,,,,,,,,,
1,1785007542034,25/07/2026 19:25:42,1785007542034,2,25/07/2026 21:25:42,273725,7,questionnaire-84x1,,57409621,BLINDED,16410169,,complete,,,mobile,Google Pixel 9a,Android 17,Facebook 570.0.0.34.87,412x924,411x761,,,0,2 CondWith version,5,CondWith,continue,,,,,,,,,,,,,,,,,,,,,,,,,,,,,,,,,,,,,,,,,,,,,,,,,,,,,,,,,,,,,,,,,,,info,,BEGIN,,,,,,,,,,,,,,,,,,,,5,5,4,4,5,5,5,5,7,7,6,6,7,7,5,5,7,7,3,3,1,1,2,2,1,1,2,2,1,1,2,2,1,1,2,2,1,1,1,1,1,1,2,2,1,1,2,2,1,1,1,1,1,1,1,1,5,5,3,3,,,,,,,,,,,,,,,,,,,,,,,,,,,,,,,,,,,,,,,,,,,,,,,,,,,,,,,,,,,,,,,,,,,,,,,,,,,,,,,,,,,,,,,,,,,,,,,,,,,,,,,,,,,,,,,,,,,,,,,,
1,1785007723277,25/07/2026 19:28:43,1785007723277,2,25/07/2026 21:28:43,273725,7,questionnaire-knkh,,57409651,BLINDED,16410169,,complete,,,mobile,Google Pixel 9a,Android 17,Facebook 570.0.0.34.87,412x924,411x761,,,0,WithKontrolne,2,CondWith,continue,,,,,,,,,,,,,,,,,,,,,,,,,,,,,,,,,,,,,,,,,,,,,,,,,,,,,,,,,,,,,,,,,,,info,,BEGIN,,,,,,,,,TAK,1,,,,,,,,,,,,,,,,,,,,,,,,,,,,,,,,,,,,,,,,,,,,,,,,,,,,,,,,,,,,,,,,,,,,,,,,,,,,,,,,,,,,,,,,,,,,,,,,,,,,,,,,,,,,,,,,,,,,,,,,,,,,,,,,,,,,,,,,,,,,,,,,,,,,,,,,,,,,,,,,,,,,,,,,,,,,,,,,,,,,,,,,,,,,,
1,1785007730440,25/07/2026 19:28:50,1785007730440,2,25/07/2026 21:28:50,273725,7,questionnaire-whir,,57409653,BLINDED,16410169,,complete,,,mobile,Google Pixel 9a,Android 17,Facebook 570.0.0.34.87,412x924,411x761,,,0,Pytania demograficzne,4,CondWith,continue,,,,,,,,,,,,,,,,,,,,,,,,,,,,,,,,,,,,,,,,,,,,,,,,,,,,,,,,,,,,,,,,,,,info,,BEGIN,,,,,,,,,,,Kobieta,2,25,wykształcenie wyższe,4,"Bardzo dobrze, język polski jest moim pierwszym językiem (językiem ojczystym)",1,1-2 semestry na studiach,2,,,,,,,,,,,,,,,,,,,,,,,,,,,,,,,,,,,,,,,,,,,,,,,,,,,,,,,,,,,,,,,,,,,,,,,,,,,,,,,,,,,,,,,,,,,,,,,,,,,,,,,,,,,,,,,,,,,,,,,,,,,,,,,,,,,,,,,,,,,,,,,,,,,,,,,,,,,,,,,,,,,,,,,,,,,,,,,,,,,,
1,1785009208584,25/07/2026 19:53:28,1785009208584,2,25/07/2026 21:53:28,273725,7,questionnaire-2hmd,,57409893,BLINDED,16410223,,complete,,,mobile,Samsung SM-J415FN,Android 9,Facebook 570.0.0.34.87,412x846,411x718,,,0,Kwestionariusz poczatkowy,11,CondWith,continue,TAK,1,,,,,,,,,,,,,,,,,,,,,,,,,,,,,,,,,,,,,,,,,,,,,,,,,,,,,,,,,,,,,,,,,info,,BEGIN,,,,,,,,,,,,,,,,,,,,,,,,,,,,,,,,,,,,,,,,,,,,,,,,,,,,,,,,,,,,,,,,,,,,,,,,,,,,,,,,,,,,,,,,,,,,,,,,,,,,,,,,,,,,,,,,,,,,,,,,,,,,,,,,,,,,,,,,,,,,,,,,,,,,,,,,,,,,,,,,,,,,,,,,,,,,,,,,,,,,,,,,,,,,,,,,,,,,,,,
1,1785009216349,25/07/2026 19:53:36,1785009216349,2,25/07/2026 21:53:36,273725,7,questionnaire-u8vu,,57409894,BLINDED,16410223,,complete,,,mobile,Samsung SM-J415FN,Android 9,Facebook 570.0.0.34.87,412x846,411x718,,,0,Informacja do badania,4,CondWith,continue,,,,,,,,,,,,,,,,,,,,,,,,,,,,,,,,,,,,,,,,,,,,,,,,,,,,,,,,,,,,,,,,,,,info,,BEGIN,,,,,,,,,,,,,,,,,,,,,,,,,,,,,,,,,,,,,,,,,,,,,,,,,,,,,,,,,,,,,,,,,,,,,,,,,,,,,,,,,,,,,,,,,,,,,,,,,,,,,,,,,,,,,,,,,,,,,,,,,,,,,,,,,,,,,,,,,,,,,,,,,,,,,,,,,,,,,,,,,,,,,,,,,,,,,,,,,,,,,,,,,,,,,,,,,,,,,,,
1,1785009229102,25/07/2026 19:53:49,1785009229102,2,25/07/2026 21:53:49,273725,7,questionnaire-84x1,,57409900,BLINDED,16410223,,complete,,,mobile,Samsung SM-J415FN,Android 9,Facebook 570.0.0.34.87,412x846,411x718,,,0,2 CondWith version,5,CondWith,continue,,,,,,,,,,,,,,,,,,,,,,,,,,,,,,,,,,,,,,,,,,,,,,,,,,,,,,,,,,,,,,,,,,,info,,BEGIN,,,,,,,,,,,,,,,,,,,,7,7,5,5,7,7,4,4,7,7,6,6,7,7,5,5,7,7,2,2,7,7,3,3,7,7,5,5,7,7,2,2,7,7,3,3,7,7,5,5,7,7,2,2,7,7,2,2,7,7,1,1,7,7,2,2,7,7,2,2,,,,,,,,,,,,,,,,,,,,,,,,,,,,,,,,,,,,,,,,,,,,,,,,,,,,,,,,,,,,,,,,,,,,,,,,,,,,,,,,,,,,,,,,,,,,,,,,,,,,,,,,,,,,,,,,,,,,,,,,
1,1785009533993,25/07/2026 19:58:53,1785009533993,2,25/07/2026 21:58:53,273725,7,questionnaire-knkh,,57409961,BLINDED,16410223,,complete,,,mobile,Samsung SM-J415FN,Android 9,Facebook 570.0.0.34.87,412x846,411x718,,,0,WithKontrolne,2,CondWith,continue,,,,,,,,,,,,,,,,,,,,,,,,,,,,,,,,,,,,,,,,,,,,,,,,,,,,,,,,,,,,,,,,,,,info,,BEGIN,,,,,,,,,TAK,1,,,,,,,,,,,,,,,,,,,,,,,,,,,,,,,,,,,,,,,,,,,,,,,,,,,,,,,,,,,,,,,,,,,,,,,,,,,,,,,,,,,,,,,,,,,,,,,,,,,,,,,,,,,,,,,,,,,,,,,,,,,,,,,,,,,,,,,,,,,,,,,,,,,,,,,,,,,,,,,,,,,,,,,,,,,,,,,,,,,,,,,,,,,,,
1,1785009549629,25/07/2026 19:59:09,1785009549629,2,25/07/2026 21:59:09,273725,7,questionnaire-whir,,57409963,BLINDED,16410223,,complete,,,mobile,Samsung SM-J415FN,Android 9,Facebook 570.0.0.34.87,412x846,411x718,,,0,Pytania demograficzne,4,CondWith,continue,,,,,,,,,,,,,,,,,,,,,,,,,,,,,,,,,,,,,,,,,,,,,,,,,,,,,,,,,,,,,,,,,,,info,,BEGIN,,,,,,,,,,,Mężczyzna,1,25,wykształcenie wyższe,4,"Bardzo dobrze, język polski jest moim pierwszym językiem (językiem ojczystym)",1,Więcej niż dwa semestry logiki na studiach,1,,,,,,,,,,,,,,,,,,,,,,,,,,,,,,,,,,,,,,,,,,,,,,,,,,,,,,,,,,,,,,,,,,,,,,,,,,,,,,,,,,,,,,,,,,,,,,,,,,,,,,,,,,,,,,,,,,,,,,,,,,,,,,,,,,,,,,,,,,,,,,,,,,,,,,,,,,,,,,,,,,,,,,,,,,,,,,,,,,,,
1,1785012043015,25/07/2026 20:40:43,1785012043015,2,25/07/2026 22:40:43,273725,7,questionnaire-2hmd,,57410311,BLINDED,16410327,,complete,,,mobile,Apple iPhone,iOS 16.6,Facebook 570.0.0.20.108,390x844,390x677,,,0,Kwestionariusz poczatkowy,11,CondLack,continue,TAK,1,,,,,,,,,,,,,,,,,,,,,,,,,,,,,,,,,,,,,,,,,,,,,,,,,,,,,,,,,,,,,,,,,info,,BEGIN,,,,,,,,,,,,,,,,,,,,,,,,,,,,,,,,,,,,,,,,,,,,,,,,,,,,,,,,,,,,,,,,,,,,,,,,,,,,,,,,,,,,,,,,,,,,,,,,,,,,,,,,,,,,,,,,,,,,,,,,,,,,,,,,,,,,,,,,,,,,,,,,,,,,,,,,,,,,,,,,,,,,,,,,,,,,,,,,,,,,,,,,,,,,,,,,,,,,,,,
1,1785012049196,25/07/2026 20:40:49,1785012049196,2,25/07/2026 22:40:49,273725,7,questionnaire-u8vu,,57410312,BLINDED,16410327,,complete,,,mobile,Apple iPhone,iOS 16.6,Facebook 570.0.0.20.108,390x844,390x677,,,0,Informacja do badania,4,CondLack,continue,,,,,,,,,,,,,,,,,,,,,,,,,,,,,,,,,,,,,,,,,,,,,,,,,,,,,,,,,,,,,,,,,,,info,,BEGIN,,,,,,,,,,,,,,,,,,,,,,,,,,,,,,,,,,,,,,,,,,,,,,,,,,,,,,,,,,,,,,,,,,,,,,,,,,,,,,,,,,,,,,,,,,,,,,,,,,,,,,,,,,,,,,,,,,,,,,,,,,,,,,,,,,,,,,,,,,,,,,,,,,,,,,,,,,,,,,,,,,,,,,,,,,,,,,,,,,,,,,,,,,,,,,,,,,,,,,,
1,1785012082720,25/07/2026 20:41:22,1785012082720,2,25/07/2026 22:41:22,273725,7,questionnaire-mxn9,,57410318,BLINDED,16410327,,complete,,,mobile,Apple iPhone,iOS 16.6,Facebook 570.0.0.20.108,390x844,390x677,,,0,1 CondLack version,8,CondLack,continue,,,7,7,5,5,7,7,6,6,7,7,6,6,7,7,5,5,5,5,4,4,2,2,2,2,2,2,2,2,2,2,2,2,2,2,2,2,3,3,2,2,2,2,2,2,2,2,2,2,3,3,2,2,2,2,2,2,2,2,2,2,,,,,info,,BEGIN,,,,,,,,,,,,,,,,,,,,,,,,,,,,,,,,,,,,,,,,,,,,,,,,,,,,,,,,,,,,,,,,,,,,,,,,,,,,,,,,,,,,,,,,,,,,,,,,,,,,,,,,,,,,,,,,,,,,,,,,,,,,,,,,,,,,,,,,,,,,,,,,,,,,,,,,,,,,,,,,,,,,,,,,,,,,,,,,,,,,,,,,,,,,,,,,,,,,,,,
1,1785012303076,25/07/2026 20:45:03,1785012303076,2,25/07/2026 22:45:03,273725,7,questionnaire-48tg,,57410339,BLINDED,16410327,,complete,,,mobile,Apple iPhone,iOS 16.6,Facebook 570.0.0.20.108,390x844,390x677,,,0,LackKontrolne,2,CondLack,continue,,,,,,,,,,,,,,,,,,,,,,,,,,,,,,,,,,,,,,,,,,,,,,,,,,,,,,,,,,,,,,,,,,,info,,BEGIN,,,,,,,NIE,2,,,,,,,,,,,,,,,,,,,,,,,,,,,,,,,,,,,,,,,,,,,,,,,,,,,,,,,,,,,,,,,,,,,,,,,,,,,,,,,,,,,,,,,,,,,,,,,,,,,,,,,,,,,,,,,,,,,,,,,,,,,,,,,,,,,,,,,,,,,,,,,,,,,,,,,,,,,,,,,,,,,,,,,,,,,,,,,,,,,,,,,,,,,,,,,
1,1785012314282,25/07/2026 20:45:14,1785012314282,2,25/07/2026 22:45:14,273725,7,questionnaire-whir,,57410344,BLINDED,16410327,,complete,,,mobile,Apple iPhone,iOS 16.6,Facebook 570.0.0.20.108,390x844,390x677,,,0,Pytania demograficzne,4,CondLack,continue,,,,,,,,,,,,,,,,,,,,,,,,,,,,,,,,,,,,,,,,,,,,,,,,,,,,,,,,,,,,,,,,,,,info,,BEGIN,,,,,,,,,,,Kobieta,2,18,w trakcie studiów,3,"Bardzo dobrze, język polski jest moim pierwszym językiem (językiem ojczystym)",1,Brak doświadczenia,4,,,,,,,,,,,,,,,,,,,,,,,,,,,,,,,,,,,,,,,,,,,,,,,,,,,,,,,,,,,,,,,,,,,,,,,,,,,,,,,,,,,,,,,,,,,,,,,,,,,,,,,,,,,,,,,,,,,,,,,,,,,,,,,,,,,,,,,,,,,,,,,,,,,,,,,,,,,,,,,,,,,,,,,,,,,,,,,,,,,,
1,1785014473038,25/07/2026 21:21:13,1785014473038,2,25/07/2026 23:21:13,273725,7,questionnaire-2hmd,,57410613,BLINDED,16410395,,complete,,,mobile,Samsung SM-S911B,Android 16,Facebook 571.0.0.41.92,360x780,360x643,,,0,Kwestionariusz poczatkowy,11,AndLack,continue,TAK,1,,,,,,,,,,,,,,,,,,,,,,,,,,,,,,,,,,,,,,,,,,,,,,,,,,,,,,,,,,,,,,,,,info,,BEGIN,,,,,,,,,,,,,,,,,,,,,,,,,,,,,,,,,,,,,,,,,,,,,,,,,,,,,,,,,,,,,,,,,,,,,,,,,,,,,,,,,,,,,,,,,,,,,,,,,,,,,,,,,,,,,,,,,,,,,,,,,,,,,,,,,,,,,,,,,,,,,,,,,,,,,,,,,,,,,,,,,,,,,,,,,,,,,,,,,,,,,,,,,,,,,,,,,,,,,,,
1,1785014489508,25/07/2026 21:21:29,1785014489508,2,25/07/2026 23:21:29,273725,7,questionnaire-u8vu,,57410614,BLINDED,16410395,,complete,,,mobile,Samsung SM-S911B,Android 16,Facebook 571.0.0.41.92,360x780,360x643,,,0,Informacja do badania,4,AndLack,continue,,,,,,,,,,,,,,,,,,,,,,,,,,,,,,,,,,,,,,,,,,,,,,,,,,,,,,,,,,,,,,,,,,,info,,BEGIN,,,,,,,,,,,,,,,,,,,,,,,,,,,,,,,,,,,,,,,,,,,,,,,,,,,,,,,,,,,,,,,,,,,,,,,,,,,,,,,,,,,,,,,,,,,,,,,,,,,,,,,,,,,,,,,,,,,,,,,,,,,,,,,,,,,,,,,,,,,,,,,,,,,,,,,,,,,,,,,,,,,,,,,,,,,,,,,,,,,,,,,,,,,,,,,,,,,,,,,
1,1785014506194,25/07/2026 21:21:46,1785014506194,2,25/07/2026 23:21:46,273725,7,questionnaire-apnj,,57410616,BLINDED,16410395,,complete,,,mobile,Samsung SM-S911B,Android 16,Facebook 571.0.0.41.92,360x780,360x643,,,0,3 AndLack version,5,AndLack,continue,,,,,,,,,,,,,,,,,,,,,,,,,,,,,,,,,,,,,,,,,,,,,,,,,,,,,,,,,,,,,,,,,,,info,,BEGIN,,,,,,,,,,,,,,,,,,,,,,,,,,,,,,,,,,,,,,,,,,,,,,,,,,,,,,,,,,,,,,,,,,,,,,,,,,,,,,,,7,7,7,7,7,7,4,4,7,7,7,7,6,6,5,5,7,7,7,7,7,7,7,7,7,7,4,4,6,6,4,4,7,7,4,4,7,7,7,7,5,5,1,1,3,3,1,1,6,6,1,1,4,4,1,1,5,5,3,3,,,,,,,,,,,,,,,,,,,,,,,,,,,,,,,,,,,,,,,,,,,,,,,,,,,,,,,,,,,,
1,1785014680648,25/07/2026 21:24:40,1785014680648,2,25/07/2026 23:24:40,273725,7,questionnaire-48tg,,57410638,BLINDED,16410395,,complete,,,mobile,Samsung SM-S911B,Android 16,Facebook 571.0.0.41.92,360x780,360x643,,,0,LackKontrolne,2,AndLack,continue,,,,,,,,,,,,,,,,,,,,,,,,,,,,,,,,,,,,,,,,,,,,,,,,,,,,,,,,,,,,,,,,,,,info,,BEGIN,,,,,,,NIE,2,,,,,,,,,,,,,,,,,,,,,,,,,,,,,,,,,,,,,,,,,,,,,,,,,,,,,,,,,,,,,,,,,,,,,,,,,,,,,,,,,,,,,,,,,,,,,,,,,,,,,,,,,,,,,,,,,,,,,,,,,,,,,,,,,,,,,,,,,,,,,,,,,,,,,,,,,,,,,,,,,,,,,,,,,,,,,,,,,,,,,,,,,,,,,,,
1,1785014688572,25/07/2026 21:24:48,1785014688572,2,25/07/2026 23:24:48,273725,7,questionnaire-whir,,57410640,BLINDED,16410395,,complete,,,mobile,Samsung SM-S911B,Android 16,Facebook 571.0.0.41.92,360x780,360x643,,,0,Pytania demograficzne,4,AndLack,continue,,,,,,,,,,,,,,,,,,,,,,,,,,,,,,,,,,,,,,,,,,,,,,,,,,,,,,,,,,,,,,,,,,,info,,BEGIN,,,,,,,,,,,Kobieta,2,19,w trakcie studiów,3,"Bardzo dobrze, język polski jest moim pierwszym językiem (językiem ojczystym)",1,1-2 semestry na studiach,2,,,,,,,,,,,,,,,,,,,,,,,,,,,,,,,,,,,,,,,,,,,,,,,,,,,,,,,,,,,,,,,,,,,,,,,,,,,,,,,,,,,,,,,,,,,,,,,,,,,,,,,,,,,,,,,,,,,,,,,,,,,,,,,,,,,,,,,,,,,,,,,,,,,,,,,,,,,,,,,,,,,,,,,,,,,,,,,,,,,,
1,1785092055248,26/07/2026 18:54:15,1785092055248,2,26/07/2026 20:54:15,273725,7,questionnaire-2hmd,,57418288,BLINDED,16412317,,complete,,,mobile,Samsung SM-A536B,Android 16,Facebook 571.0.0.41.92,384x854,384x718,,,0,Kwestionariusz poczatkowy,11,CondLack,continue,TAK,1,,,,,,,,,,,,,,,,,,,,,,,,,,,,,,,,,,,,,,,,,,,,,,,,,,,,,,,,,,,,,,,,,info,,BEGIN,,,,,,,,,,,,,,,,,,,,,,,,,,,,,,,,,,,,,,,,,,,,,,,,,,,,,,,,,,,,,,,,,,,,,,,,,,,,,,,,,,,,,,,,,,,,,,,,,,,,,,,,,,,,,,,,,,,,,,,,,,,,,,,,,,,,,,,,,,,,,,,,,,,,,,,,,,,,,,,,,,,,,,,,,,,,,,,,,,,,,,,,,,,,,,,,,,,,,,,
1,1785092066507,26/07/2026 18:54:26,1785092066507,2,26/07/2026 20:54:26,273725,7,questionnaire-u8vu,,57418290,BLINDED,16412317,,complete,,,mobile,Samsung SM-A536B,Android 16,Facebook 571.0.0.41.92,384x854,384x718,,,0,Informacja do badania,4,CondLack,continue,,,,,,,,,,,,,,,,,,,,,,,,,,,,,,,,,,,,,,,,,,,,,,,,,,,,,,,,,,,,,,,,,,,info,,BEGIN,,,,,,,,,,,,,,,,,,,,,,,,,,,,,,,,,,,,,,,,,,,,,,,,,,,,,,,,,,,,,,,,,,,,,,,,,,,,,,,,,,,,,,,,,,,,,,,,,,,,,,,,,,,,,,,,,,,,,,,,,,,,,,,,,,,,,,,,,,,,,,,,,,,,,,,,,,,,,,,,,,,,,,,,,,,,,,,,,,,,,,,,,,,,,,,,,,,,,,,
1,1785092087568,26/07/2026 18:54:47,1785092087568,2,26/07/2026 20:54:47,273725,7,questionnaire-mxn9,,57418293,BLINDED,16412317,,complete,,,mobile,Samsung SM-A536B,Android 16,Facebook 571.0.0.41.92,384x854,384x718,,,0,1 CondLack version,8,CondLack,continue,,,7,7,7,7,7,7,7,7,7,7,7,7,7,7,7,7,7,7,7,7,5,5,7,7,3,3,5,5,2,2,6,6,5,5,7,7,6,6,7,7,2,2,3,3,3,3,5,5,3,3,6,6,2,2,4,4,3,3,6,6,,,,,info,,BEGIN,,,,,,,,,,,,,,,,,,,,,,,,,,,,,,,,,,,,,,,,,,,,,,,,,,,,,,,,,,,,,,,,,,,,,,,,,,,,,,,,,,,,,,,,,,,,,,,,,,,,,,,,,,,,,,,,,,,,,,,,,,,,,,,,,,,,,,,,,,,,,,,,,,,,,,,,,,,,,,,,,,,,,,,,,,,,,,,,,,,,,,,,,,,,,,,,,,,,,,,
1,1785092595189,26/07/2026 19:03:15,1785092595189,2,26/07/2026 21:03:15,273725,7,questionnaire-48tg,,57418416,BLINDED,16412317,,complete,,,mobile,Samsung SM-A536B,Android 16,Facebook 571.0.0.41.92,384x854,384x718,,,0,LackKontrolne,2,CondLack,continue,,,,,,,,,,,,,,,,,,,,,,,,,,,,,,,,,,,,,,,,,,,,,,,,,,,,,,,,,,,,,,,,,,,info,,BEGIN,,,,,,,NIE,2,,,,,,,,,,,,,,,,,,,,,,,,,,,,,,,,,,,,,,,,,,,,,,,,,,,,,,,,,,,,,,,,,,,,,,,,,,,,,,,,,,,,,,,,,,,,,,,,,,,,,,,,,,,,,,,,,,,,,,,,,,,,,,,,,,,,,,,,,,,,,,,,,,,,,,,,,,,,,,,,,,,,,,,,,,,,,,,,,,,,,,,,,,,,,,,
1,1785092616061,26/07/2026 19:03:36,1785092616061,2,26/07/2026 21:03:36,273725,7,questionnaire-whir,,57418424,BLINDED,16412317,,complete,,,mobile,Samsung SM-A536B,Android 16,Facebook 571.0.0.41.92,384x854,384x718,,,0,Pytania demograficzne,4,CondLack,continue,,,,,,,,,,,,,,,,,,,,,,,,,,,,,,,,,,,,,,,,,,,,,,,,,,,,,,,,,,,,,,,,,,,info,,BEGIN,,,,,,,,,,,Kobieta,2,22,wykształcenie wyższe,4,"Bardzo dobrze, język polski jest moim pierwszym językiem (językiem ojczystym)",1,Więcej niż dwa semestry logiki na studiach,1,,,,,,,,,,,,,,,,,,,,,,,,,,,,,,,,,,,,,,,,,,,,,,,,,,,,,,,,,,,,,,,,,,,,,,,,,,,,,,,,,,,,,,,,,,,,,,,,,,,,,,,,,,,,,,,,,,,,,,,,,,,,,,,,,,,,,,,,,,,,,,,,,,,,,,,,,,,,,,,,,,,,,,,,,,,,,,,,,,,,
1,1785092551748,26/07/2026 19:02:31,1785092551748,2,26/07/2026 21:02:31,273725,7,questionnaire-2hmd,,57418403,BLINDED,16412355,,complete,,,mobile,Samsung SM-A536B,Android 15,Facebook 558.0.0.46.77,384x854,384x726,,,0,Kwestionariusz poczatkowy,11,AndLack,continue,TAK,1,,,,,,,,,,,,,,,,,,,,,,,,,,,,,,,,,,,,,,,,,,,,,,,,,,,,,,,,,,,,,,,,,info,,BEGIN,,,,,,,,,,,,,,,,,,,,,,,,,,,,,,,,,,,,,,,,,,,,,,,,,,,,,,,,,,,,,,,,,,,,,,,,,,,,,,,,,,,,,,,,,,,,,,,,,,,,,,,,,,,,,,,,,,,,,,,,,,,,,,,,,,,,,,,,,,,,,,,,,,,,,,,,,,,,,,,,,,,,,,,,,,,,,,,,,,,,,,,,,,,,,,,,,,,,,,,
1,1785092569259,26/07/2026 19:02:49,1785092569259,2,26/07/2026 21:02:49,273725,7,questionnaire-u8vu,,57418412,BLINDED,16412355,,complete,,,mobile,Samsung SM-A536B,Android 15,Facebook 558.0.0.46.77,384x854,384x726,,,0,Informacja do badania,4,AndLack,continue,,,,,,,,,,,,,,,,,,,,,,,,,,,,,,,,,,,,,,,,,,,,,,,,,,,,,,,,,,,,,,,,,,,info,,BEGIN,,,,,,,,,,,,,,,,,,,,,,,,,,,,,,,,,,,,,,,,,,,,,,,,,,,,,,,,,,,,,,,,,,,,,,,,,,,,,,,,,,,,,,,,,,,,,,,,,,,,,,,,,,,,,,,,,,,,,,,,,,,,,,,,,,,,,,,,,,,,,,,,,,,,,,,,,,,,,,,,,,,,,,,,,,,,,,,,,,,,,,,,,,,,,,,,,,,,,,,
1,1785092588078,26/07/2026 19:03:08,1785092588078,2,26/07/2026 21:03:08,273725,7,questionnaire-apnj,,57418414,BLINDED,16412355,,complete,,,mobile,Samsung SM-A536B,Android 15,Facebook 558.0.0.46.77,384x854,384x726,,,0,3 AndLack version,5,AndLack,continue,,,,,,,,,,,,,,,,,,,,,,,,,,,,,,,,,,,,,,,,,,,,,,,,,,,,,,,,,,,,,,,,,,,info,,BEGIN,,,,,,,,,,,,,,,,,,,,,,,,,,,,,,,,,,,,,,,,,,,,,,,,,,,,,,,,,,,,,,,,,,,,,,,,,,,,,,,,7,7,4,4,7,7,2,2,6,6,5,5,7,7,3,3,7,7,6,6,7,7,4,4,7,7,1,1,6,6,5,5,6,6,4,4,7,7,6,6,6,6,1,1,5,5,1,1,7,7,1,1,4,4,1,1,3,3,1,1,,,,,,,,,,,,,,,,,,,,,,,,,,,,,,,,,,,,,,,,,,,,,,,,,,,,,,,,,,,,
1,1785092823921,26/07/2026 19:07:03,1785092823921,2,26/07/2026 21:07:03,273725,7,questionnaire-48tg,,57418474,BLINDED,16412355,,complete,,,mobile,Samsung SM-A536B,Android 15,Facebook 558.0.0.46.77,384x854,384x726,,,0,LackKontrolne,2,AndLack,continue,,,,,,,,,,,,,,,,,,,,,,,,,,,,,,,,,,,,,,,,,,,,,,,,,,,,,,,,,,,,,,,,,,,info,,BEGIN,,,,,,,NIE,2,,,,,,,,,,,,,,,,,,,,,,,,,,,,,,,,,,,,,,,,,,,,,,,,,,,,,,,,,,,,,,,,,,,,,,,,,,,,,,,,,,,,,,,,,,,,,,,,,,,,,,,,,,,,,,,,,,,,,,,,,,,,,,,,,,,,,,,,,,,,,,,,,,,,,,,,,,,,,,,,,,,,,,,,,,,,,,,,,,,,,,,,,,,,,,,
1,1785092833479,26/07/2026 19:07:13,1785092833479,2,26/07/2026 21:07:13,273725,7,questionnaire-whir,,57418476,BLINDED,16412355,,complete,,,mobile,Samsung SM-A536B,Android 15,Facebook 558.0.0.46.77,384x854,384x726,,,0,Pytania demograficzne,4,AndLack,continue,,,,,,,,,,,,,,,,,,,,,,,,,,,,,,,,,,,,,,,,,,,,,,,,,,,,,,,,,,,,,,,,,,,info,,BEGIN,,,,,,,,,,,Kobieta,2,41,wykształcenie wyższe,4,"Bardzo dobrze, język polski jest moim pierwszym językiem (językiem ojczystym)",1,1-2 semestry na studiach,2,,,,,,,,,,,,,,,,,,,,,,,,,,,,,,,,,,,,,,,,,,,,,,,,,,,,,,,,,,,,,,,,,,,,,,,,,,,,,,,,,,,,,,,,,,,,,,,,,,,,,,,,,,,,,,,,,,,,,,,,,,,,,,,,,,,,,,,,,,,,,,,,,,,,,,,,,,,,,,,,,,,,,,,,,,,,,,,,,,,,
1,1785092642494,26/07/2026 19:04:02,1785092642494,2,26/07/2026 21:04:02,273725,7,questionnaire-2hmd,,57418431,BLINDED,16412357,,complete,,,mobile,Apple iPhone,iOS 18.7,Mobile Safari 26.5.2,375x667,375x506,,,0,Kwestionariusz poczatkowy,11,AndWith,continue,TAK,1,,,,,,,,,,,,,,,,,,,,,,,,,,,,,,,,,,,,,,,,,,,,,,,,,,,,,,,,,,,,,,,,,info,,BEGIN,,,,,,,,,,,,,,,,,,,,,,,,,,,,,,,,,,,,,,,,,,,,,,,,,,,,,,,,,,,,,,,,,,,,,,,,,,,,,,,,,,,,,,,,,,,,,,,,,,,,,,,,,,,,,,,,,,,,,,,,,,,,,,,,,,,,,,,,,,,,,,,,,,,,,,,,,,,,,,,,,,,,,,,,,,,,,,,,,,,,,,,,,,,,,,,,,,,,,,,
1,1785092670408,26/07/2026 19:04:30,1785092670408,2,26/07/2026 21:04:30,273725,7,questionnaire-u8vu,,57418438,BLINDED,16412357,,complete,,,mobile,Apple iPhone,iOS 18.7,Mobile Safari 26.5.2,375x667,375x549,,,0,Informacja do badania,4,AndWith,continue,,,,,,,,,,,,,,,,,,,,,,,,,,,,,,,,,,,,,,,,,,,,,,,,,,,,,,,,,,,,,,,,,,,info,,BEGIN,,,,,,,,,,,,,,,,,,,,,,,,,,,,,,,,,,,,,,,,,,,,,,,,,,,,,,,,,,,,,,,,,,,,,,,,,,,,,,,,,,,,,,,,,,,,,,,,,,,,,,,,,,,,,,,,,,,,,,,,,,,,,,,,,,,,,,,,,,,,,,,,,,,,,,,,,,,,,,,,,,,,,,,,,,,,,,,,,,,,,,,,,,,,,,,,,,,,,,,
1,1785092696971,26/07/2026 19:04:56,1785092696971,2,26/07/2026 21:04:56,273725,7,questionnaire-nrov,,57418448,BLINDED,16412357,,complete,,,mobile,Apple iPhone,iOS 18.7,Mobile Safari 26.5.2,375x667,375x549,,,0,4 AndWith version,5,AndWith,continue,,,,,,,,,,,,,,,,,,,,,,,,,,,,,,,,,,,,,,,,,,,,,,,,,,,,,,,,,,,,,,,,,,,info,,BEGIN,,,,,,,,,,,,,,,,,,,,,,,,,,,,,,,,,,,,,,,,,,,,,,,,,,,,,,,,,,,,,,,,,,,,,,,,,,,,,,,,,,,,,,,,,,,,,,,,,,,,,,,,,,,,,,,,,,,,,,,,,,,,,,,,,,,,,,,,,,,,6,6,6,6,2,2,6,6,6,6,6,6,2,2,6,6,7,7,7,7,7,7,7,7,2,2,2,2,1,1,1,1,1,1,1,1,5,5,4,4,1,1,1,1,1,1,1,1,2,2,2,2,1,1,1,1,1,1,1,1
1,1785093197877,26/07/2026 19:13:17,1785093197877,2,26/07/2026 21:13:17,273725,7,questionnaire-knkh,,57418547,BLINDED,16412357,,complete,,,mobile,Apple iPhone,iOS 18.7,Mobile Safari 26.5.2,375x667,375x549,,,0,WithKontrolne,2,AndWith,continue,,,,,,,,,,,,,,,,,,,,,,,,,,,,,,,,,,,,,,,,,,,,,,,,,,,,,,,,,,,,,,,,,,,info,,BEGIN,,,,,,,,,TAK,1,,,,,,,,,,,,,,,,,,,,,,,,,,,,,,,,,,,,,,,,,,,,,,,,,,,,,,,,,,,,,,,,,,,,,,,,,,,,,,,,,,,,,,,,,,,,,,,,,,,,,,,,,,,,,,,,,,,,,,,,,,,,,,,,,,,,,,,,,,,,,,,,,,,,,,,,,,,,,,,,,,,,,,,,,,,,,,,,,,,,,,,,,,,,,
1,1785093207836,26/07/2026 19:13:27,1785093207836,2,26/07/2026 21:13:27,273725,7,questionnaire-whir,,57418550,BLINDED,16412357,,complete,,,mobile,Apple iPhone,iOS 18.7,Mobile Safari 26.5.2,375x667,375x549,,,0,Pytania demograficzne,4,AndWith,continue,,,,,,,,,,,,,,,,,,,,,,,,,,,,,,,,,,,,,,,,,,,,,,,,,,,,,,,,,,,,,,,,,,,info,,BEGIN,,,,,,,,,,,Kobieta,2,51,wykształcenie średnie,2,Dobrze,3,Logika w szkole średniej ,3,,,,,,,,,,,,,,,,,,,,,,,,,,,,,,,,,,,,,,,,,,,,,,,,,,,,,,,,,,,,,,,,,,,,,,,,,,,,,,,,,,,,,,,,,,,,,,,,,,,,,,,,,,,,,,,,,,,,,,,,,,,,,,,,,,,,,,,,,,,,,,,,,,,,,,,,,,,,,,,,,,,,,,,,,,,,,,,,,,,,
1,1785093313502,26/07/2026 19:15:13,1785093313502,2,26/07/2026 21:15:13,273725,7,questionnaire-2hmd,,57418574,BLINDED,16412396,,complete,,,mobile,undefined K,Android 10,Opera 100.0.0.0,360x780,360x585,,,0,Kwestionariusz poczatkowy,11,AndWith,continue,TAK,1,,,,,,,,,,,,,,,,,,,,,,,,,,,,,,,,,,,,,,,,,,,,,,,,,,,,,,,,,,,,,,,,,info,,BEGIN,,,,,,,,,,,,,,,,,,,,,,,,,,,,,,,,,,,,,,,,,,,,,,,,,,,,,,,,,,,,,,,,,,,,,,,,,,,,,,,,,,,,,,,,,,,,,,,,,,,,,,,,,,,,,,,,,,,,,,,,,,,,,,,,,,,,,,,,,,,,,,,,,,,,,,,,,,,,,,,,,,,,,,,,,,,,,,,,,,,,,,,,,,,,,,,,,,,,,,,
1,1785093321483,26/07/2026 19:15:21,1785093321483,2,26/07/2026 21:15:21,273725,7,questionnaire-u8vu,,57418576,BLINDED,16412396,,complete,,,mobile,undefined K,Android 10,Opera 100.0.0.0,360x780,360x585,,,0,Informacja do badania,4,AndWith,continue,,,,,,,,,,,,,,,,,,,,,,,,,,,,,,,,,,,,,,,,,,,,,,,,,,,,,,,,,,,,,,,,,,,info,,BEGIN,,,,,,,,,,,,,,,,,,,,,,,,,,,,,,,,,,,,,,,,,,,,,,,,,,,,,,,,,,,,,,,,,,,,,,,,,,,,,,,,,,,,,,,,,,,,,,,,,,,,,,,,,,,,,,,,,,,,,,,,,,,,,,,,,,,,,,,,,,,,,,,,,,,,,,,,,,,,,,,,,,,,,,,,,,,,,,,,,,,,,,,,,,,,,,,,,,,,,,,
1,1785093361870,26/07/2026 19:16:01,1785093361870,2,26/07/2026 21:16:01,273725,7,questionnaire-nrov,,57418591,BLINDED,16412396,,complete,,,mobile,undefined K,Android 10,Opera 100.0.0.0,360x780,360x585,,,0,4 AndWith version,5,AndWith,continue,,,,,,,,,,,,,,,,,,,,,,,,,,,,,,,,,,,,,,,,,,,,,,,,,,,,,,,,,,,,,,,,,,,info,,BEGIN,,,,,,,,,,,,,,,,,,,,,,,,,,,,,,,,,,,,,,,,,,,,,,,,,,,,,,,,,,,,,,,,,,,,,,,,,,,,,,,,,,,,,,,,,,,,,,,,,,,,,,,,,,,,,,,,,,,,,,,,,,,,,,,,,,,,,,,,,,,,7,7,7,7,4,4,7,7,7,7,7,7,7,7,7,7,4,4,4,4,4,4,4,4,3,3,2,2,2,2,1,1,2,2,2,2,3,3,2,2,1,1,1,1,2,2,1,1,1,1,1,1,1,1,1,1,1,1,1,1
1,1785093805460,26/07/2026 19:23:25,1785093805460,2,26/07/2026 21:23:25,273725,7,questionnaire-knkh,,57418683,BLINDED,16412396,,complete,,,mobile,undefined K,Android 10,Opera 100.0.0.0,360x780,360x585,,,0,WithKontrolne,2,AndWith,continue,,,,,,,,,,,,,,,,,,,,,,,,,,,,,,,,,,,,,,,,,,,,,,,,,,,,,,,,,,,,,,,,,,,info,,BEGIN,,,,,,,,,TAK,1,,,,,,,,,,,,,,,,,,,,,,,,,,,,,,,,,,,,,,,,,,,,,,,,,,,,,,,,,,,,,,,,,,,,,,,,,,,,,,,,,,,,,,,,,,,,,,,,,,,,,,,,,,,,,,,,,,,,,,,,,,,,,,,,,,,,,,,,,,,,,,,,,,,,,,,,,,,,,,,,,,,,,,,,,,,,,,,,,,,,,,,,,,,,,
1,1785093817615,26/07/2026 19:23:37,1785093817615,2,26/07/2026 21:23:37,273725,7,questionnaire-whir,,57418687,BLINDED,16412396,,complete,,,mobile,undefined K,Android 10,Opera 100.0.0.0,360x780,360x585,,,0,Pytania demograficzne,4,AndWith,continue,,,,,,,,,,,,,,,,,,,,,,,,,,,,,,,,,,,,,,,,,,,,,,,,,,,,,,,,,,,,,,,,,,,info,,BEGIN,,,,,,,,,,,Mężczyzna,1,55,wykształcenie wyższe,4,"Bardzo dobrze, język polski jest moim pierwszym językiem (językiem ojczystym)",1,Logika w szkole średniej ,3,,,,,,,,,,,,,,,,,,,,,,,,,,,,,,,,,,,,,,,,,,,,,,,,,,,,,,,,,,,,,,,,,,,,,,,,,,,,,,,,,,,,,,,,,,,,,,,,,,,,,,,,,,,,,,,,,,,,,,,,,,,,,,,,,,,,,,,,,,,,,,,,,,,,,,,,,,,,,,,,,,,,,,,,,,,,,,,,,,,,
1,1785094986797,26/07/2026 19:43:06,1785094986797,2,26/07/2026 21:43:06,273725,7,questionnaire-2hmd,,57418869,BLINDED,16412475,,complete,,,mobile,undefined K,Android 10,Chrome 150.0.0.0,360x780,360x674,,,0,Kwestionariusz poczatkowy,11,CondLack,continue,TAK,1,,,,,,,,,,,,,,,,,,,,,,,,,,,,,,,,,,,,,,,,,,,,,,,,,,,,,,,,,,,,,,,,,info,,BEGIN,,,,,,,,,,,,,,,,,,,,,,,,,,,,,,,,,,,,,,,,,,,,,,,,,,,,,,,,,,,,,,,,,,,,,,,,,,,,,,,,,,,,,,,,,,,,,,,,,,,,,,,,,,,,,,,,,,,,,,,,,,,,,,,,,,,,,,,,,,,,,,,,,,,,,,,,,,,,,,,,,,,,,,,,,,,,,,,,,,,,,,,,,,,,,,,,,,,,,,,
1,1785095011405,26/07/2026 19:43:31,1785095011405,2,26/07/2026 21:43:31,273725,7,questionnaire-u8vu,,57418874,BLINDED,16412475,,complete,,,mobile,undefined K,Android 10,Chrome 150.0.0.0,360x780,360x674,,,0,Informacja do badania,4,CondLack,continue,,,,,,,,,,,,,,,,,,,,,,,,,,,,,,,,,,,,,,,,,,,,,,,,,,,,,,,,,,,,,,,,,,,info,,BEGIN,,,,,,,,,,,,,,,,,,,,,,,,,,,,,,,,,,,,,,,,,,,,,,,,,,,,,,,,,,,,,,,,,,,,,,,,,,,,,,,,,,,,,,,,,,,,,,,,,,,,,,,,,,,,,,,,,,,,,,,,,,,,,,,,,,,,,,,,,,,,,,,,,,,,,,,,,,,,,,,,,,,,,,,,,,,,,,,,,,,,,,,,,,,,,,,,,,,,,,,
1,1785095074967,26/07/2026 19:44:34,1785095074967,2,26/07/2026 21:44:34,273725,7,questionnaire-mxn9,,57418888,BLINDED,16412475,,complete,,,mobile,undefined K,Android 10,Chrome 150.0.0.0,360x780,360x674,,,0,1 CondLack version,8,CondLack,continue,,,7,7,7,7,7,7,7,7,7,7,7,7,7,7,7,7,7,7,7,7,2,2,4,4,2,2,4,4,2,2,2,2,1,1,2,2,2,2,2,2,1,1,1,1,1,1,1,1,1,1,1,1,1,1,1,1,2,2,4,4,,,,,info,,BEGIN,,,,,,,,,,,,,,,,,,,,,,,,,,,,,,,,,,,,,,,,,,,,,,,,,,,,,,,,,,,,,,,,,,,,,,,,,,,,,,,,,,,,,,,,,,,,,,,,,,,,,,,,,,,,,,,,,,,,,,,,,,,,,,,,,,,,,,,,,,,,,,,,,,,,,,,,,,,,,,,,,,,,,,,,,,,,,,,,,,,,,,,,,,,,,,,,,,,,,,,
1,1785095476240,26/07/2026 19:51:16,1785095476240,2,26/07/2026 21:51:16,273725,7,questionnaire-48tg,,57418941,BLINDED,16412475,,complete,,,mobile,undefined K,Android 10,Chrome 150.0.0.0,360x780,360x674,,,0,LackKontrolne,2,CondLack,continue,,,,,,,,,,,,,,,,,,,,,,,,,,,,,,,,,,,,,,,,,,,,,,,,,,,,,,,,,,,,,,,,,,,info,,BEGIN,,,,,,,NIE,2,,,,,,,,,,,,,,,,,,,,,,,,,,,,,,,,,,,,,,,,,,,,,,,,,,,,,,,,,,,,,,,,,,,,,,,,,,,,,,,,,,,,,,,,,,,,,,,,,,,,,,,,,,,,,,,,,,,,,,,,,,,,,,,,,,,,,,,,,,,,,,,,,,,,,,,,,,,,,,,,,,,,,,,,,,,,,,,,,,,,,,,,,,,,,,,
1,1785095493173,26/07/2026 19:51:33,1785095493173,2,26/07/2026 21:51:33,273725,7,questionnaire-whir,,57418944,BLINDED,16412475,,complete,,,mobile,undefined K,Android 10,Chrome 150.0.0.0,360x780,360x674,,,0,Pytania demograficzne,4,CondLack,continue,,,,,,,,,,,,,,,,,,,,,,,,,,,,,,,,,,,,,,,,,,,,,,,,,,,,,,,,,,,,,,,,,,,info,,BEGIN,,,,,,,,,,,Kobieta,2,55,wykształcenie wyższe,4,"Bardzo dobrze, język polski jest moim pierwszym językiem (językiem ojczystym)",1,Brak doświadczenia,4,,,,,,,,,,,,,,,,,,,,,,,,,,,,,,,,,,,,,,,,,,,,,,,,,,,,,,,,,,,,,,,,,,,,,,,,,,,,,,,,,,,,,,,,,,,,,,,,,,,,,,,,,,,,,,,,,,,,,,,,,,,,,,,,,,,,,,,,,,,,,,,,,,,,,,,,,,,,,,,,,,,,,,,,,,,,,,,,,,,,
1,1785095614750,26/07/2026 19:53:34,1785095614750,2,26/07/2026 21:53:34,273725,7,questionnaire-2hmd,,57418958,BLINDED,16412491,,complete,,,mobile,undefined K,Android 10,Chrome 150.0.0.0,384x832,384x693,,,0,Kwestionariusz poczatkowy,11,AndLack,continue,TAK,1,,,,,,,,,,,,,,,,,,,,,,,,,,,,,,,,,,,,,,,,,,,,,,,,,,,,,,,,,,,,,,,,,info,,BEGIN,,,,,,,,,,,,,,,,,,,,,,,,,,,,,,,,,,,,,,,,,,,,,,,,,,,,,,,,,,,,,,,,,,,,,,,,,,,,,,,,,,,,,,,,,,,,,,,,,,,,,,,,,,,,,,,,,,,,,,,,,,,,,,,,,,,,,,,,,,,,,,,,,,,,,,,,,,,,,,,,,,,,,,,,,,,,,,,,,,,,,,,,,,,,,,,,,,,,,,,
1,1785095622792,26/07/2026 19:53:42,1785095622792,2,26/07/2026 21:53:42,273725,7,questionnaire-u8vu,,57418961,BLINDED,16412491,,complete,,,mobile,undefined K,Android 10,Chrome 150.0.0.0,384x832,384x693,,,0,Informacja do badania,4,AndLack,continue,,,,,,,,,,,,,,,,,,,,,,,,,,,,,,,,,,,,,,,,,,,,,,,,,,,,,,,,,,,,,,,,,,,info,,BEGIN,,,,,,,,,,,,,,,,,,,,,,,,,,,,,,,,,,,,,,,,,,,,,,,,,,,,,,,,,,,,,,,,,,,,,,,,,,,,,,,,,,,,,,,,,,,,,,,,,,,,,,,,,,,,,,,,,,,,,,,,,,,,,,,,,,,,,,,,,,,,,,,,,,,,,,,,,,,,,,,,,,,,,,,,,,,,,,,,,,,,,,,,,,,,,,,,,,,,,,,
1,1785095635955,26/07/2026 19:53:55,1785095635955,2,26/07/2026 21:53:55,273725,7,questionnaire-apnj,,57418964,BLINDED,16412491,,complete,,,mobile,undefined K,Android 10,Chrome 150.0.0.0,384x832,384x693,,,0,3 AndLack version,5,AndLack,continue,,,,,,,,,,,,,,,,,,,,,,,,,,,,,,,,,,,,,,,,,,,,,,,,,,,,,,,,,,,,,,,,,,,info,,BEGIN,,,,,,,,,,,,,,,,,,,,,,,,,,,,,,,,,,,,,,,,,,,,,,,,,,,,,,,,,,,,,,,,,,,,,,,,,,,,,,,,2,2,3,3,2,2,3,3,3,3,3,3,3,3,2,2,3,3,3,3,4,4,4,4,5,5,4,4,5,5,5,5,4,4,4,4,7,7,6,6,7,7,6,6,6,6,6,6,4,4,5,5,5,5,5,5,7,7,4,4,,,,,,,,,,,,,,,,,,,,,,,,,,,,,,,,,,,,,,,,,,,,,,,,,,,,,,,,,,,,
1,1785096111393,26/07/2026 20:01:51,1785096111393,2,26/07/2026 22:01:51,273725,7,questionnaire-48tg,,57419036,BLINDED,16412491,,complete,,,mobile,undefined K,Android 10,Chrome 150.0.0.0,384x832,384x693,,,0,LackKontrolne,2,AndLack,continue,,,,,,,,,,,,,,,,,,,,,,,,,,,,,,,,,,,,,,,,,,,,,,,,,,,,,,,,,,,,,,,,,,,info,,BEGIN,,,,,,,NIE,2,,,,,,,,,,,,,,,,,,,,,,,,,,,,,,,,,,,,,,,,,,,,,,,,,,,,,,,,,,,,,,,,,,,,,,,,,,,,,,,,,,,,,,,,,,,,,,,,,,,,,,,,,,,,,,,,,,,,,,,,,,,,,,,,,,,,,,,,,,,,,,,,,,,,,,,,,,,,,,,,,,,,,,,,,,,,,,,,,,,,,,,,,,,,,,,
1,1785096127579,26/07/2026 20:02:07,1785096127579,2,26/07/2026 22:02:07,273725,7,questionnaire-whir,,57419041,BLINDED,16412491,,complete,,,mobile,undefined K,Android 10,Chrome 150.0.0.0,384x832,384x693,,,0,Pytania demograficzne,4,AndLack,continue,,,,,,,,,,,,,,,,,,,,,,,,,,,,,,,,,,,,,,,,,,,,,,,,,,,,,,,,,,,,,,,,,,,info,,BEGIN,,,,,,,,,,,Mężczyzna,1,44,wykształcenie wyższe,4,"Bardzo dobrze, język polski jest moim pierwszym językiem (językiem ojczystym)",1,1-2 semestry na studiach,2,,,,,,,,,,,,,,,,,,,,,,,,,,,,,,,,,,,,,,,,,,,,,,,,,,,,,,,,,,,,,,,,,,,,,,,,,,,,,,,,,,,,,,,,,,,,,,,,,,,,,,,,,,,,,,,,,,,,,,,,,,,,,,,,,,,,,,,,,,,,,,,,,,,,,,,,,,,,,,,,,,,,,,,,,,,,,,,,,,,,
1,1785107644533,26/07/2026 23:14:04,1785107644533,9,27/07/2026 08:14:04,273725,7,questionnaire-2hmd,,57420374,BLINDED,16412890,,complete,,,mobile,undefined K,Android 10,Chrome 150.0.0.0,511x1136,511x1002,,,0,Kwestionariusz poczatkowy,11,CondLack,continue,TAK,1,,,,,,,,,,,,,,,,,,,,,,,,,,,,,,,,,,,,,,,,,,,,,,,,,,,,,,,,,,,,,,,,,info,,BEGIN,,,,,,,,,,,,,,,,,,,,,,,,,,,,,,,,,,,,,,,,,,,,,,,,,,,,,,,,,,,,,,,,,,,,,,,,,,,,,,,,,,,,,,,,,,,,,,,,,,,,,,,,,,,,,,,,,,,,,,,,,,,,,,,,,,,,,,,,,,,,,,,,,,,,,,,,,,,,,,,,,,,,,,,,,,,,,,,,,,,,,,,,,,,,,,,,,,,,,,,
1,1785107680843,26/07/2026 23:14:40,1785107680843,9,27/07/2026 08:14:40,273725,7,questionnaire-u8vu,,57420375,BLINDED,16412890,,complete,,,mobile,undefined K,Android 10,Chrome 150.0.0.0,511x1136,511x1002,,,0,Informacja do badania,4,CondLack,continue,,,,,,,,,,,,,,,,,,,,,,,,,,,,,,,,,,,,,,,,,,,,,,,,,,,,,,,,,,,,,,,,,,,info,,BEGIN,,,,,,,,,,,,,,,,,,,,,,,,,,,,,,,,,,,,,,,,,,,,,,,,,,,,,,,,,,,,,,,,,,,,,,,,,,,,,,,,,,,,,,,,,,,,,,,,,,,,,,,,,,,,,,,,,,,,,,,,,,,,,,,,,,,,,,,,,,,,,,,,,,,,,,,,,,,,,,,,,,,,,,,,,,,,,,,,,,,,,,,,,,,,,,,,,,,,,,,
1,1785107751233,26/07/2026 23:15:51,1785107751233,9,27/07/2026 08:15:51,273725,7,questionnaire-mxn9,,57420380,BLINDED,16412890,,complete,,,mobile,undefined K,Android 10,Chrome 150.0.0.0,511x1136,511x1002,,,0,1 CondLack version,8,CondLack,continue,,,5,5,7,7,7,7,6,6,7,7,7,7,7,7,7,7,6,6,4,4,1,1,7,7,6,6,5,5,7,7,7,7,1,1,5,5,1,1,7,7,1,1,7,7,1,1,7,7,1,1,7,7,6,6,7,7,1,1,7,7,,,,,info,,BEGIN,,,,,,,,,,,,,,,,,,,,,,,,,,,,,,,,,,,,,,,,,,,,,,,,,,,,,,,,,,,,,,,,,,,,,,,,,,,,,,,,,,,,,,,,,,,,,,,,,,,,,,,,,,,,,,,,,,,,,,,,,,,,,,,,,,,,,,,,,,,,,,,,,,,,,,,,,,,,,,,,,,,,,,,,,,,,,,,,,,,,,,,,,,,,,,,,,,,,,,,
1,1785108236333,26/07/2026 23:23:56,1785108236333,9,27/07/2026 08:23:56,273725,7,questionnaire-48tg,,57420400,BLINDED,16412890,,complete,,,mobile,undefined K,Android 10,Chrome 150.0.0.0,511x1136,511x1002,,,0,LackKontrolne,2,CondLack,continue,,,,,,,,,,,,,,,,,,,,,,,,,,,,,,,,,,,,,,,,,,,,,,,,,,,,,,,,,,,,,,,,,,,info,,BEGIN,,,,,,,NIE,2,,,,,,,,,,,,,,,,,,,,,,,,,,,,,,,,,,,,,,,,,,,,,,,,,,,,,,,,,,,,,,,,,,,,,,,,,,,,,,,,,,,,,,,,,,,,,,,,,,,,,,,,,,,,,,,,,,,,,,,,,,,,,,,,,,,,,,,,,,,,,,,,,,,,,,,,,,,,,,,,,,,,,,,,,,,,,,,,,,,,,,,,,,,,,,,
1,1785108267205,26/07/2026 23:24:27,1785108267205,9,27/07/2026 08:24:27,273725,7,questionnaire-whir,,57420403,BLINDED,16412890,,complete,,,mobile,undefined K,Android 10,Chrome 150.0.0.0,511x1136,511x1002,,,0,Pytania demograficzne,4,CondLack,continue,,,,,,,,,,,,,,,,,,,,,,,,,,,,,,,,,,,,,,,,,,,,,,,,,,,,,,,,,,,,,,,,,,,info,,BEGIN,,,,,,,,,,,Mężczyzna,1,29,wykształcenie średnie,2,"Bardzo dobrze, język polski jest moim pierwszym językiem (językiem ojczystym)",1,1-2 semestry na studiach,2,,,,,,,,,,,,,,,,,,,,,,,,,,,,,,,,,,,,,,,,,,,,,,,,,,,,,,,,,,,,,,,,,,,,,,,,,,,,,,,,,,,,,,,,,,,,,,,,,,,,,,,,,,,,,,,,,,,,,,,,,,,,,,,,,,,,,,,,,,,,,,,,,,,,,,,,,,,,,,,,,,,,,,,,,,,,,,,,,,,,
1,1785132048617,27/07/2026 06:00:48,1785132048617,2,27/07/2026 08:00:48,273725,7,questionnaire-2hmd,,57421503,BLINDED,16413248,,complete,,,mobile,Apple iPhone,iOS 18.7,Mobile Safari 26.5.2,402x874,402x714,,,0,Kwestionariusz poczatkowy,11,CondWith,continue,TAK,1,,,,,,,,,,,,,,,,,,,,,,,,,,,,,,,,,,,,,,,,,,,,,,,,,,,,,,,,,,,,,,,,,info,,BEGIN,,,,,,,,,,,,,,,,,,,,,,,,,,,,,,,,,,,,,,,,,,,,,,,,,,,,,,,,,,,,,,,,,,,,,,,,,,,,,,,,,,,,,,,,,,,,,,,,,,,,,,,,,,,,,,,,,,,,,,,,,,,,,,,,,,,,,,,,,,,,,,,,,,,,,,,,,,,,,,,,,,,,,,,,,,,,,,,,,,,,,,,,,,,,,,,,,,,,,,,
1,1785132057493,27/07/2026 06:00:57,1785132057493,2,27/07/2026 08:00:57,273725,7,questionnaire-u8vu,,57421504,BLINDED,16413248,,complete,,,mobile,Apple iPhone,iOS 18.7,Mobile Safari 26.5.2,402x874,402x714,,,0,Informacja do badania,4,CondWith,continue,,,,,,,,,,,,,,,,,,,,,,,,,,,,,,,,,,,,,,,,,,,,,,,,,,,,,,,,,,,,,,,,,,,info,,BEGIN,,,,,,,,,,,,,,,,,,,,,,,,,,,,,,,,,,,,,,,,,,,,,,,,,,,,,,,,,,,,,,,,,,,,,,,,,,,,,,,,,,,,,,,,,,,,,,,,,,,,,,,,,,,,,,,,,,,,,,,,,,,,,,,,,,,,,,,,,,,,,,,,,,,,,,,,,,,,,,,,,,,,,,,,,,,,,,,,,,,,,,,,,,,,,,,,,,,,,,,
1,1785132084743,27/07/2026 06:01:24,1785132084743,2,27/07/2026 08:01:24,273725,7,questionnaire-84x1,,57421512,BLINDED,16413248,,complete,,,mobile,Apple iPhone,iOS 18.7,Mobile Safari 26.5.2,402x874,402x714,,,0,2 CondWith version,5,CondWith,continue,,,,,,,,,,,,,,,,,,,,,,,,,,,,,,,,,,,,,,,,,,,,,,,,,,,,,,,,,,,,,,,,,,,info,,BEGIN,,,,,,,,,,,,,,,,,,,,6,6,6,6,6,6,5,5,6,6,6,6,5,5,5,5,5,5,2,2,1,1,1,1,1,1,1,1,1,1,1,1,1,1,1,1,1,1,1,1,1,1,1,1,1,1,1,1,1,1,1,1,1,1,1,1,1,1,1,1,,,,,,,,,,,,,,,,,,,,,,,,,,,,,,,,,,,,,,,,,,,,,,,,,,,,,,,,,,,,,,,,,,,,,,,,,,,,,,,,,,,,,,,,,,,,,,,,,,,,,,,,,,,,,,,,,,,,,,,,
1,1785132266988,27/07/2026 06:04:26,1785132266988,2,27/07/2026 08:04:26,273725,7,questionnaire-knkh,,57421527,BLINDED,16413248,,complete,,,mobile,Apple iPhone,iOS 18.7,Mobile Safari 26.5.2,402x874,402x714,,,0,WithKontrolne,2,CondWith,continue,,,,,,,,,,,,,,,,,,,,,,,,,,,,,,,,,,,,,,,,,,,,,,,,,,,,,,,,,,,,,,,,,,,info,,BEGIN,,,,,,,,,TAK,1,,,,,,,,,,,,,,,,,,,,,,,,,,,,,,,,,,,,,,,,,,,,,,,,,,,,,,,,,,,,,,,,,,,,,,,,,,,,,,,,,,,,,,,,,,,,,,,,,,,,,,,,,,,,,,,,,,,,,,,,,,,,,,,,,,,,,,,,,,,,,,,,,,,,,,,,,,,,,,,,,,,,,,,,,,,,,,,,,,,,,,,,,,,,,
1,1785132278492,27/07/2026 06:04:38,1785132278492,2,27/07/2026 08:04:38,273725,7,questionnaire-whir,,57421529,BLINDED,16413248,,complete,,,mobile,Apple iPhone,iOS 18.7,Mobile Safari 26.5.2,402x874,402x714,,,0,Pytania demograficzne,4,CondWith,continue,,,,,,,,,,,,,,,,,,,,,,,,,,,,,,,,,,,,,,,,,,,,,,,,,,,,,,,,,,,,,,,,,,,info,,BEGIN,,,,,,,,,,,Mężczyzna,1,35,wykształcenie wyższe,4,"Bardzo dobrze, język polski jest moim pierwszym językiem (językiem ojczystym)",1,1-2 semestry na studiach,2,,,,,,,,,,,,,,,,,,,,,,,,,,,,,,,,,,,,,,,,,,,,,,,,,,,,,,,,,,,,,,,,,,,,,,,,,,,,,,,,,,,,,,,,,,,,,,,,,,,,,,,,,,,,,,,,,,,,,,,,,,,,,,,,,,,,,,,,,,,,,,,,,,,,,,,,,,,,,,,,,,,,,,,,,,,,,,,,,,,,
1,1785134812678,27/07/2026 06:46:52,1785134812678,2,27/07/2026 08:46:52,273725,7,questionnaire-2hmd,,57421748,BLINDED,16413306,,complete,,,mobile,undefined K,Android 10,Chrome 150.0.0.0,360x780,360x593,,,0,Kwestionariusz poczatkowy,11,CondWith,continue,TAK,1,,,,,,,,,,,,,,,,,,,,,,,,,,,,,,,,,,,,,,,,,,,,,,,,,,,,,,,,,,,,,,,,,info,,BEGIN,,,,,,,,,,,,,,,,,,,,,,,,,,,,,,,,,,,,,,,,,,,,,,,,,,,,,,,,,,,,,,,,,,,,,,,,,,,,,,,,,,,,,,,,,,,,,,,,,,,,,,,,,,,,,,,,,,,,,,,,,,,,,,,,,,,,,,,,,,,,,,,,,,,,,,,,,,,,,,,,,,,,,,,,,,,,,,,,,,,,,,,,,,,,,,,,,,,,,,,
1,1785134824610,27/07/2026 06:47:04,1785134824610,2,27/07/2026 08:47:04,273725,7,questionnaire-u8vu,,57421754,BLINDED,16413306,,complete,,,mobile,undefined K,Android 10,Chrome 150.0.0.0,360x780,360x593,,,0,Informacja do badania,4,CondWith,continue,,,,,,,,,,,,,,,,,,,,,,,,,,,,,,,,,,,,,,,,,,,,,,,,,,,,,,,,,,,,,,,,,,,info,,BEGIN,,,,,,,,,,,,,,,,,,,,,,,,,,,,,,,,,,,,,,,,,,,,,,,,,,,,,,,,,,,,,,,,,,,,,,,,,,,,,,,,,,,,,,,,,,,,,,,,,,,,,,,,,,,,,,,,,,,,,,,,,,,,,,,,,,,,,,,,,,,,,,,,,,,,,,,,,,,,,,,,,,,,,,,,,,,,,,,,,,,,,,,,,,,,,,,,,,,,,,,
1,1785135701093,27/07/2026 07:01:41,1785135701093,2,27/07/2026 09:01:41,273725,7,questionnaire-84x1,,57421873,BLINDED,16413306,,complete,,,mobile,undefined K,Android 10,Chrome 150.0.0.0,360x780,360x593,,,0,2 CondWith version,5,CondWith,continue,,,,,,,,,,,,,,,,,,,,,,,,,,,,,,,,,,,,,,,,,,,,,,,,,,,,,,,,,,,,,,,,,,,info,,BEGIN,,,,,,,,,,,,,,,,,,,,7,7,7,7,6,6,7,7,7,7,7,7,5,5,5,5,6,6,6,6,3,3,3,3,2,2,2,2,1,1,2,2,1,1,3,3,2,2,3,3,1,1,1,1,1,1,2,2,1,1,2,2,1,1,2,2,1,1,3,3,,,,,,,,,,,,,,,,,,,,,,,,,,,,,,,,,,,,,,,,,,,,,,,,,,,,,,,,,,,,,,,,,,,,,,,,,,,,,,,,,,,,,,,,,,,,,,,,,,,,,,,,,,,,,,,,,,,,,,,,
1,1785136216780,27/07/2026 07:10:16,1785136216780,2,27/07/2026 09:10:16,273725,7,questionnaire-knkh,,57421956,BLINDED,16413306,,complete,,,mobile,undefined K,Android 10,Chrome 150.0.0.0,360x780,360x593,,,0,WithKontrolne,2,CondWith,continue,,,,,,,,,,,,,,,,,,,,,,,,,,,,,,,,,,,,,,,,,,,,,,,,,,,,,,,,,,,,,,,,,,,info,,BEGIN,,,,,,,,,TAK,1,,,,,,,,,,,,,,,,,,,,,,,,,,,,,,,,,,,,,,,,,,,,,,,,,,,,,,,,,,,,,,,,,,,,,,,,,,,,,,,,,,,,,,,,,,,,,,,,,,,,,,,,,,,,,,,,,,,,,,,,,,,,,,,,,,,,,,,,,,,,,,,,,,,,,,,,,,,,,,,,,,,,,,,,,,,,,,,,,,,,,,,,,,,,,
1,1785136229903,27/07/2026 07:10:29,1785136229903,2,27/07/2026 09:10:29,273725,7,questionnaire-whir,,57421960,BLINDED,16413306,,complete,,,mobile,undefined K,Android 10,Chrome 150.0.0.0,360x780,360x593,,,0,Pytania demograficzne,4,CondWith,continue,,,,,,,,,,,,,,,,,,,,,,,,,,,,,,,,,,,,,,,,,,,,,,,,,,,,,,,,,,,,,,,,,,,info,,BEGIN,,,,,,,,,,,Mężczyzna,1,39,wykształcenie wyższe,4,"Bardzo dobrze, język polski jest moim pierwszym językiem (językiem ojczystym)",1,Logika w szkole średniej ,3,,,,,,,,,,,,,,,,,,,,,,,,,,,,,,,,,,,,,,,,,,,,,,,,,,,,,,,,,,,,,,,,,,,,,,,,,,,,,,,,,,,,,,,,,,,,,,,,,,,,,,,,,,,,,,,,,,,,,,,,,,,,,,,,,,,,,,,,,,,,,,,,,,,,,,,,,,,,,,,,,,,,,,,,,,,,,,,,,,,,
1,1785150561312,27/07/2026 11:09:21,1785150561312,2,27/07/2026 13:09:21,273725,7,questionnaire-2hmd,,57426602,BLINDED,16414316,,complete,,,mobile,Apple iPhone,iOS 26.5.2,Facebook 571.0.0.18.106,440x956,440x774,,,0,Kwestionariusz poczatkowy,11,AndLack,continue,TAK,1,,,,,,,,,,,,,,,,,,,,,,,,,,,,,,,,,,,,,,,,,,,,,,,,,,,,,,,,,,,,,,,,,info,,BEGIN,,,,,,,,,,,,,,,,,,,,,,,,,,,,,,,,,,,,,,,,,,,,,,,,,,,,,,,,,,,,,,,,,,,,,,,,,,,,,,,,,,,,,,,,,,,,,,,,,,,,,,,,,,,,,,,,,,,,,,,,,,,,,,,,,,,,,,,,,,,,,,,,,,,,,,,,,,,,,,,,,,,,,,,,,,,,,,,,,,,,,,,,,,,,,,,,,,,,,,,
1,1785150571509,27/07/2026 11:09:31,1785150571509,2,27/07/2026 13:09:31,273725,7,questionnaire-u8vu,,57426610,BLINDED,16414316,,complete,,,mobile,Apple iPhone,iOS 26.5.2,Facebook 571.0.0.18.106,440x956,440x774,,,0,Informacja do badania,4,AndLack,continue,,,,,,,,,,,,,,,,,,,,,,,,,,,,,,,,,,,,,,,,,,,,,,,,,,,,,,,,,,,,,,,,,,,info,,BEGIN,,,,,,,,,,,,,,,,,,,,,,,,,,,,,,,,,,,,,,,,,,,,,,,,,,,,,,,,,,,,,,,,,,,,,,,,,,,,,,,,,,,,,,,,,,,,,,,,,,,,,,,,,,,,,,,,,,,,,,,,,,,,,,,,,,,,,,,,,,,,,,,,,,,,,,,,,,,,,,,,,,,,,,,,,,,,,,,,,,,,,,,,,,,,,,,,,,,,,,,
1,1785150580039,27/07/2026 11:09:40,1785150580039,2,27/07/2026 13:09:40,273725,7,questionnaire-apnj,,57426624,BLINDED,16414316,,complete,,,mobile,Apple iPhone,iOS 26.5.2,Facebook 571.0.0.18.106,440x956,440x774,,,0,3 AndLack version,5,AndLack,continue,,,,,,,,,,,,,,,,,,,,,,,,,,,,,,,,,,,,,,,,,,,,,,,,,,,,,,,,,,,,,,,,,,,info,,BEGIN,,,,,,,,,,,,,,,,,,,,,,,,,,,,,,,,,,,,,,,,,,,,,,,,,,,,,,,,,,,,,,,,,,,,,,,,,,,,,,,,7,7,7,7,7,7,5,5,6,6,5,5,6,6,5,5,7,7,7,7,7,7,7,7,5,5,4,4,6,6,7,7,7,7,4,4,7,7,7,7,3,3,1,1,5,5,1,1,1,1,1,1,5,5,1,1,5,5,2,2,,,,,,,,,,,,,,,,,,,,,,,,,,,,,,,,,,,,,,,,,,,,,,,,,,,,,,,,,,,,
1,1785151314191,27/07/2026 11:21:54,1785151314191,2,27/07/2026 13:21:54,273725,7,questionnaire-48tg,,57427012,BLINDED,16414316,,complete,,,mobile,Apple iPhone,iOS 26.5.2,Facebook 571.0.0.18.106,440x956,440x774,,,0,LackKontrolne,2,AndLack,continue,,,,,,,,,,,,,,,,,,,,,,,,,,,,,,,,,,,,,,,,,,,,,,,,,,,,,,,,,,,,,,,,,,,info,,BEGIN,,,,,,,NIE,2,,,,,,,,,,,,,,,,,,,,,,,,,,,,,,,,,,,,,,,,,,,,,,,,,,,,,,,,,,,,,,,,,,,,,,,,,,,,,,,,,,,,,,,,,,,,,,,,,,,,,,,,,,,,,,,,,,,,,,,,,,,,,,,,,,,,,,,,,,,,,,,,,,,,,,,,,,,,,,,,,,,,,,,,,,,,,,,,,,,,,,,,,,,,,,,
1,1785151324855,27/07/2026 11:22:04,1785151324855,2,27/07/2026 13:22:04,273725,7,questionnaire-whir,,57427020,BLINDED,16414316,,complete,,,mobile,Apple iPhone,iOS 26.5.2,Facebook 571.0.0.18.106,440x956,440x774,,,0,Pytania demograficzne,4,AndLack,continue,,,,,,,,,,,,,,,,,,,,,,,,,,,,,,,,,,,,,,,,,,,,,,,,,,,,,,,,,,,,,,,,,,,info,,BEGIN,,,,,,,,,,,Kobieta,2,27,wykształcenie wyższe,4,"Bardzo dobrze, język polski jest moim pierwszym językiem (językiem ojczystym)",1,Brak doświadczenia,4,,,,,,,,,,,,,,,,,,,,,,,,,,,,,,,,,,,,,,,,,,,,,,,,,,,,,,,,,,,,,,,,,,,,,,,,,,,,,,,,,,,,,,,,,,,,,,,,,,,,,,,,,,,,,,,,,,,,,,,,,,,,,,,,,,,,,,,,,,,,,,,,,,,,,,,,,,,,,,,,,,,,,,,,,,,,,,,,,,,,
1,1785188383557,27/07/2026 21:39:43,1785188383557,2,27/07/2026 23:39:43,273725,7,questionnaire-2hmd,,57439258,BLINDED,16417861,,complete,,,mobile,Apple iPhone,iOS 26.5.2,Facebook 571.0.0.18.106,390x844,390x677,,,0,Kwestionariusz poczatkowy,11,CondWith,continue,TAK,1,,,,,,,,,,,,,,,,,,,,,,,,,,,,,,,,,,,,,,,,,,,,,,,,,,,,,,,,,,,,,,,,,info,,BEGIN,,,,,,,,,,,,,,,,,,,,,,,,,,,,,,,,,,,,,,,,,,,,,,,,,,,,,,,,,,,,,,,,,,,,,,,,,,,,,,,,,,,,,,,,,,,,,,,,,,,,,,,,,,,,,,,,,,,,,,,,,,,,,,,,,,,,,,,,,,,,,,,,,,,,,,,,,,,,,,,,,,,,,,,,,,,,,,,,,,,,,,,,,,,,,,,,,,,,,,,
1,1785188397197,27/07/2026 21:39:57,1785188397197,2,27/07/2026 23:39:57,273725,7,questionnaire-u8vu,,57439260,BLINDED,16417861,,complete,,,mobile,Apple iPhone,iOS 26.5.2,Facebook 571.0.0.18.106,390x844,390x677,,,0,Informacja do badania,4,CondWith,continue,,,,,,,,,,,,,,,,,,,,,,,,,,,,,,,,,,,,,,,,,,,,,,,,,,,,,,,,,,,,,,,,,,,info,,BEGIN,,,,,,,,,,,,,,,,,,,,,,,,,,,,,,,,,,,,,,,,,,,,,,,,,,,,,,,,,,,,,,,,,,,,,,,,,,,,,,,,,,,,,,,,,,,,,,,,,,,,,,,,,,,,,,,,,,,,,,,,,,,,,,,,,,,,,,,,,,,,,,,,,,,,,,,,,,,,,,,,,,,,,,,,,,,,,,,,,,,,,,,,,,,,,,,,,,,,,,,
1,1785188423975,27/07/2026 21:40:23,1785188423975,2,27/07/2026 23:40:23,273725,7,questionnaire-84x1,,57439267,BLINDED,16417861,,complete,,,mobile,Apple iPhone,iOS 26.5.2,Facebook 571.0.0.18.106,390x844,390x677,,,0,2 CondWith version,5,CondWith,continue,,,,,,,,,,,,,,,,,,,,,,,,,,,,,,,,,,,,,,,,,,,,,,,,,,,,,,,,,,,,,,,,,,,info,,BEGIN,,,,,,,,,,,,,,,,,,,,7,7,7,7,7,7,7,7,7,7,7,7,7,7,7,7,7,7,7,7,2,2,2,2,4,4,5,5,3,3,3,3,3,3,4,4,3,3,3,3,2,2,2,2,2,2,1,1,1,1,1,1,2,2,2,2,1,1,1,1,,,,,,,,,,,,,,,,,,,,,,,,,,,,,,,,,,,,,,,,,,,,,,,,,,,,,,,,,,,,,,,,,,,,,,,,,,,,,,,,,,,,,,,,,,,,,,,,,,,,,,,,,,,,,,,,,,,,,,,,
1,1785188654443,27/07/2026 21:44:14,1785188654443,2,27/07/2026 23:44:14,273725,7,questionnaire-knkh,,57439313,BLINDED,16417861,,complete,,,mobile,Apple iPhone,iOS 26.5.2,Facebook 571.0.0.18.106,390x844,390x677,,,0,WithKontrolne,2,CondWith,continue,,,,,,,,,,,,,,,,,,,,,,,,,,,,,,,,,,,,,,,,,,,,,,,,,,,,,,,,,,,,,,,,,,,info,,BEGIN,,,,,,,,,TAK,1,,,,,,,,,,,,,,,,,,,,,,,,,,,,,,,,,,,,,,,,,,,,,,,,,,,,,,,,,,,,,,,,,,,,,,,,,,,,,,,,,,,,,,,,,,,,,,,,,,,,,,,,,,,,,,,,,,,,,,,,,,,,,,,,,,,,,,,,,,,,,,,,,,,,,,,,,,,,,,,,,,,,,,,,,,,,,,,,,,,,,,,,,,,,,
1,1785188667298,27/07/2026 21:44:27,1785188667298,2,27/07/2026 23:44:27,273725,7,questionnaire-whir,,57439320,BLINDED,16417861,,complete,,,mobile,Apple iPhone,iOS 26.5.2,Facebook 571.0.0.18.106,390x844,390x677,,,0,Pytania demograficzne,4,CondWith,continue,,,,,,,,,,,,,,,,,,,,,,,,,,,,,,,,,,,,,,,,,,,,,,,,,,,,,,,,,,,,,,,,,,,info,,BEGIN,,,,,,,,,,,Kobieta,2,20,w trakcie studiów,3,"Bardzo dobrze, język polski jest moim pierwszym językiem (językiem ojczystym)",1,1-2 semestry na studiach,2,,,,,,,,,,,,,,,,,,,,,,,,,,,,,,,,,,,,,,,,,,,,,,,,,,,,,,,,,,,,,,,,,,,,,,,,,,,,,,,,,,,,,,,,,,,,,,,,,,,,,,,,,,,,,,,,,,,,,,,,,,,,,,,,,,,,,,,,,,,,,,,,,,,,,,,,,,,,,,,,,,,,,,,,,,,,,,,,,,,,
1,1785408258239,30/07/2026 10:44:18,1785408258239,2,30/07/2026 12:44:18,273725,7,questionnaire-2hmd,,57517174,BLINDED,16434289,,complete,,,computer,Desktop or Laptop,Windows 10,Chrome 150.0.0.0,1536x864,1536x695,,,0,Kwestionariusz poczatkowy,11,CondWith,continue,TAK,1,,,,,,,,,,,,,,,,,,,,,,,,,,,,,,,,,,,,,,,,,,,,,,,,,,,,,,,,,,,,,,,,,info,,BEGIN,,,,,,,,,,,,,,,,,,,,,,,,,,,,,,,,,,,,,,,,,,,,,,,,,,,,,,,,,,,,,,,,,,,,,,,,,,,,,,,,,,,,,,,,,,,,,,,,,,,,,,,,,,,,,,,,,,,,,,,,,,,,,,,,,,,,,,,,,,,,,,,,,,,,,,,,,,,,,,,,,,,,,,,,,,,,,,,,,,,,,,,,,,,,,,,,,,,,,,,
1,1785408277979,30/07/2026 10:44:37,1785408277979,2,30/07/2026 12:44:37,273725,7,questionnaire-u8vu,,57517185,BLINDED,16434289,,complete,,,computer,Desktop or Laptop,Windows 10,Chrome 150.0.0.0,1536x864,1536x695,,,0,Informacja do badania,4,CondWith,continue,,,,,,,,,,,,,,,,,,,,,,,,,,,,,,,,,,,,,,,,,,,,,,,,,,,,,,,,,,,,,,,,,,,info,,BEGIN,,,,,,,,,,,,,,,,,,,,,,,,,,,,,,,,,,,,,,,,,,,,,,,,,,,,,,,,,,,,,,,,,,,,,,,,,,,,,,,,,,,,,,,,,,,,,,,,,,,,,,,,,,,,,,,,,,,,,,,,,,,,,,,,,,,,,,,,,,,,,,,,,,,,,,,,,,,,,,,,,,,,,,,,,,,,,,,,,,,,,,,,,,,,,,,,,,,,,,,
1,1785408308189,30/07/2026 10:45:08,1785408308189,2,30/07/2026 12:45:08,273725,7,questionnaire-84x1,,57517200,BLINDED,16434289,,complete,,,computer,Desktop or Laptop,Windows 10,Chrome 150.0.0.0,1536x864,1536x695,,,0,2 CondWith version,5,CondWith,continue,,,,,,,,,,,,,,,,,,,,,,,,,,,,,,,,,,,,,,,,,,,,,,,,,,,,,,,,,,,,,,,,,,,info,,BEGIN,,,,,,,,,,,,,,,,,,,,7,7,5,5,7,7,5,5,7,7,6,6,7,7,3,3,6,6,5,5,4,4,4,4,3,3,4,4,2,2,2,2,2,2,3,3,3,3,5,5,1,1,2,2,1,1,1,1,1,1,1,1,1,1,1,1,2,2,2,2,,,,,,,,,,,,,,,,,,,,,,,,,,,,,,,,,,,,,,,,,,,,,,,,,,,,,,,,,,,,,,,,,,,,,,,,,,,,,,,,,,,,,,,,,,,,,,,,,,,,,,,,,,,,,,,,,,,,,,,,
1,1785408739362,30/07/2026 10:52:19,1785408739362,2,30/07/2026 12:52:19,273725,7,questionnaire-knkh,,57517324,BLINDED,16434289,,complete,,,computer,Desktop or Laptop,Windows 10,Chrome 150.0.0.0,1536x864,1536x695,,,0,WithKontrolne,2,CondWith,continue,,,,,,,,,,,,,,,,,,,,,,,,,,,,,,,,,,,,,,,,,,,,,,,,,,,,,,,,,,,,,,,,,,,info,,BEGIN,,,,,,,,,TAK,1,,,,,,,,,,,,,,,,,,,,,,,,,,,,,,,,,,,,,,,,,,,,,,,,,,,,,,,,,,,,,,,,,,,,,,,,,,,,,,,,,,,,,,,,,,,,,,,,,,,,,,,,,,,,,,,,,,,,,,,,,,,,,,,,,,,,,,,,,,,,,,,,,,,,,,,,,,,,,,,,,,,,,,,,,,,,,,,,,,,,,,,,,,,,,
1,1785408757414,30/07/2026 10:52:37,1785408757414,2,30/07/2026 12:52:37,273725,7,questionnaire-whir,,57517330,BLINDED,16434289,,complete,,,computer,Desktop or Laptop,Windows 10,Chrome 150.0.0.0,1536x864,1536x695,,,0,Pytania demograficzne,4,CondWith,continue,,,,,,,,,,,,,,,,,,,,,,,,,,,,,,,,,,,,,,,,,,,,,,,,,,,,,,,,,,,,,,,,,,,info,,BEGIN,,,,,,,,,,,Kobieta,2,23,w trakcie studiów,3,"Bardzo dobrze, język polski jest moim pierwszym językiem (językiem ojczystym)",1,Więcej niż dwa semestry logiki na studiach,1,,,,,,,,,,,,,,,,,,,,,,,,,,,,,,,,,,,,,,,,,,,,,,,,,,,,,,,,,,,,,,,,,,,,,,,,,,,,,,,,,,,,,,,,,,,,,,,,,,,,,,,,,,,,,,,,,,,,,,,,,,,,,,,,,,,,,,,,,,,,,,,,,,,,,,,,,,,,,,,,,,,,,,,,,,,,,,,,,,,,
END OF FILE,,,,,,,,,,,,,,,,,,,,,,,,,,,,,,,,,,,,,,,,,,,,,,,,,,,,,,,,,,,,,,,,,,,,,,,,,,,,,,,,,,,,,,,,,,,,,,,,,,,,,,,,,,,,,,,,,,,,,,,,,,,,,,,,,,,,,,,,,,,,,,,,,,,,,,,,,,,,,,,,,,,,,,,,,,,,,,,,,,,,,,,,,,,,,,,,,,,,,,,,,,,,,,,,,,,,,,,,,,,,,,,,,,,,,,,,,,,,,,,,,,,,,,,,,,,,,,,,,,,,,,,,,,,,,,,,,,,,,,,,,,,,,,,,,,,,,,,,,
